packet_size,protocol,ttl,flow_duration,total_packets,total_bytes,packets_per_second,bytes_per_second,avg_packet_size,min_packet_size,max_packet_size,packet_size_std,forward_packet_count,backward_packet_count,forward_bytes,backward_bytes,packet_direction_ratio,flow_symmetry_ratio,unique_src_ports,unique_dst_ports,ttl_mean,ttl_std,ip_fragment_count,tcp_syn_count,tcp_ack_count,tcp_fin_count,tcp_rst_count,tcp_psh_count,tcp_urg_count,tcp_flag_total,tcp_syn_ratio,tcp_ack_ratio,tcp_fin_ratio,tcp_rst_ratio,tcp_psh_ratio,tcp_urg_ratio,retransmission_estimate,packet_size_entropy,timing_entropy,burstiness_score,packet_rate_variance,byte_rate_variance,payload_variability_score,inter_arrival_mean,inter_arrival_std,flow_idle_time,flow_active_time,packet_size_randomization_score,timing_jitter_score,fragmentation_anomaly_score,ttl_randomization_score,tos_randomization_score,window_randomization_score,header_consistency_score,timing_irregularity_score,flow_uniformity_score,obf_size_randomized,obf_timing_jittered,obf_fragmented,obf_ttl_randomized,obf_tos_randomized,obf_window_randomized,obf_jitter_ms,obf_fragment_index,obf_total_fragments,label,label_binary,attack_family,scenario_id,obfuscation_applied,obfuscation_type,obfuscation_severity
58,6,113.0,0.0,1,0,0.0,0.0,0.0,58,58,0.0,1,0,0,0,1.0,0.0,1,1,113.0,0.0,0,1,0,0,0,0,0,1,1.0,0.0,0.0,0.0,0.0,0.0,0.0,0.0,0.0,0.0,0.0,0.0,0.0,0.0,0.0,0.0,0.0,0.03333333333333333,0.34264508023334195,0.0,1.0,1.0,1.0,0.0,0.34264508023334195,0.0,1,1,0,1,1,1,34.264508023334194,0.0,0.0,malicious,1,PartOfAHorizontalPortScan,CTU-IoT-Malware-Capture-1-1,1,combined,high
20,6,87.0,0.0,1,0,0.0,0.0,0.0,20,20,0.0,1,0,0,0,1.0,0.0,1,1,87.0,0.0,4,1,0,0,0,0,0,1,1.0,0.0,0.0,0.0,0.0,0.0,0.0,0.0,0.0,0.0,0.0,0.0,0.0,0.0,0.0,0.0,0.0,0.6666666666666666,0.873142228240472,1.0,1.0,1.0,1.0,0.0,0.873142228240472,0.0,1,1,1,1,1,1,87.3142228240472,4.0,5.0,malicious,1,PartOfAHorizontalPortScan,CTU-IoT-Malware-Capture-1-1,1,combined,high
40,17,0.0,0.0,1,0,0.0,0.0,0.0,40,40,0.0,1,0,0,0,1.0,0.0,1,1,0.0,0.0,0,1,0,0,0,0,0,1,1.0,0.0,0.0,0.0,0.0,0.0,0.0,0.0,0.0,0.0,0.0,0.0,0.0,0.0,0.0,0.0,0.0,0.0,0.0,0.0,0.0,0.0,0.0,1.0,0.0,1.0,0,0,0,0,0,0,0.0,0.0,0.0,benign,0,-,CTU-IoT-Malware-Capture-1-1,0,none,none
20,6,68.0,0.0,1,0,0.0,0.0,0.0,20,20,0.0,1,0,0,0,1.0,0.0,1,1,68.0,0.0,4,1,0,0,0,0,0,1,1.0,0.0,0.0,0.0,0.0,0.0,0.0,0.0,0.0,0.0,0.0,0.0,0.0,0.0,0.0,0.0,0.0,0.6666666666666666,0.8488581195814383,1.0,1.0,1.0,1.0,0.0,0.8488581195814383,0.0,1,1,1,1,1,1,84.88581195814383,4.0,5.0,malicious,1,PartOfAHorizontalPortScan,CTU-IoT-Malware-Capture-1-1,1,combined,high
20,6,111.0,0.0,1,0,0.0,0.0,0.0,20,20,0.0,1,0,0,0,1.0,0.0,1,1,111.0,0.0,2,1,0,0,0,0,0,1,1.0,0.0,0.0,0.0,0.0,0.0,0.0,0.0,0.0,0.0,0.0,0.0,0.0,0.0,0.0,0.0,0.0,0.6666666666666666,0.4336445856755429,0.5,1.0,1.0,1.0,0.0,0.4336445856755429,0.0,1,1,1,1,1,1,43.364458567554294,2.0,3.0,malicious,1,PartOfAHorizontalPortScan,CTU-IoT-Malware-Capture-1-1,1,combined,high
40,17,0.0,0.0,1,0,0.0,0.0,0.0,40,40,0.0,1,0,0,0,1.0,0.0,1,1,0.0,0.0,0,1,0,0,0,0,0,1,1.0,0.0,0.0,0.0,0.0,0.0,0.0,0.0,0.0,0.0,0.0,0.0,0.0,0.0,0.0,0.0,0.0,0.0,0.0,0.0,0.0,0.0,0.0,1.0,0.0,1.0,0,0,0,0,0,0,0.0,0.0,0.0,benign,0,-,CTU-IoT-Malware-Capture-1-1,0,none,none
40,17,0.0,0.0,1,0,0.0,0.0,0.0,40,40,0.0,1,0,0,0,1.0,0.0,1,1,0.0,0.0,0,1,0,0,0,0,0,1,1.0,0.0,0.0,0.0,0.0,0.0,0.0,0.0,0.0,0.0,0.0,0.0,0.0,0.0,0.0,0.0,0.0,0.0,0.0,0.0,0.0,0.0,0.0,1.0,0.0,1.0,0,0,0,0,0,0,0.0,0.0,0.0,benign,0,-,CTU-IoT-Malware-Capture-1-1,0,none,none
152,17,0.0,0.026467,2,96,75.56579891940908,3627.1583481316356,48.0,152,152,0.0,1,1,48,48,1.0,1.0,1,1,0.0,0.0,0,1,0,1,0,0,0,2,0.5,0.0,0.5,0.0,0.0,0.0,0.0,0.0,0.0,0.0,0.0,0.0,0.0,0.0,0.0,0.0,0.026467,0.0,0.0,0.0,0.0,0.0,0.0,1.0,0.0,1.0,0,0,0,0,0,0,0.0,0.0,0.0,benign,0,-,CTU-IoT-Malware-Capture-1-1,0,none,none
40,17,0.0,0.0,1,0,0.0,0.0,0.0,40,40,0.0,1,0,0,0,1.0,0.0,1,1,0.0,0.0,0,1,0,0,0,0,0,1,1.0,0.0,0.0,0.0,0.0,0.0,0.0,0.0,0.0,0.0,0.0,0.0,0.0,0.0,0.0,0.0,0.0,0.0,0.0,0.0,0.0,0.0,0.0,1.0,0.0,1.0,0,0,0,0,0,0,0.0,0.0,0.0,benign,0,-,CTU-IoT-Malware-Capture-1-1,0,none,none
20,6,62.0,0.0,1,0,0.0,0.0,0.0,20,20,0.0,1,0,0,0,1.0,0.0,1,1,62.0,0.0,2,1,0,0,0,0,0,1,1.0,0.0,0.0,0.0,0.0,0.0,0.0,0.0,0.0,0.0,0.0,0.0,0.0,0.0,0.0,0.0,0.0,0.6666666666666666,1.0,0.5,1.0,1.0,1.0,0.0,1.0,0.0,1,1,1,1,1,1,100.0,2.0,3.0,malicious,1,PartOfAHorizontalPortScan,CTU-IoT-Malware-Capture-1-1,1,combined,high
40,17,0.0,0.0,1,0,0.0,0.0,0.0,40,40,0.0,1,0,0,0,1.0,0.0,1,1,0.0,0.0,0,1,0,0,0,0,0,1,1.0,0.0,0.0,0.0,0.0,0.0,0.0,0.0,0.0,0.0,0.0,0.0,0.0,0.0,0.0,0.0,0.0,0.0,0.0,0.0,0.0,0.0,0.0,1.0,0.0,1.0,0,0,0,0,0,0,0.0,0.0,0.0,benign,0,-,CTU-IoT-Malware-Capture-1-1,0,none,none
40,17,0.0,0.0,1,0,0.0,0.0,0.0,40,40,0.0,1,0,0,0,1.0,0.0,1,1,0.0,0.0,0,1,0,0,0,0,0,1,1.0,0.0,0.0,0.0,0.0,0.0,0.0,0.0,0.0,0.0,0.0,0.0,0.0,0.0,0.0,0.0,0.0,0.0,0.0,0.0,0.0,0.0,0.0,1.0,0.0,1.0,0,0,0,0,0,0,0.0,0.0,0.0,benign,0,-,CTU-IoT-Malware-Capture-1-1,0,none,none
40,17,0.0,0.0,1,0,0.0,0.0,0.0,40,40,0.0,1,0,0,0,1.0,0.0,1,1,0.0,0.0,0,1,0,0,0,0,0,1,1.0,0.0,0.0,0.0,0.0,0.0,0.0,0.0,0.0,0.0,0.0,0.0,0.0,0.0,0.0,0.0,0.0,0.0,0.0,0.0,0.0,0.0,0.0,1.0,0.0,1.0,0,0,0,0,0,0,0.0,0.0,0.0,benign,0,-,CTU-IoT-Malware-Capture-1-1,0,none,none
20,6,42.0,0.0,1,0,0.0,0.0,0.0,20,20,0.0,1,0,0,0,1.0,0.0,1,1,42.0,0.0,4,1,0,0,0,0,0,1,1.0,0.0,0.0,0.0,0.0,0.0,0.0,0.0,0.0,0.0,0.0,0.0,0.0,0.0,0.0,0.0,0.0,0.6666666666666666,1.0,1.0,1.0,1.0,1.0,0.0,1.0,0.0,1,1,1,1,1,1,100.0,4.0,5.0,malicious,1,PartOfAHorizontalPortScan,CTU-IoT-Malware-Capture-1-1,1,combined,high
40,6,100.0,0.0,1,0,0.0,0.0,0.0,40,40,0.0,1,0,0,0,1.0,0.0,1,1,100.0,0.0,1,1,0,0,0,0,0,1,1.0,0.0,0.0,0.0,0.0,0.0,0.0,0.0,0.0,0.0,0.0,0.0,0.0,0.0,0.0,0.0,0.0,0.3333333333333333,0.7847649569165164,0.25,1.0,1.0,1.0,0.0,0.7847649569165164,0.0,1,1,1,1,1,1,78.47649569165164,1.0,2.0,malicious,1,PartOfAHorizontalPortScan,CTU-IoT-Malware-Capture-1-1,1,combined,high
40,17,0.0,0.0,1,0,0.0,0.0,0.0,40,40,0.0,1,0,0,0,1.0,0.0,1,1,0.0,0.0,0,1,0,0,0,0,0,1,1.0,0.0,0.0,0.0,0.0,0.0,0.0,0.0,0.0,0.0,0.0,0.0,0.0,0.0,0.0,0.0,0.0,0.0,0.0,0.0,0.0,0.0,0.0,1.0,0.0,1.0,0,0,0,0,0,0,0.0,0.0,0.0,benign,0,-,CTU-IoT-Malware-Capture-1-1,0,none,none
40,17,0.0,0.0,1,0,0.0,0.0,0.0,40,40,0.0,1,0,0,0,1.0,0.0,1,1,0.0,0.0,0,1,0,0,0,0,0,1,1.0,0.0,0.0,0.0,0.0,0.0,0.0,0.0,0.0,0.0,0.0,0.0,0.0,0.0,0.0,0.0,0.0,0.0,0.0,0.0,0.0,0.0,0.0,1.0,0.0,1.0,0,0,0,0,0,0,0.0,0.0,0.0,benign,0,-,CTU-IoT-Malware-Capture-1-1,0,none,none
68,1,0.0,0.0,1,0,0.0,0.0,0.0,68,68,0.0,1,0,0,0,1.0,0.0,1,1,0.0,0.0,0,0,0,0,0,0,0,0,0.0,0.0,0.0,0.0,0.0,0.0,0.0,0.0,0.0,0.0,0.0,0.0,0.0,0.0,0.0,0.0,0.0,0.0,0.0,0.0,0.0,0.0,0.0,1.0,0.0,1.0,0,0,0,0,0,0,0.0,0.0,0.0,benign,0,-,CTU-IoT-Malware-Capture-1-1,0,none,none
40,17,0.0,0.0,1,0,0.0,0.0,0.0,40,40,0.0,1,0,0,0,1.0,0.0,1,1,0.0,0.0,0,1,0,0,0,0,0,1,1.0,0.0,0.0,0.0,0.0,0.0,0.0,0.0,0.0,0.0,0.0,0.0,0.0,0.0,0.0,0.0,0.0,0.0,0.0,0.0,0.0,0.0,0.0,1.0,0.0,1.0,0,0,0,0,0,0,0.0,0.0,0.0,benign,0,-,CTU-IoT-Malware-Capture-1-1,0,none,none
68,6,43.0,0.0,1,0,0.0,0.0,0.0,68,68,0.0,1,0,0,0,1.0,0.0,1,1,43.0,0.0,0,1,0,0,0,0,0,1,1.0,0.0,0.0,0.0,0.0,0.0,0.0,0.0,0.0,0.0,0.0,0.0,0.0,0.0,0.0,0.0,0.0,0.13333333333333333,0.21825676783128198,0.0,1.0,1.0,1.0,0.0,0.21825676783128198,0.0,1,1,0,1,1,1,21.8256767831282,0.0,0.0,malicious,1,PartOfAHorizontalPortScan,CTU-IoT-Malware-Capture-1-1,1,combined,high
180,6,0.0,2.998812,3,0,1.0003961568781237,0.0,0.0,180,180,0.0,3,0,0,0,3.0,0.0,1,1,0.0,0.0,0,1,0,0,0,0,0,1,1.0,0.0,0.0,0.0,0.0,0.0,0.0,0.0,0.0,0.0,0.0,0.0,0.0,0.0,0.0,0.0,2.998812,0.0,0.0,0.0,0.0,0.0,0.0,1.0,0.0,1.0,0,0,0,0,0,0,0.0,0.0,0.0,benign,0,-,CTU-IoT-Malware-Capture-1-1,0,none,none
62,6,89.0,0.0,1,0,0.0,0.0,0.0,62,62,0.0,1,0,0,0,1.0,0.0,1,1,89.0,0.0,0,1,0,0,0,0,0,1,1.0,0.0,0.0,0.0,0.0,0.0,0.0,0.0,0.0,0.0,0.0,0.0,0.0,0.0,0.0,0.0,0.0,0.03333333333333333,0.6921518473862187,0.0,1.0,1.0,1.0,0.0,0.6921518473862187,0.0,1,1,0,1,1,1,69.21518473862187,0.0,0.0,malicious,1,PartOfAHorizontalPortScan,CTU-IoT-Malware-Capture-1-1,1,combined,high
20,6,67.0,0.0,1,0,0.0,0.0,0.0,20,20,0.0,1,0,0,0,1.0,0.0,1,1,67.0,0.0,2,1,0,0,0,0,0,1,1.0,0.0,0.0,0.0,0.0,0.0,0.0,0.0,0.0,0.0,0.0,0.0,0.0,0.0,0.0,0.0,0.0,0.6666666666666666,0.12220778468824388,0.5,1.0,1.0,1.0,0.0,0.12220778468824388,0.0,1,1,1,1,1,1,12.220778468824388,2.0,3.0,malicious,1,PartOfAHorizontalPortScan,CTU-IoT-Malware-Capture-1-1,1,combined,high
45,6,66.0,0.0,1,0,0.0,0.0,0.0,45,45,0.0,1,0,0,0,1.0,0.0,1,1,66.0,0.0,0,1,0,0,0,0,0,1,1.0,0.0,0.0,0.0,0.0,0.0,0.0,0.0,0.0,0.0,0.0,0.0,0.0,0.0,0.0,0.0,0.0,0.25,0.3313412959044064,0.0,1.0,1.0,1.0,0.0,0.3313412959044064,0.0,1,1,0,1,1,1,33.134129590440644,0.0,0.0,malicious,1,PartOfAHorizontalPortScan,CTU-IoT-Malware-Capture-1-1,1,combined,high
180,6,0.0,2.999077,3,0,1.0003077613545768,0.0,0.0,180,180,0.0,3,0,0,0,3.0,0.0,1,1,0.0,0.0,0,1,0,0,0,0,0,1,1.0,0.0,0.0,0.0,0.0,0.0,0.0,0.0,0.0,0.0,0.0,0.0,0.0,0.0,0.0,0.0,2.999077,0.0,0.0,0.0,0.0,0.0,0.0,1.0,0.0,1.0,0,0,0,0,0,0,0.0,0.0,0.0,benign,0,-,CTU-IoT-Malware-Capture-1-1,0,none,none
20,6,35.0,0.0,1,0,0.0,0.0,0.0,20,20,0.0,1,0,0,0,1.0,0.0,1,1,35.0,0.0,3,1,0,0,0,0,0,1,1.0,0.0,0.0,0.0,0.0,0.0,0.0,0.0,0.0,0.0,0.0,0.0,0.0,0.0,0.0,0.0,0.0,0.6666666666666666,0.06862396585520114,0.75,1.0,1.0,1.0,0.0,0.06862396585520114,0.0,1,1,1,1,1,1,6.862396585520114,3.0,4.0,malicious,1,PartOfAHorizontalPortScan,CTU-IoT-Malware-Capture-1-1,1,combined,high
40,17,0.0,0.0,1,0,0.0,0.0,0.0,40,40,0.0,1,0,0,0,1.0,0.0,1,1,0.0,0.0,0,1,0,0,0,0,0,1,1.0,0.0,0.0,0.0,0.0,0.0,0.0,0.0,0.0,0.0,0.0,0.0,0.0,0.0,0.0,0.0,0.0,0.0,0.0,0.0,0.0,0.0,0.0,1.0,0.0,1.0,0,0,0,0,0,0,0.0,0.0,0.0,benign,0,-,CTU-IoT-Malware-Capture-1-1,0,none,none
40,17,0.0,0.0,1,0,0.0,0.0,0.0,40,40,0.0,1,0,0,0,1.0,0.0,1,1,0.0,0.0,0,1,0,0,0,0,0,1,1.0,0.0,0.0,0.0,0.0,0.0,0.0,0.0,0.0,0.0,0.0,0.0,0.0,0.0,0.0,0.0,0.0,0.0,0.0,0.0,0.0,0.0,0.0,1.0,0.0,1.0,0,0,0,0,0,0,0.0,0.0,0.0,benign,0,-,CTU-IoT-Malware-Capture-1-1,0,none,none
20,6,80.0,0.0,1,0,0.0,0.0,0.0,20,20,0.0,1,0,0,0,1.0,0.0,1,1,80.0,0.0,4,1,0,0,0,0,0,1,1.0,0.0,0.0,0.0,0.0,0.0,0.0,0.0,0.0,0.0,0.0,0.0,0.0,0.0,0.0,0.0,0.0,0.6666666666666666,0.4425030715333547,1.0,1.0,1.0,1.0,0.0,0.4425030715333547,0.0,1,1,1,1,1,1,44.25030715333547,4.0,5.0,malicious,1,PartOfAHorizontalPortScan,CTU-IoT-Malware-Capture-1-1,1,combined,high
164,6,69.0,2.999055,3,0,1.0003150992562657,0.0,0.0,164,164,0.0,3,0,0,0,3.0,0.0,1,1,69.0,0.0,0,1,0,0,0,0,0,1,1.0,0.0,0.0,0.0,0.0,0.0,0.0,0.0,0.0,0.0,0.0,0.0,0.0,0.0,0.0,0.0,2.999055,0.08888888888888889,0.5777913822652775,0.0,1.0,1.0,1.0,0.0,0.5777913822652775,0.0,1,1,0,1,1,1,57.77913822652775,0.0,0.0,malicious,1,PartOfAHorizontalPortScan,CTU-IoT-Malware-Capture-1-1,1,combined,high
34,6,90.0,0.0,1,0,0.0,0.0,0.0,34,34,0.0,1,0,0,0,1.0,0.0,1,1,90.0,0.0,1,1,0,0,0,0,0,1,1.0,0.0,0.0,0.0,0.0,0.0,0.0,0.0,0.0,0.0,0.0,0.0,0.0,0.0,0.0,0.0,0.0,0.43333333333333335,0.6707882572760222,0.25,1.0,1.0,1.0,0.0,0.6707882572760222,0.0,1,1,1,1,1,1,67.07882572760222,1.0,2.0,malicious,1,PartOfAHorizontalPortScan,CTU-IoT-Malware-Capture-1-1,1,combined,high
26,6,111.0,0.0,1,0,0.0,0.0,0.0,26,26,0.0,1,0,0,0,1.0,0.0,1,1,111.0,0.0,1,1,0,0,0,0,0,1,1.0,0.0,0.0,0.0,0.0,0.0,0.0,0.0,0.0,0.0,0.0,0.0,0.0,0.0,0.0,0.0,0.0,0.5666666666666667,0.08902857841512281,0.25,1.0,1.0,1.0,0.0,0.08902857841512281,0.0,1,1,1,1,1,1,8.902857841512281,1.0,2.0,malicious,1,PartOfAHorizontalPortScan,CTU-IoT-Malware-Capture-1-1,1,combined,high
40,17,0.0,0.0,1,0,0.0,0.0,0.0,40,40,0.0,1,0,0,0,1.0,0.0,1,1,0.0,0.0,0,1,0,0,0,0,0,1,1.0,0.0,0.0,0.0,0.0,0.0,0.0,0.0,0.0,0.0,0.0,0.0,0.0,0.0,0.0,0.0,0.0,0.0,0.0,0.0,0.0,0.0,0.0,1.0,0.0,1.0,0,0,0,0,0,0,0.0,0.0,0.0,benign,0,-,CTU-IoT-Malware-Capture-1-1,0,none,none
40,17,0.0,0.0,1,0,0.0,0.0,0.0,40,40,0.0,1,0,0,0,1.0,0.0,1,1,0.0,0.0,0,1,0,0,0,0,0,1,1.0,0.0,0.0,0.0,0.0,0.0,0.0,0.0,0.0,0.0,0.0,0.0,0.0,0.0,0.0,0.0,0.0,0.0,0.0,0.0,0.0,0.0,0.0,1.0,0.0,1.0,0,0,0,0,0,0,0.0,0.0,0.0,benign,0,-,CTU-IoT-Malware-Capture-1-1,0,none,none
26,6,76.0,0.0,1,0,0.0,0.0,0.0,26,26,0.0,1,0,0,0,1.0,0.0,1,1,76.0,0.0,1,1,0,0,0,0,0,1,1.0,0.0,0.0,0.0,0.0,0.0,0.0,0.0,0.0,0.0,0.0,0.0,0.0,0.0,0.0,0.0,0.0,0.5666666666666667,0.758127482929586,0.25,1.0,1.0,1.0,0.0,0.758127482929586,0.0,1,1,1,1,1,1,75.8127482929586,1.0,2.0,malicious,1,PartOfAHorizontalPortScan,CTU-IoT-Malware-Capture-1-1,1,combined,high
68,1,0.0,0.0,1,0,0.0,0.0,0.0,68,68,0.0,1,0,0,0,1.0,0.0,1,1,0.0,0.0,0,0,0,0,0,0,0,0,0.0,0.0,0.0,0.0,0.0,0.0,0.0,0.0,0.0,0.0,0.0,0.0,0.0,0.0,0.0,0.0,0.0,0.0,0.0,0.0,0.0,0.0,0.0,1.0,0.0,1.0,0,0,0,0,0,0,0.0,0.0,0.0,benign,0,-,CTU-IoT-Malware-Capture-1-1,0,none,none
41,6,36.0,2.999309,3,0,1.0002303863990007,0.0,0.0,41,41,0.0,3,0,0,0,3.0,0.0,1,1,36.0,0.0,4,1,0,0,0,0,0,1,1.0,0.0,0.0,0.0,0.0,0.0,0.0,0.0,0.0,0.0,0.0,0.0,0.0,0.0,0.0,0.0,2.999309,0.7722222222222223,0.24115760309481157,1.0,1.0,1.0,1.0,0.0,0.24115760309481157,0.0,1,1,1,1,1,1,24.115760309481157,4.0,5.0,malicious,1,PartOfAHorizontalPortScan,CTU-IoT-Malware-Capture-1-1,1,combined,high
189,6,101.0,2.998814,3,0,1.0003954896835883,0.0,0.0,189,189,0.0,3,0,0,0,3.0,0.0,1,1,101.0,0.0,0,1,0,0,0,0,0,1,1.0,0.0,0.0,0.0,0.0,0.0,0.0,0.0,0.0,0.0,0.0,0.0,0.0,0.0,0.0,0.0,2.998814,0.05,0.1137157853988466,0.0,1.0,1.0,1.0,0.0,0.1137157853988466,0.0,1,1,0,1,1,1,11.37157853988466,0.0,0.0,malicious,1,PartOfAHorizontalPortScan,CTU-IoT-Malware-Capture-1-1,1,combined,high
20,6,94.0,0.0,1,0,0.0,0.0,0.0,20,20,0.0,1,0,0,0,1.0,0.0,1,1,94.0,0.0,4,1,0,0,0,0,0,1,1.0,0.0,0.0,0.0,0.0,0.0,0.0,0.0,0.0,0.0,0.0,0.0,0.0,0.0,0.0,0.0,0.0,0.6666666666666666,0.038849279084467156,1.0,1.0,1.0,1.0,0.0,0.038849279084467156,0.0,1,1,1,1,1,1,3.8849279084467154,4.0,5.0,malicious,1,PartOfAHorizontalPortScan,CTU-IoT-Malware-Capture-1-1,1,combined,high
20,6,83.0,0.0,1,0,0.0,0.0,0.0,20,20,0.0,1,0,0,0,1.0,0.0,1,1,83.0,0.0,4,1,0,0,0,0,0,1,1.0,0.0,0.0,0.0,0.0,0.0,0.0,0.0,0.0,0.0,0.0,0.0,0.0,0.0,0.0,0.0,0.0,0.6666666666666666,0.038849279084467156,1.0,1.0,1.0,1.0,0.0,0.038849279084467156,0.0,1,1,1,1,1,1,3.8849279084467154,4.0,5.0,malicious,1,PartOfAHorizontalPortScan,CTU-IoT-Malware-Capture-1-1,1,combined,high
40,17,0.0,0.0,1,0,0.0,0.0,0.0,40,40,0.0,1,0,0,0,1.0,0.0,1,1,0.0,0.0,0,1,0,0,0,0,0,1,1.0,0.0,0.0,0.0,0.0,0.0,0.0,0.0,0.0,0.0,0.0,0.0,0.0,0.0,0.0,0.0,0.0,0.0,0.0,0.0,0.0,0.0,0.0,1.0,0.0,1.0,0,0,0,0,0,0,0.0,0.0,0.0,benign,0,-,CTU-IoT-Malware-Capture-1-1,0,none,none
40,17,0.0,0.0,1,0,0.0,0.0,0.0,40,40,0.0,1,0,0,0,1.0,0.0,1,1,0.0,0.0,0,1,0,0,0,0,0,1,1.0,0.0,0.0,0.0,0.0,0.0,0.0,0.0,0.0,0.0,0.0,0.0,0.0,0.0,0.0,0.0,0.0,0.0,0.0,0.0,0.0,0.0,0.0,1.0,0.0,1.0,0,0,0,0,0,0,0.0,0.0,0.0,benign,0,-,CTU-IoT-Malware-Capture-1-1,0,none,none
73,6,102.0,0.0,1,0,0.0,0.0,0.0,73,73,0.0,1,0,0,0,1.0,0.0,1,1,102.0,0.0,0,1,0,0,0,0,0,1,1.0,0.0,0.0,0.0,0.0,0.0,0.0,0.0,0.0,0.0,0.0,0.0,0.0,0.0,0.0,0.0,0.0,0.21666666666666667,0.6755979768667011,0.0,1.0,1.0,1.0,0.0,0.6755979768667011,0.0,1,1,0,1,1,1,67.55979768667011,0.0,0.0,malicious,1,PartOfAHorizontalPortScan,CTU-IoT-Malware-Capture-1-1,1,combined,high
152,17,0.0,0.001232,2,96,1623.3766233766235,77922.07792207792,48.0,152,152,0.0,1,1,48,48,1.0,1.0,1,1,0.0,0.0,0,1,0,1,0,0,0,2,0.5,0.0,0.5,0.0,0.0,0.0,0.0,0.0,0.0,0.0,0.0,0.0,0.0,0.0,0.0,0.0,0.001232,0.0,0.0,0.0,0.0,0.0,0.0,1.0,0.0,1.0,0,0,0,0,0,0,0.0,0.0,0.0,benign,0,-,CTU-IoT-Malware-Capture-1-1,0,none,none
180,6,0.0,2.998808,3,0,1.0003974912698645,0.0,0.0,180,180,0.0,3,0,0,0,3.0,0.0,1,1,0.0,0.0,0,1,0,0,0,0,0,1,1.0,0.0,0.0,0.0,0.0,0.0,0.0,0.0,0.0,0.0,0.0,0.0,0.0,0.0,0.0,0.0,2.998808,0.0,0.0,0.0,0.0,0.0,0.0,1.0,0.0,1.0,0,0,0,0,0,0,0.0,0.0,0.0,benign,0,-,CTU-IoT-Malware-Capture-1-1,0,none,none
40,17,0.0,0.0,1,0,0.0,0.0,0.0,40,40,0.0,1,0,0,0,1.0,0.0,1,1,0.0,0.0,0,1,0,0,0,0,0,1,1.0,0.0,0.0,0.0,0.0,0.0,0.0,0.0,0.0,0.0,0.0,0.0,0.0,0.0,0.0,0.0,0.0,0.0,0.0,0.0,0.0,0.0,0.0,1.0,0.0,1.0,0,0,0,0,0,0,0.0,0.0,0.0,benign,0,-,CTU-IoT-Malware-Capture-1-1,0,none,none
40,17,0.0,0.0,1,0,0.0,0.0,0.0,40,40,0.0,1,0,0,0,1.0,0.0,1,1,0.0,0.0,0,1,0,0,0,0,0,1,1.0,0.0,0.0,0.0,0.0,0.0,0.0,0.0,0.0,0.0,0.0,0.0,0.0,0.0,0.0,0.0,0.0,0.0,0.0,0.0,0.0,0.0,0.0,1.0,0.0,1.0,0,0,0,0,0,0,0.0,0.0,0.0,benign,0,-,CTU-IoT-Malware-Capture-1-1,0,none,none
40,17,0.0,0.0,1,0,0.0,0.0,0.0,40,40,0.0,1,0,0,0,1.0,0.0,1,1,0.0,0.0,0,1,0,0,0,0,0,1,1.0,0.0,0.0,0.0,0.0,0.0,0.0,0.0,0.0,0.0,0.0,0.0,0.0,0.0,0.0,0.0,0.0,0.0,0.0,0.0,0.0,0.0,0.0,1.0,0.0,1.0,0,0,0,0,0,0,0.0,0.0,0.0,benign,0,-,CTU-IoT-Malware-Capture-1-1,0,none,none
55,6,86.0,0.0,1,0,0.0,0.0,0.0,55,55,0.0,1,0,0,0,1.0,0.0,1,1,86.0,0.0,0,1,0,0,0,0,0,1,1.0,0.0,0.0,0.0,0.0,0.0,0.0,0.0,0.0,0.0,0.0,0.0,0.0,0.0,0.0,0.0,0.0,0.08333333333333333,0.08231980251691225,0.0,1.0,1.0,1.0,0.0,0.08231980251691225,0.0,1,1,0,1,1,1,8.231980251691224,0.0,0.0,malicious,1,PartOfAHorizontalPortScan,CTU-IoT-Malware-Capture-1-1,1,combined,high
177,6,70.0,2.999066,3,0,1.0003114302919642,0.0,0.0,177,177,0.0,3,0,0,0,3.0,0.0,1,1,70.0,0.0,0,1,0,0,0,0,0,1,1.0,0.0,0.0,0.0,0.0,0.0,0.0,0.0,0.0,0.0,0.0,0.0,0.0,0.0,0.0,0.0,2.999066,0.016666666666666666,0.14648095397106367,0.0,1.0,1.0,1.0,0.0,0.14648095397106367,0.0,1,1,0,1,1,1,14.648095397106367,0.0,0.0,malicious,1,PartOfAHorizontalPortScan,CTU-IoT-Malware-Capture-1-1,1,combined,high
20,6,72.0,0.0,1,0,0.0,0.0,0.0,20,20,0.0,1,0,0,0,1.0,0.0,1,1,72.0,0.0,3,1,0,0,0,0,0,1,1.0,0.0,0.0,0.0,0.0,0.0,0.0,0.0,0.0,0.0,0.0,0.0,0.0,0.0,0.0,0.0,0.0,0.6666666666666666,0.32641169227858213,0.75,1.0,1.0,1.0,0.0,0.32641169227858213,0.0,1,1,1,1,1,1,32.641169227858214,3.0,4.0,malicious,1,PartOfAHorizontalPortScan,CTU-IoT-Malware-Capture-1-1,1,combined,high
40,17,0.0,0.0,1,0,0.0,0.0,0.0,40,40,0.0,1,0,0,0,1.0,0.0,1,1,0.0,0.0,0,1,0,0,0,0,0,1,1.0,0.0,0.0,0.0,0.0,0.0,0.0,0.0,0.0,0.0,0.0,0.0,0.0,0.0,0.0,0.0,0.0,0.0,0.0,0.0,0.0,0.0,0.0,1.0,0.0,1.0,0,0,0,0,0,0,0.0,0.0,0.0,benign,0,-,CTU-IoT-Malware-Capture-1-1,0,none,none
58,6,40.0,0.0,1,0,0.0,0.0,0.0,58,58,0.0,1,0,0,0,1.0,0.0,1,1,40.0,0.0,0,1,0,0,0,0,0,1,1.0,0.0,0.0,0.0,0.0,0.0,0.0,0.0,0.0,0.0,0.0,0.0,0.0,0.0,0.0,0.0,0.0,0.03333333333333333,0.106843067053452,0.0,1.0,1.0,1.0,0.0,0.106843067053452,0.0,1,1,0,1,1,1,10.6843067053452,0.0,0.0,malicious,1,PartOfAHorizontalPortScan,CTU-IoT-Malware-Capture-1-1,1,combined,high
40,17,0.0,0.0,1,0,0.0,0.0,0.0,40,40,0.0,1,0,0,0,1.0,0.0,1,1,0.0,0.0,0,1,0,0,0,0,0,1,1.0,0.0,0.0,0.0,0.0,0.0,0.0,0.0,0.0,0.0,0.0,0.0,0.0,0.0,0.0,0.0,0.0,0.0,0.0,0.0,0.0,0.0,0.0,1.0,0.0,1.0,0,0,0,0,0,0,0.0,0.0,0.0,benign,0,-,CTU-IoT-Malware-Capture-1-1,0,none,none
78,6,110.0,2.998814,3,0,1.0003954896835883,0.0,0.0,78,78,0.0,3,0,0,0,3.0,0.0,1,1,110.0,0.0,1,1,0,0,0,0,0,1,1.0,0.0,0.0,0.0,0.0,0.0,0.0,0.0,0.0,0.0,0.0,0.0,0.0,0.0,0.0,0.0,2.998814,0.5666666666666667,0.44215465748744864,0.25,1.0,1.0,1.0,0.0,0.44215465748744864,0.0,1,1,1,1,1,1,44.21546574874486,1.0,2.0,malicious,1,PartOfAHorizontalPortScan,CTU-IoT-Malware-Capture-1-1,1,combined,high
40,17,0.0,0.0,1,0,0.0,0.0,0.0,40,40,0.0,1,0,0,0,1.0,0.0,1,1,0.0,0.0,0,1,0,0,0,0,0,1,1.0,0.0,0.0,0.0,0.0,0.0,0.0,0.0,0.0,0.0,0.0,0.0,0.0,0.0,0.0,0.0,0.0,0.0,0.0,0.0,0.0,0.0,0.0,1.0,0.0,1.0,0,0,0,0,0,0,0.0,0.0,0.0,benign,0,-,CTU-IoT-Malware-Capture-1-1,0,none,none
40,17,0.0,0.0,1,0,0.0,0.0,0.0,40,40,0.0,1,0,0,0,1.0,0.0,1,1,0.0,0.0,0,1,0,0,0,0,0,1,1.0,0.0,0.0,0.0,0.0,0.0,0.0,0.0,0.0,0.0,0.0,0.0,0.0,0.0,0.0,0.0,0.0,0.0,0.0,0.0,0.0,0.0,0.0,1.0,0.0,1.0,0,0,0,0,0,0,0.0,0.0,0.0,benign,0,-,CTU-IoT-Malware-Capture-1-1,0,none,none
40,17,0.0,0.0,1,0,0.0,0.0,0.0,40,40,0.0,1,0,0,0,1.0,0.0,1,1,0.0,0.0,0,1,0,0,0,0,0,1,1.0,0.0,0.0,0.0,0.0,0.0,0.0,0.0,0.0,0.0,0.0,0.0,0.0,0.0,0.0,0.0,0.0,0.0,0.0,0.0,0.0,0.0,0.0,1.0,0.0,1.0,0,0,0,0,0,0,0.0,0.0,0.0,benign,0,-,CTU-IoT-Malware-Capture-1-1,0,none,none
40,17,0.0,0.0,1,0,0.0,0.0,0.0,40,40,0.0,1,0,0,0,1.0,0.0,1,1,0.0,0.0,0,1,0,0,0,0,0,1,1.0,0.0,0.0,0.0,0.0,0.0,0.0,0.0,0.0,0.0,0.0,0.0,0.0,0.0,0.0,0.0,0.0,0.0,0.0,0.0,0.0,0.0,0.0,1.0,0.0,1.0,0,0,0,0,0,0,0.0,0.0,0.0,benign,0,-,CTU-IoT-Malware-Capture-1-1,0,none,none
197,6,63.0,2.998824,3,0,1.00039215372426,0.0,0.0,197,197,0.0,3,0,0,0,3.0,0.0,1,1,63.0,0.0,0,1,0,0,0,0,0,1,1.0,0.0,0.0,0.0,0.0,0.0,0.0,0.0,0.0,0.0,0.0,0.0,0.0,0.0,0.0,0.0,2.998824,0.09444444444444444,0.0846707001491933,0.0,1.0,1.0,1.0,0.0,0.0846707001491933,0.0,1,1,0,1,1,1,8.46707001491933,0.0,0.0,malicious,1,PartOfAHorizontalPortScan,CTU-IoT-Malware-Capture-1-1,1,combined,high
152,17,0.0,0.014733,2,96,135.74967759451573,6515.984524536754,48.0,152,152,0.0,1,1,48,48,1.0,1.0,1,1,0.0,0.0,0,1,0,1,0,0,0,2,0.5,0.0,0.5,0.0,0.0,0.0,0.0,0.0,0.0,0.0,0.0,0.0,0.0,0.0,0.0,0.0,0.014733,0.0,0.0,0.0,0.0,0.0,0.0,1.0,0.0,1.0,0,0,0,0,0,0,0.0,0.0,0.0,benign,0,-,CTU-IoT-Malware-Capture-1-1,0,none,none
40,17,0.0,0.0,1,0,0.0,0.0,0.0,40,40,0.0,1,0,0,0,1.0,0.0,1,1,0.0,0.0,0,1,0,0,0,0,0,1,1.0,0.0,0.0,0.0,0.0,0.0,0.0,0.0,0.0,0.0,0.0,0.0,0.0,0.0,0.0,0.0,0.0,0.0,0.0,0.0,0.0,0.0,0.0,1.0,0.0,1.0,0,0,0,0,0,0,0.0,0.0,0.0,benign,0,-,CTU-IoT-Malware-Capture-1-1,0,none,none
20,6,97.0,0.0,1,0,0.0,0.0,0.0,20,20,0.0,1,0,0,0,1.0,0.0,1,1,97.0,0.0,4,1,0,0,0,0,0,1,1.0,0.0,0.0,0.0,0.0,0.0,0.0,0.0,0.0,0.0,0.0,0.0,0.0,0.0,0.0,0.0,0.0,0.6666666666666666,0.873142228240472,1.0,1.0,1.0,1.0,0.0,0.873142228240472,0.0,1,1,1,1,1,1,87.3142228240472,4.0,5.0,malicious,1,PartOfAHorizontalPortScan,CTU-IoT-Malware-Capture-1-1,1,combined,high
40,17,0.0,0.0,1,0,0.0,0.0,0.0,40,40,0.0,1,0,0,0,1.0,0.0,1,1,0.0,0.0,0,1,0,0,0,0,0,1,1.0,0.0,0.0,0.0,0.0,0.0,0.0,0.0,0.0,0.0,0.0,0.0,0.0,0.0,0.0,0.0,0.0,0.0,0.0,0.0,0.0,0.0,0.0,1.0,0.0,1.0,0,0,0,0,0,0,0.0,0.0,0.0,benign,0,-,CTU-IoT-Malware-Capture-1-1,0,none,none
20,6,88.0,0.0,1,0,0.0,0.0,0.0,20,20,0.0,1,0,0,0,1.0,0.0,1,1,88.0,0.0,2,1,0,0,0,0,0,1,1.0,0.0,0.0,0.0,0.0,0.0,0.0,0.0,0.0,0.0,0.0,0.0,0.0,0.0,0.0,0.0,0.0,0.6666666666666666,0.3695170509744539,0.5,1.0,1.0,1.0,0.0,0.3695170509744539,0.0,1,1,1,1,1,1,36.95170509744539,2.0,3.0,malicious,1,PartOfAHorizontalPortScan,CTU-IoT-Malware-Capture-1-1,1,combined,high
40,17,0.0,0.0,1,0,0.0,0.0,0.0,40,40,0.0,1,0,0,0,1.0,0.0,1,1,0.0,0.0,0,1,0,0,0,0,0,1,1.0,0.0,0.0,0.0,0.0,0.0,0.0,0.0,0.0,0.0,0.0,0.0,0.0,0.0,0.0,0.0,0.0,0.0,0.0,0.0,0.0,0.0,0.0,1.0,0.0,1.0,0,0,0,0,0,0,0.0,0.0,0.0,benign,0,-,CTU-IoT-Malware-Capture-1-1,0,none,none
68,1,0.0,0.0,1,0,0.0,0.0,0.0,68,68,0.0,1,0,0,0,1.0,0.0,1,1,0.0,0.0,0,0,0,0,0,0,0,0,0.0,0.0,0.0,0.0,0.0,0.0,0.0,0.0,0.0,0.0,0.0,0.0,0.0,0.0,0.0,0.0,0.0,0.0,0.0,0.0,0.0,0.0,0.0,1.0,0.0,1.0,0,0,0,0,0,0,0.0,0.0,0.0,benign,0,-,CTU-IoT-Malware-Capture-1-1,0,none,none
67,6,51.0,0.0,1,0,0.0,0.0,0.0,67,67,0.0,1,0,0,0,1.0,0.0,1,1,51.0,0.0,0,1,0,0,0,0,0,1,1.0,0.0,0.0,0.0,0.0,0.0,0.0,0.0,0.0,0.0,0.0,0.0,0.0,0.0,0.0,0.0,0.0,0.11666666666666667,0.09610480075176492,0.0,1.0,1.0,1.0,0.0,0.09610480075176492,0.0,1,1,0,1,1,1,9.610480075176492,0.0,0.0,malicious,1,PartOfAHorizontalPortScan,CTU-IoT-Malware-Capture-1-1,1,combined,high
56,1,0.0,0.0,1,0,0.0,0.0,0.0,56,56,0.0,1,0,0,0,1.0,0.0,1,0,0.0,0.0,0,0,0,0,0,0,0,0,0.0,0.0,0.0,0.0,0.0,0.0,0.0,0.0,0.0,0.0,0.0,0.0,0.0,0.0,0.0,0.0,0.0,0.0,0.0,0.0,0.0,0.0,0.0,1.0,0.0,1.0,0,0,0,0,0,0,0.0,0.0,0.0,benign,0,-,CTU-IoT-Malware-Capture-1-1,0,none,none
66,6,43.0,0.0,1,0,0.0,0.0,0.0,66,66,0.0,1,0,0,0,1.0,0.0,1,1,43.0,0.0,0,1,0,0,0,0,0,1,1.0,0.0,0.0,0.0,0.0,0.0,0.0,0.0,0.0,0.0,0.0,0.0,0.0,0.0,0.0,0.0,0.0,0.1,0.5578025973343007,0.0,1.0,1.0,1.0,0.0,0.5578025973343007,0.0,1,1,0,1,1,1,55.78025973343007,0.0,0.0,malicious,1,PartOfAHorizontalPortScan,CTU-IoT-Malware-Capture-1-1,1,combined,high
78,6,106.0,2.998814,3,0,1.0003954896835883,0.0,0.0,78,78,0.0,3,0,0,0,3.0,0.0,1,1,106.0,0.0,1,1,0,0,0,0,0,1,1.0,0.0,0.0,0.0,0.0,0.0,0.0,0.0,0.0,0.0,0.0,0.0,0.0,0.0,0.0,0.0,2.998814,0.5666666666666667,0.44215465748744864,0.25,1.0,1.0,1.0,0.0,0.44215465748744864,0.0,1,1,1,1,1,1,44.21546574874486,1.0,2.0,malicious,1,PartOfAHorizontalPortScan,CTU-IoT-Malware-Capture-1-1,1,combined,high
45,6,114.0,0.181649,2,0,11.010245033003208,0.0,0.0,45,45,0.0,1,1,0,0,1.0,0.0,1,1,114.0,0.0,1,0,0,0,1,0,0,1,0.0,0.0,0.0,1.0,0.0,0.0,0.0,0.0,0.0,0.0,0.0,0.0,0.0,0.0,0.0,0.0,0.181649,0.55,0.19749934562521246,0.25,1.0,1.0,1.0,0.0,0.19749934562521246,0.0,1,1,1,1,1,1,19.749934562521247,1.0,2.0,malicious,1,PartOfAHorizontalPortScan,CTU-IoT-Malware-Capture-1-1,1,combined,high
59,6,76.0,0.0,1,0,0.0,0.0,0.0,59,59,0.0,1,0,0,0,1.0,0.0,1,1,76.0,0.0,0,1,0,0,0,0,0,1,1.0,0.0,0.0,0.0,0.0,0.0,0.0,0.0,0.0,0.0,0.0,0.0,0.0,0.0,0.0,0.0,0.0,0.016666666666666666,0.029937261756612585,0.0,1.0,1.0,1.0,0.0,0.029937261756612585,0.0,1,1,0,1,1,1,2.9937261756612585,0.0,0.0,malicious,1,PartOfAHorizontalPortScan,CTU-IoT-Malware-Capture-1-1,1,combined,high
50,6,89.0,0.0,1,0,0.0,0.0,0.0,50,50,0.0,1,0,0,0,1.0,0.0,1,1,89.0,0.0,0,1,0,0,0,0,0,1,1.0,0.0,0.0,0.0,0.0,0.0,0.0,0.0,0.0,0.0,0.0,0.0,0.0,0.0,0.0,0.0,0.0,0.16666666666666666,0.18111586409247424,0.0,1.0,1.0,1.0,0.0,0.18111586409247424,0.0,1,1,0,1,1,1,18.111586409247423,0.0,0.0,malicious,1,PartOfAHorizontalPortScan,CTU-IoT-Malware-Capture-1-1,1,combined,high
40,17,0.0,0.0,1,0,0.0,0.0,0.0,40,40,0.0,1,0,0,0,1.0,0.0,1,1,0.0,0.0,0,1,0,0,0,0,0,1,1.0,0.0,0.0,0.0,0.0,0.0,0.0,0.0,0.0,0.0,0.0,0.0,0.0,0.0,0.0,0.0,0.0,0.0,0.0,0.0,0.0,0.0,0.0,1.0,0.0,1.0,0,0,0,0,0,0,0.0,0.0,0.0,benign,0,-,CTU-IoT-Malware-Capture-1-1,0,none,none
40,17,0.0,0.0,1,0,0.0,0.0,0.0,40,40,0.0,1,0,0,0,1.0,0.0,1,1,0.0,0.0,0,1,0,0,0,0,0,1,1.0,0.0,0.0,0.0,0.0,0.0,0.0,0.0,0.0,0.0,0.0,0.0,0.0,0.0,0.0,0.0,0.0,0.0,0.0,0.0,0.0,0.0,0.0,1.0,0.0,1.0,0,0,0,0,0,0,0.0,0.0,0.0,benign,0,-,CTU-IoT-Malware-Capture-1-1,0,none,none
40,17,0.0,0.0,1,0,0.0,0.0,0.0,40,40,0.0,1,0,0,0,1.0,0.0,1,1,0.0,0.0,0,1,0,0,0,0,0,1,1.0,0.0,0.0,0.0,0.0,0.0,0.0,0.0,0.0,0.0,0.0,0.0,0.0,0.0,0.0,0.0,0.0,0.0,0.0,0.0,0.0,0.0,0.0,1.0,0.0,1.0,0,0,0,0,0,0,0.0,0.0,0.0,benign,0,-,CTU-IoT-Malware-Capture-1-1,0,none,none
28,6,125.0,0.0,1,0,0.0,0.0,0.0,28,28,0.0,1,0,0,0,1.0,0.0,1,1,125.0,0.0,1,1,0,0,0,0,0,1,1.0,0.0,0.0,0.0,0.0,0.0,0.0,0.0,0.0,0.0,0.0,0.0,0.0,0.0,0.0,0.0,0.0,0.5333333333333333,0.2080138328305284,0.25,1.0,1.0,1.0,0.0,0.2080138328305284,0.0,1,1,1,1,1,1,20.80138328305284,1.0,2.0,malicious,1,PartOfAHorizontalPortScan,CTU-IoT-Malware-Capture-1-1,1,combined,high
42,6,69.0,0.0,1,0,0.0,0.0,0.0,42,42,0.0,1,0,0,0,1.0,0.0,1,1,69.0,0.0,0,1,0,0,0,0,0,1,1.0,0.0,0.0,0.0,0.0,0.0,0.0,0.0,0.0,0.0,0.0,0.0,0.0,0.0,0.0,0.0,0.0,0.3,0.16930108657244627,0.0,1.0,1.0,1.0,0.0,0.16930108657244627,0.0,1,1,0,1,1,1,16.930108657244627,0.0,0.0,malicious,1,PartOfAHorizontalPortScan,CTU-IoT-Malware-Capture-1-1,1,combined,high
20,6,84.0,0.0,1,0,0.0,0.0,0.0,20,20,0.0,1,0,0,0,1.0,0.0,1,1,84.0,0.0,2,1,0,0,0,0,0,1,1.0,0.0,0.0,0.0,0.0,0.0,0.0,0.0,0.0,0.0,0.0,0.0,0.0,0.0,0.0,0.0,0.0,0.6666666666666666,0.3695170509744539,0.5,1.0,1.0,1.0,0.0,0.3695170509744539,0.0,1,1,1,1,1,1,36.95170509744539,2.0,3.0,malicious,1,PartOfAHorizontalPortScan,CTU-IoT-Malware-Capture-1-1,1,combined,high
40,17,0.0,0.0,1,0,0.0,0.0,0.0,40,40,0.0,1,0,0,0,1.0,0.0,1,1,0.0,0.0,0,1,0,0,0,0,0,1,1.0,0.0,0.0,0.0,0.0,0.0,0.0,0.0,0.0,0.0,0.0,0.0,0.0,0.0,0.0,0.0,0.0,0.0,0.0,0.0,0.0,0.0,0.0,1.0,0.0,1.0,0,0,0,0,0,0,0.0,0.0,0.0,benign,0,-,CTU-IoT-Malware-Capture-1-1,0,none,none
52,6,51.0,2.998805,3,0,1.0003984920660063,0.0,0.0,52,52,0.0,3,0,0,0,3.0,0.0,1,1,51.0,0.0,2,1,0,0,0,0,0,1,1.0,0.0,0.0,0.0,0.0,0.0,0.0,0.0,0.0,0.0,0.0,0.0,0.0,0.0,0.0,0.0,2.998805,0.7111111111111111,1.0,0.5,1.0,1.0,1.0,0.0,1.0,0.0,1,1,1,1,1,1,100.0,2.0,3.0,malicious,1,PartOfAHorizontalPortScan,CTU-IoT-Malware-Capture-1-1,1,combined,high
40,17,0.0,0.0,1,0,0.0,0.0,0.0,40,40,0.0,1,0,0,0,1.0,0.0,1,1,0.0,0.0,0,1,0,0,0,0,0,1,1.0,0.0,0.0,0.0,0.0,0.0,0.0,0.0,0.0,0.0,0.0,0.0,0.0,0.0,0.0,0.0,0.0,0.0,0.0,0.0,0.0,0.0,0.0,1.0,0.0,1.0,0,0,0,0,0,0,0.0,0.0,0.0,benign,0,-,CTU-IoT-Malware-Capture-1-1,0,none,none
40,17,0.0,0.0,1,0,0.0,0.0,0.0,40,40,0.0,1,0,0,0,1.0,0.0,1,1,0.0,0.0,0,1,0,0,0,0,0,1,1.0,0.0,0.0,0.0,0.0,0.0,0.0,0.0,0.0,0.0,0.0,0.0,0.0,0.0,0.0,0.0,0.0,0.0,0.0,0.0,0.0,0.0,0.0,1.0,0.0,1.0,0,0,0,0,0,0,0.0,0.0,0.0,benign,0,-,CTU-IoT-Malware-Capture-1-1,0,none,none
68,1,0.0,0.0,1,0,0.0,0.0,0.0,68,68,0.0,1,0,0,0,1.0,0.0,1,1,0.0,0.0,0,0,0,0,0,0,0,0,0.0,0.0,0.0,0.0,0.0,0.0,0.0,0.0,0.0,0.0,0.0,0.0,0.0,0.0,0.0,0.0,0.0,0.0,0.0,0.0,0.0,0.0,0.0,1.0,0.0,1.0,0,0,0,0,0,0,0.0,0.0,0.0,benign,0,-,CTU-IoT-Malware-Capture-1-1,0,none,none
62,6,123.0,0.0,1,0,0.0,0.0,0.0,62,62,0.0,1,0,0,0,1.0,0.0,1,1,123.0,0.0,0,1,0,0,0,0,0,1,1.0,0.0,0.0,0.0,0.0,0.0,0.0,0.0,0.0,0.0,0.0,0.0,0.0,0.0,0.0,0.0,0.0,0.03333333333333333,0.23041999520152776,0.0,1.0,1.0,1.0,0.0,0.23041999520152776,0.0,1,1,0,1,1,1,23.041999520152775,0.0,0.0,malicious,1,PartOfAHorizontalPortScan,CTU-IoT-Malware-Capture-1-1,1,combined,high
264,1,0.0,3.000055,3,180,0.9999816670027716,59.998900020166296,60.0,264,264,0.0,3,0,180,0,3.0,180.0,1,1,0.0,0.0,0,0,0,0,0,0,0,0,0.0,0.0,0.0,0.0,0.0,0.0,0.0,0.0,0.0,0.0,0.0,0.0,0.0,0.0,0.0,0.0,3.000055,0.0,0.0,0.0,0.0,0.0,0.0,1.0,0.0,1.0,0,0,0,0,0,0,0.0,0.0,0.0,benign,0,-,CTU-IoT-Malware-Capture-1-1,0,none,none
52,6,61.0,2.998805,3,0,1.0003984920660063,0.0,0.0,52,52,0.0,3,0,0,0,3.0,0.0,1,1,61.0,0.0,2,1,0,0,0,0,0,1,1.0,0.0,0.0,0.0,0.0,0.0,0.0,0.0,0.0,0.0,0.0,0.0,0.0,0.0,0.0,0.0,2.998805,0.7111111111111111,1.0,0.5,1.0,1.0,1.0,0.0,1.0,0.0,1,1,1,1,1,1,100.0,2.0,3.0,malicious,1,PartOfAHorizontalPortScan,CTU-IoT-Malware-Capture-1-1,1,combined,high
64,6,73.0,0.0,1,0,0.0,0.0,0.0,64,64,0.0,1,0,0,0,1.0,0.0,1,1,73.0,0.0,0,1,0,0,0,0,0,1,1.0,0.0,0.0,0.0,0.0,0.0,0.0,0.0,0.0,0.0,0.0,0.0,0.0,0.0,0.0,0.0,0.0,0.06666666666666667,0.8084797158157861,0.0,1.0,1.0,1.0,0.0,0.8084797158157861,0.0,1,1,0,1,1,1,80.84797158157862,0.0,0.0,malicious,1,PartOfAHorizontalPortScan,CTU-IoT-Malware-Capture-1-1,1,combined,high
63,6,71.0,0.0,1,0,0.0,0.0,0.0,63,63,0.0,1,0,0,0,1.0,0.0,1,1,71.0,0.0,0,1,0,0,0,0,0,1,1.0,0.0,0.0,0.0,0.0,0.0,0.0,0.0,0.0,0.0,0.0,0.0,0.0,0.0,0.0,0.0,0.0,0.05,0.10057217682086426,0.0,1.0,1.0,1.0,0.0,0.10057217682086426,0.0,1,1,0,1,1,1,10.057217682086426,0.0,0.0,malicious,1,PartOfAHorizontalPortScan,CTU-IoT-Malware-Capture-1-1,1,combined,high
40,17,0.0,0.0,1,0,0.0,0.0,0.0,40,40,0.0,1,0,0,0,1.0,0.0,1,1,0.0,0.0,0,1,0,0,0,0,0,1,1.0,0.0,0.0,0.0,0.0,0.0,0.0,0.0,0.0,0.0,0.0,0.0,0.0,0.0,0.0,0.0,0.0,0.0,0.0,0.0,0.0,0.0,0.0,1.0,0.0,1.0,0,0,0,0,0,0,0.0,0.0,0.0,benign,0,-,CTU-IoT-Malware-Capture-1-1,0,none,none
69,6,52.0,0.0,1,0,0.0,0.0,0.0,69,69,0.0,1,0,0,0,1.0,0.0,1,1,52.0,0.0,0,1,0,0,0,0,0,1,1.0,0.0,0.0,0.0,0.0,0.0,0.0,0.0,0.0,0.0,0.0,0.0,0.0,0.0,0.0,0.0,0.0,0.15,0.2514808431183811,0.0,1.0,1.0,1.0,0.0,0.2514808431183811,0.0,1,1,0,1,1,1,25.14808431183811,0.0,0.0,malicious,1,PartOfAHorizontalPortScan,CTU-IoT-Malware-Capture-1-1,1,combined,high
99,6,34.0,2.999062,3,0,1.0003127644576872,0.0,0.0,99,99,0.0,3,0,0,0,3.0,0.0,1,1,34.0,0.0,1,1,0,0,0,0,0,1,1.0,0.0,0.0,0.0,0.0,0.0,0.0,0.0,0.0,0.0,0.0,0.0,0.0,0.0,0.0,0.0,2.999062,0.45,0.0100532275525304,0.25,1.0,1.0,1.0,0.0,0.0100532275525304,0.0,1,1,1,1,1,1,1.00532275525304,1.0,2.0,malicious,1,PartOfAHorizontalPortScan,CTU-IoT-Malware-Capture-1-1,1,combined,high
59,6,43.0,0.0,1,0,0.0,0.0,0.0,59,59,0.0,1,0,0,0,1.0,0.0,1,1,43.0,0.0,0,1,0,0,0,0,0,1,1.0,0.0,0.0,0.0,0.0,0.0,0.0,0.0,0.0,0.0,0.0,0.0,0.0,0.0,0.0,0.0,0.0,0.016666666666666666,1.0,0.0,1.0,1.0,1.0,0.0,1.0,0.0,1,1,0,1,1,1,100.0,0.0,0.0,malicious,1,PartOfAHorizontalPortScan,CTU-IoT-Malware-Capture-1-1,1,combined,high
60,6,0.0,0.0,1,0,0.0,0.0,0.0,60,60,0.0,1,0,0,0,1.0,0.0,1,1,0.0,0.0,0,1,0,0,0,0,0,1,1.0,0.0,0.0,0.0,0.0,0.0,0.0,0.0,0.0,0.0,0.0,0.0,0.0,0.0,0.0,0.0,0.0,0.0,0.0,0.0,0.0,0.0,0.0,1.0,0.0,1.0,0,0,0,0,0,0,0.0,0.0,0.0,benign,0,-,CTU-IoT-Malware-Capture-1-1,0,none,none
40,17,0.0,0.0,1,0,0.0,0.0,0.0,40,40,0.0,1,0,0,0,1.0,0.0,1,1,0.0,0.0,0,1,0,0,0,0,0,1,1.0,0.0,0.0,0.0,0.0,0.0,0.0,0.0,0.0,0.0,0.0,0.0,0.0,0.0,0.0,0.0,0.0,0.0,0.0,0.0,0.0,0.0,0.0,1.0,0.0,1.0,0,0,0,0,0,0,0.0,0.0,0.0,benign,0,-,CTU-IoT-Malware-Capture-1-1,0,none,none
20,6,93.0,0.0,1,0,0.0,0.0,0.0,20,20,0.0,1,0,0,0,1.0,0.0,1,1,93.0,0.0,3,1,0,0,0,0,0,1,1.0,0.0,0.0,0.0,0.0,0.0,0.0,0.0,0.0,0.0,0.0,0.0,0.0,0.0,0.0,0.0,0.0,0.6666666666666666,1.0,0.75,1.0,1.0,1.0,0.0,1.0,0.0,1,1,1,1,1,1,100.0,3.0,4.0,malicious,1,PartOfAHorizontalPortScan,CTU-IoT-Malware-Capture-1-1,1,combined,high
40,17,0.0,0.0,1,0,0.0,0.0,0.0,40,40,0.0,1,0,0,0,1.0,0.0,1,1,0.0,0.0,0,1,0,0,0,0,0,1,1.0,0.0,0.0,0.0,0.0,0.0,0.0,0.0,0.0,0.0,0.0,0.0,0.0,0.0,0.0,0.0,0.0,0.0,0.0,0.0,0.0,0.0,0.0,1.0,0.0,1.0,0,0,0,0,0,0,0.0,0.0,0.0,benign,0,-,CTU-IoT-Malware-Capture-1-1,0,none,none
40,17,0.0,0.0,1,0,0.0,0.0,0.0,40,40,0.0,1,0,0,0,1.0,0.0,1,1,0.0,0.0,0,1,0,0,0,0,0,1,1.0,0.0,0.0,0.0,0.0,0.0,0.0,0.0,0.0,0.0,0.0,0.0,0.0,0.0,0.0,0.0,0.0,0.0,0.0,0.0,0.0,0.0,0.0,1.0,0.0,1.0,0,0,0,0,0,0,0.0,0.0,0.0,benign,0,-,CTU-IoT-Malware-Capture-1-1,0,none,none
55,6,104.0,2.998805,3,0,1.0003984920660063,0.0,0.0,55,55,0.0,3,0,0,0,3.0,0.0,1,1,104.0,0.0,2,1,0,0,0,0,0,1,1.0,0.0,0.0,0.0,0.0,0.0,0.0,0.0,0.0,0.0,0.0,0.0,0.0,0.0,0.0,0.0,2.998805,0.6944444444444444,0.18810661695722863,0.5,1.0,1.0,1.0,0.0,0.18810661695722863,0.0,1,1,1,1,1,1,18.810661695722864,2.0,3.0,malicious,1,PartOfAHorizontalPortScan,CTU-IoT-Malware-Capture-1-1,1,combined,high
56,6,92.0,0.0,1,0,0.0,0.0,0.0,56,56,0.0,1,0,0,0,1.0,0.0,1,1,92.0,0.0,0,1,0,0,0,0,0,1,1.0,0.0,0.0,0.0,0.0,0.0,0.0,0.0,0.0,0.0,0.0,0.0,0.0,0.0,0.0,0.0,0.0,0.06666666666666667,0.09025117547758658,0.0,1.0,1.0,1.0,0.0,0.09025117547758658,0.0,1,1,0,1,1,1,9.025117547758658,0.0,0.0,malicious,1,PartOfAHorizontalPortScan,CTU-IoT-Malware-Capture-1-1,1,combined,high
52,6,86.0,0.0,1,0,0.0,0.0,0.0,52,52,0.0,1,0,0,0,1.0,0.0,1,1,86.0,0.0,0,1,0,0,0,0,0,1,1.0,0.0,0.0,0.0,0.0,0.0,0.0,0.0,0.0,0.0,0.0,0.0,0.0,0.0,0.0,0.0,0.0,0.13333333333333333,1.0,0.0,1.0,1.0,1.0,0.0,1.0,0.0,1,1,0,1,1,1,100.0,0.0,0.0,malicious,1,PartOfAHorizontalPortScan,CTU-IoT-Malware-Capture-1-1,1,combined,high
198,6,125.0,2.999076,3,0,1.000308094893227,0.0,0.0,198,198,0.0,3,0,0,0,3.0,0.0,1,1,125.0,0.0,0,1,0,0,0,0,0,1,1.0,0.0,0.0,0.0,0.0,0.0,0.0,0.0,0.0,0.0,0.0,0.0,0.0,0.0,0.0,0.0,2.999076,0.1,0.9400207730160348,0.0,1.0,1.0,1.0,0.0,0.9400207730160348,0.0,1,1,0,1,1,1,94.00207730160348,0.0,0.0,malicious,1,PartOfAHorizontalPortScan,CTU-IoT-Malware-Capture-1-1,1,combined,high
40,17,0.0,0.0,1,0,0.0,0.0,0.0,40,40,0.0,1,0,0,0,1.0,0.0,1,1,0.0,0.0,0,1,0,0,0,0,0,1,1.0,0.0,0.0,0.0,0.0,0.0,0.0,0.0,0.0,0.0,0.0,0.0,0.0,0.0,0.0,0.0,0.0,0.0,0.0,0.0,0.0,0.0,0.0,1.0,0.0,1.0,0,0,0,0,0,0,0.0,0.0,0.0,benign,0,-,CTU-IoT-Malware-Capture-1-1,0,none,none
34,6,49.0,2.998824,3,0,1.00039215372426,0.0,0.0,34,34,0.0,3,0,0,0,3.0,0.0,1,1,49.0,0.0,4,1,0,0,0,0,0,1,1.0,0.0,0.0,0.0,0.0,0.0,0.0,0.0,0.0,0.0,0.0,0.0,0.0,0.0,0.0,0.0,2.998824,0.8111111111111111,0.22781298686468485,1.0,1.0,1.0,1.0,0.0,0.22781298686468485,0.0,1,1,1,1,1,1,22.781298686468485,4.0,5.0,malicious,1,PartOfAHorizontalPortScan,CTU-IoT-Malware-Capture-1-1,1,combined,high
40,17,0.0,0.0,1,0,0.0,0.0,0.0,40,40,0.0,1,0,0,0,1.0,0.0,1,1,0.0,0.0,0,1,0,0,0,0,0,1,1.0,0.0,0.0,0.0,0.0,0.0,0.0,0.0,0.0,0.0,0.0,0.0,0.0,0.0,0.0,0.0,0.0,0.0,0.0,0.0,0.0,0.0,0.0,1.0,0.0,1.0,0,0,0,0,0,0,0.0,0.0,0.0,benign,0,-,CTU-IoT-Malware-Capture-1-1,0,none,none
63,6,36.0,0.0,1,0,0.0,0.0,0.0,63,63,0.0,1,0,0,0,1.0,0.0,1,1,36.0,0.0,0,1,0,0,0,0,0,1,1.0,0.0,0.0,0.0,0.0,0.0,0.0,0.0,0.0,0.0,0.0,0.0,0.0,0.0,0.0,0.0,0.0,0.05,0.8296108821672474,0.0,1.0,1.0,1.0,0.0,0.8296108821672474,0.0,1,1,0,1,1,1,82.96108821672475,0.0,0.0,malicious,1,PartOfAHorizontalPortScan,CTU-IoT-Malware-Capture-1-1,1,combined,high
51,6,78.0,0.0,1,0,0.0,0.0,0.0,51,51,0.0,1,0,0,0,1.0,0.0,1,1,78.0,0.0,0,1,0,0,0,0,0,1,1.0,0.0,0.0,0.0,0.0,0.0,0.0,0.0,0.0,0.0,0.0,0.0,0.0,0.0,0.0,0.0,0.0,0.15,0.03695713030940163,0.0,1.0,1.0,1.0,0.0,0.03695713030940163,0.0,1,1,0,1,1,1,3.6957130309401625,0.0,0.0,malicious,1,PartOfAHorizontalPortScan,CTU-IoT-Malware-Capture-1-1,1,combined,high
20,6,86.0,0.0,1,0,0.0,0.0,0.0,20,20,0.0,1,0,0,0,1.0,0.0,1,1,86.0,0.0,4,1,0,0,0,0,0,1,1.0,0.0,0.0,0.0,0.0,0.0,0.0,0.0,0.0,0.0,0.0,0.0,0.0,0.0,0.0,0.0,0.0,0.6666666666666666,0.01,1.0,1.0,1.0,1.0,0.0,0.01,0.0,1,1,1,1,1,1,1.0,4.0,5.0,malicious,1,PartOfAHorizontalPortScan,CTU-IoT-Malware-Capture-1-1,1,combined,high
40,17,0.0,0.0,1,0,0.0,0.0,0.0,40,40,0.0,1,0,0,0,1.0,0.0,1,1,0.0,0.0,0,1,0,0,0,0,0,1,1.0,0.0,0.0,0.0,0.0,0.0,0.0,0.0,0.0,0.0,0.0,0.0,0.0,0.0,0.0,0.0,0.0,0.0,0.0,0.0,0.0,0.0,0.0,1.0,0.0,1.0,0,0,0,0,0,0,0.0,0.0,0.0,benign,0,-,CTU-IoT-Malware-Capture-1-1,0,none,none
20,6,76.0,0.0,1,0,0.0,0.0,0.0,20,20,0.0,1,0,0,0,1.0,0.0,1,1,76.0,0.0,4,1,0,0,0,0,0,1,1.0,0.0,0.0,0.0,0.0,0.0,0.0,0.0,0.0,0.0,0.0,0.0,0.0,0.0,0.0,0.0,0.0,0.6666666666666666,0.8112795931321903,1.0,1.0,1.0,1.0,0.0,0.8112795931321903,0.0,1,1,1,1,1,1,81.12795931321904,4.0,5.0,malicious,1,PartOfAHorizontalPortScan,CTU-IoT-Malware-Capture-1-1,1,combined,high
20,6,69.0,0.0,1,0,0.0,0.0,0.0,20,20,0.0,1,0,0,0,1.0,0.0,1,1,69.0,0.0,2,1,0,0,0,0,0,1,1.0,0.0,0.0,0.0,0.0,0.0,0.0,0.0,0.0,0.0,0.0,0.0,0.0,0.0,0.0,0.0,0.0,0.6666666666666666,1.0,0.5,1.0,1.0,1.0,0.0,1.0,0.0,1,1,1,1,1,1,100.0,2.0,3.0,malicious,1,PartOfAHorizontalPortScan,CTU-IoT-Malware-Capture-1-1,1,combined,high
40,17,0.0,0.0,1,0,0.0,0.0,0.0,40,40,0.0,1,0,0,0,1.0,0.0,1,1,0.0,0.0,0,1,0,0,0,0,0,1,1.0,0.0,0.0,0.0,0.0,0.0,0.0,0.0,0.0,0.0,0.0,0.0,0.0,0.0,0.0,0.0,0.0,0.0,0.0,0.0,0.0,0.0,0.0,1.0,0.0,1.0,0,0,0,0,0,0,0.0,0.0,0.0,benign,0,-,CTU-IoT-Malware-Capture-1-1,0,none,none
152,17,0.0,0.026718,2,96,74.85590238790328,3593.083314619358,48.0,152,152,0.0,1,1,48,48,1.0,1.0,1,1,0.0,0.0,0,1,0,1,0,0,0,2,0.5,0.0,0.5,0.0,0.0,0.0,0.0,0.0,0.0,0.0,0.0,0.0,0.0,0.0,0.0,0.0,0.026718,0.0,0.0,0.0,0.0,0.0,0.0,1.0,0.0,1.0,0,0,0,0,0,0,0.0,0.0,0.0,benign,0,-,CTU-IoT-Malware-Capture-1-1,0,none,none
40,17,0.0,0.0,1,0,0.0,0.0,0.0,40,40,0.0,1,0,0,0,1.0,0.0,1,1,0.0,0.0,0,1,0,0,0,0,0,1,1.0,0.0,0.0,0.0,0.0,0.0,0.0,0.0,0.0,0.0,0.0,0.0,0.0,0.0,0.0,0.0,0.0,0.0,0.0,0.0,0.0,0.0,0.0,1.0,0.0,1.0,0,0,0,0,0,0,0.0,0.0,0.0,benign,0,-,CTU-IoT-Malware-Capture-1-1,0,none,none
59,6,40.0,0.0,1,0,0.0,0.0,0.0,59,59,0.0,1,0,0,0,1.0,0.0,1,1,40.0,0.0,0,1,0,0,0,0,0,1,1.0,0.0,0.0,0.0,0.0,0.0,0.0,0.0,0.0,0.0,0.0,0.0,0.0,0.0,0.0,0.0,0.0,0.016666666666666666,0.37353781358251986,0.0,1.0,1.0,1.0,0.0,0.37353781358251986,0.0,1,1,0,1,1,1,37.353781358251986,0.0,0.0,malicious,1,PartOfAHorizontalPortScan,CTU-IoT-Malware-Capture-1-1,1,combined,high
181,6,82.0,2.998578,3,0,1.0004742247825469,0.0,0.0,181,181,0.0,3,0,0,0,3.0,0.0,1,1,82.0,0.0,0,1,0,0,0,0,0,1,1.0,0.0,0.0,0.0,0.0,0.0,0.0,0.0,0.0,0.0,0.0,0.0,0.0,0.0,0.0,0.0,2.998578,0.005555555555555556,0.6999988088840796,0.0,1.0,1.0,1.0,0.0,0.6999988088840796,0.0,1,1,0,1,1,1,69.99988088840796,0.0,0.0,malicious,1,PartOfAHorizontalPortScan,CTU-IoT-Malware-Capture-1-1,1,combined,high
40,17,0.0,0.0,1,0,0.0,0.0,0.0,40,40,0.0,1,0,0,0,1.0,0.0,1,1,0.0,0.0,0,1,0,0,0,0,0,1,1.0,0.0,0.0,0.0,0.0,0.0,0.0,0.0,0.0,0.0,0.0,0.0,0.0,0.0,0.0,0.0,0.0,0.0,0.0,0.0,0.0,0.0,0.0,1.0,0.0,1.0,0,0,0,0,0,0,0.0,0.0,0.0,benign,0,-,CTU-IoT-Malware-Capture-1-1,0,none,none
40,17,0.0,0.0,1,0,0.0,0.0,0.0,40,40,0.0,1,0,0,0,1.0,0.0,1,1,0.0,0.0,0,1,0,0,0,0,0,1,1.0,0.0,0.0,0.0,0.0,0.0,0.0,0.0,0.0,0.0,0.0,0.0,0.0,0.0,0.0,0.0,0.0,0.0,0.0,0.0,0.0,0.0,0.0,1.0,0.0,1.0,0,0,0,0,0,0,0.0,0.0,0.0,benign,0,-,CTU-IoT-Malware-Capture-1-1,0,none,none
40,17,0.0,0.0,1,0,0.0,0.0,0.0,40,40,0.0,1,0,0,0,1.0,0.0,1,1,0.0,0.0,0,1,0,0,0,0,0,1,1.0,0.0,0.0,0.0,0.0,0.0,0.0,0.0,0.0,0.0,0.0,0.0,0.0,0.0,0.0,0.0,0.0,0.0,0.0,0.0,0.0,0.0,0.0,1.0,0.0,1.0,0,0,0,0,0,0,0.0,0.0,0.0,benign,0,-,CTU-IoT-Malware-Capture-1-1,0,none,none
20,6,110.0,0.0,1,0,0.0,0.0,0.0,20,20,0.0,1,0,0,0,1.0,0.0,1,1,110.0,0.0,3,1,0,0,0,0,0,1,1.0,0.0,0.0,0.0,0.0,0.0,0.0,0.0,0.0,0.0,0.0,0.0,0.0,0.0,0.0,0.0,0.0,0.6666666666666666,0.47631582700182507,0.75,1.0,1.0,1.0,0.0,0.47631582700182507,0.0,1,1,1,1,1,1,47.631582700182506,3.0,4.0,malicious,1,PartOfAHorizontalPortScan,CTU-IoT-Malware-Capture-1-1,1,combined,high
36,6,71.0,2.99882,3,0,1.0003934881053216,0.0,0.0,36,36,0.0,3,0,0,0,3.0,0.0,1,1,71.0,0.0,4,1,0,0,0,0,0,1,1.0,0.0,0.0,0.0,0.0,0.0,0.0,0.0,0.0,0.0,0.0,0.0,0.0,0.0,0.0,0.0,2.99882,0.8,0.13109988133633427,1.0,1.0,1.0,1.0,0.0,0.13109988133633427,0.0,1,1,1,1,1,1,13.109988133633427,4.0,5.0,malicious,1,PartOfAHorizontalPortScan,CTU-IoT-Malware-Capture-1-1,1,combined,high
68,1,0.0,0.0,1,0,0.0,0.0,0.0,68,68,0.0,1,0,0,0,1.0,0.0,1,1,0.0,0.0,0,0,0,0,0,0,0,0,0.0,0.0,0.0,0.0,0.0,0.0,0.0,0.0,0.0,0.0,0.0,0.0,0.0,0.0,0.0,0.0,0.0,0.0,0.0,0.0,0.0,0.0,0.0,1.0,0.0,1.0,0,0,0,0,0,0,0.0,0.0,0.0,benign,0,-,CTU-IoT-Malware-Capture-1-1,0,none,none
40,17,0.0,0.0,1,0,0.0,0.0,0.0,40,40,0.0,1,0,0,0,1.0,0.0,1,1,0.0,0.0,0,1,0,0,0,0,0,1,1.0,0.0,0.0,0.0,0.0,0.0,0.0,0.0,0.0,0.0,0.0,0.0,0.0,0.0,0.0,0.0,0.0,0.0,0.0,0.0,0.0,0.0,0.0,1.0,0.0,1.0,0,0,0,0,0,0,0.0,0.0,0.0,benign,0,-,CTU-IoT-Malware-Capture-1-1,0,none,none
20,6,69.0,0.0,1,0,0.0,0.0,0.0,20,20,0.0,1,0,0,0,1.0,0.0,1,1,69.0,0.0,3,1,0,0,0,0,0,1,1.0,0.0,0.0,0.0,0.0,0.0,0.0,0.0,0.0,0.0,0.0,0.0,0.0,0.0,0.0,0.0,0.0,0.6666666666666666,0.47631582700182507,0.75,1.0,1.0,1.0,0.0,0.47631582700182507,0.0,1,1,1,1,1,1,47.631582700182506,3.0,4.0,malicious,1,PartOfAHorizontalPortScan,CTU-IoT-Malware-Capture-1-1,1,combined,high
57,6,65.0,0.0,1,0,0.0,0.0,0.0,57,57,0.0,1,0,0,0,1.0,0.0,1,1,65.0,0.0,0,1,0,0,0,0,0,1,1.0,0.0,0.0,0.0,0.0,0.0,0.0,0.0,0.0,0.0,0.0,0.0,0.0,0.0,0.0,0.0,0.0,0.05,0.8059827084798773,0.0,1.0,1.0,1.0,0.0,0.8059827084798773,0.0,1,1,0,1,1,1,80.59827084798773,0.0,0.0,malicious,1,PartOfAHorizontalPortScan,CTU-IoT-Malware-Capture-1-1,1,combined,high
40,17,0.0,0.0,1,0,0.0,0.0,0.0,40,40,0.0,1,0,0,0,1.0,0.0,1,1,0.0,0.0,0,1,0,0,0,0,0,1,1.0,0.0,0.0,0.0,0.0,0.0,0.0,0.0,0.0,0.0,0.0,0.0,0.0,0.0,0.0,0.0,0.0,0.0,0.0,0.0,0.0,0.0,0.0,1.0,0.0,1.0,0,0,0,0,0,0,0.0,0.0,0.0,benign,0,-,CTU-IoT-Malware-Capture-1-1,0,none,none
40,17,0.0,0.0,1,0,0.0,0.0,0.0,40,40,0.0,1,0,0,0,1.0,0.0,1,1,0.0,0.0,0,1,0,0,0,0,0,1,1.0,0.0,0.0,0.0,0.0,0.0,0.0,0.0,0.0,0.0,0.0,0.0,0.0,0.0,0.0,0.0,0.0,0.0,0.0,0.0,0.0,0.0,0.0,1.0,0.0,1.0,0,0,0,0,0,0,0.0,0.0,0.0,benign,0,-,CTU-IoT-Malware-Capture-1-1,0,none,none
60,6,41.0,0.0,1,0,0.0,0.0,0.0,60,60,0.0,1,0,0,0,1.0,0.0,1,1,41.0,0.0,0,1,0,0,0,0,0,1,1.0,0.0,0.0,0.0,0.0,0.0,0.0,0.0,0.0,0.0,0.0,0.0,0.0,0.0,0.0,0.0,0.0,0.0,0.4518304623486828,0.0,1.0,1.0,1.0,0.0,0.4518304623486828,0.0,1,1,0,1,1,1,45.18304623486828,0.0,0.0,malicious,1,PartOfAHorizontalPortScan,CTU-IoT-Malware-Capture-1-1,1,combined,high
159,6,74.0,2.998808,3,0,1.0003974912698645,0.0,0.0,159,159,0.0,3,0,0,0,3.0,0.0,1,1,74.0,0.0,0,1,0,0,0,0,0,1,1.0,0.0,0.0,0.0,0.0,0.0,0.0,0.0,0.0,0.0,0.0,0.0,0.0,0.0,0.0,0.0,2.998808,0.11666666666666667,0.43602408343776455,0.0,1.0,1.0,1.0,0.0,0.43602408343776455,0.0,1,1,0,1,1,1,43.60240834377645,0.0,0.0,malicious,1,PartOfAHorizontalPortScan,CTU-IoT-Malware-Capture-1-1,1,combined,high
40,17,0.0,0.0,1,0,0.0,0.0,0.0,40,40,0.0,1,0,0,0,1.0,0.0,1,1,0.0,0.0,0,1,0,0,0,0,0,1,1.0,0.0,0.0,0.0,0.0,0.0,0.0,0.0,0.0,0.0,0.0,0.0,0.0,0.0,0.0,0.0,0.0,0.0,0.0,0.0,0.0,0.0,0.0,1.0,0.0,1.0,0,0,0,0,0,0,0.0,0.0,0.0,benign,0,-,CTU-IoT-Malware-Capture-1-1,0,none,none
32,6,78.0,0.0,1,0,0.0,0.0,0.0,32,32,0.0,1,0,0,0,1.0,0.0,1,1,78.0,0.0,1,1,0,0,0,0,0,1,1.0,0.0,0.0,0.0,0.0,0.0,0.0,0.0,0.0,0.0,0.0,0.0,0.0,0.0,0.0,0.0,0.0,0.4666666666666667,0.39423827230662695,0.25,1.0,1.0,1.0,0.0,0.39423827230662695,0.0,1,1,1,1,1,1,39.423827230662695,1.0,2.0,malicious,1,PartOfAHorizontalPortScan,CTU-IoT-Malware-Capture-1-1,1,combined,high
20,6,110.0,0.0,1,0,0.0,0.0,0.0,20,20,0.0,1,0,0,0,1.0,0.0,1,1,110.0,0.0,3,1,0,0,0,0,0,1,1.0,0.0,0.0,0.0,0.0,0.0,0.0,0.0,0.0,0.0,0.0,0.0,0.0,0.0,0.0,0.0,0.0,0.6666666666666666,0.31036641852220226,0.75,1.0,1.0,1.0,0.0,0.31036641852220226,0.0,1,1,1,1,1,1,31.036641852220225,3.0,4.0,malicious,1,PartOfAHorizontalPortScan,CTU-IoT-Malware-Capture-1-1,1,combined,high
20,6,85.0,0.0,1,0,0.0,0.0,0.0,20,20,0.0,1,0,0,0,1.0,0.0,1,1,85.0,0.0,2,1,0,0,0,0,0,1,1.0,0.0,0.0,0.0,0.0,0.0,0.0,0.0,0.0,0.0,0.0,0.0,0.0,0.0,0.0,0.0,0.0,0.6666666666666666,0.512341411343331,0.5,1.0,1.0,1.0,0.0,0.512341411343331,0.0,1,1,1,1,1,1,51.2341411343331,2.0,3.0,malicious,1,PartOfAHorizontalPortScan,CTU-IoT-Malware-Capture-1-1,1,combined,high
146,6,113.0,2.99881,3,0,1.000396824073549,0.0,0.0,146,146,0.0,3,0,0,0,3.0,0.0,1,1,113.0,0.0,0,1,0,0,0,0,0,1,1.0,0.0,0.0,0.0,0.0,0.0,0.0,0.0,0.0,0.0,0.0,0.0,0.0,0.0,0.0,0.0,2.99881,0.18888888888888888,0.3983512520910417,0.0,1.0,1.0,1.0,0.0,0.3983512520910417,0.0,1,1,0,1,1,1,39.83512520910417,0.0,0.0,malicious,1,PartOfAHorizontalPortScan,CTU-IoT-Malware-Capture-1-1,1,combined,high
40,17,0.0,0.0,1,0,0.0,0.0,0.0,40,40,0.0,1,0,0,0,1.0,0.0,1,1,0.0,0.0,0,1,0,0,0,0,0,1,1.0,0.0,0.0,0.0,0.0,0.0,0.0,0.0,0.0,0.0,0.0,0.0,0.0,0.0,0.0,0.0,0.0,0.0,0.0,0.0,0.0,0.0,0.0,1.0,0.0,1.0,0,0,0,0,0,0,0.0,0.0,0.0,benign,0,-,CTU-IoT-Malware-Capture-1-1,0,none,none
167,6,97.0,2.998805,3,0,1.0003984920660063,0.0,0.0,167,167,0.0,3,0,0,0,3.0,0.0,1,1,97.0,0.0,0,1,0,0,0,0,0,1,1.0,0.0,0.0,0.0,0.0,0.0,0.0,0.0,0.0,0.0,0.0,0.0,0.0,0.0,0.0,0.0,2.998805,0.07222222222222222,0.16655043426779584,0.0,1.0,1.0,1.0,0.0,0.16655043426779584,0.0,1,1,0,1,1,1,16.655043426779585,0.0,0.0,malicious,1,PartOfAHorizontalPortScan,CTU-IoT-Malware-Capture-1-1,1,combined,high
39,6,121.0,2.999066,3,0,1.0003114302919642,0.0,0.0,39,39,0.0,3,0,0,0,3.0,0.0,1,1,121.0,0.0,4,1,0,0,0,0,0,1,1.0,0.0,0.0,0.0,0.0,0.0,0.0,0.0,0.0,0.0,0.0,0.0,0.0,0.0,0.0,0.0,2.999066,0.7833333333333333,1.0,1.0,1.0,1.0,1.0,0.0,1.0,0.0,1,1,1,1,1,1,100.0,4.0,5.0,malicious,1,PartOfAHorizontalPortScan,CTU-IoT-Malware-Capture-1-1,1,combined,high
60,6,0.0,0.0,1,0,0.0,0.0,0.0,60,60,0.0,1,0,0,0,1.0,0.0,1,1,0.0,0.0,0,1,0,0,0,0,0,1,1.0,0.0,0.0,0.0,0.0,0.0,0.0,0.0,0.0,0.0,0.0,0.0,0.0,0.0,0.0,0.0,0.0,0.0,0.0,0.0,0.0,0.0,0.0,1.0,0.0,1.0,0,0,0,0,0,0,0.0,0.0,0.0,benign,0,-,CTU-IoT-Malware-Capture-1-1,0,none,none
40,17,0.0,0.0,1,0,0.0,0.0,0.0,40,40,0.0,1,0,0,0,1.0,0.0,1,1,0.0,0.0,0,1,0,0,0,0,0,1,1.0,0.0,0.0,0.0,0.0,0.0,0.0,0.0,0.0,0.0,0.0,0.0,0.0,0.0,0.0,0.0,0.0,0.0,0.0,0.0,0.0,0.0,0.0,1.0,0.0,1.0,0,0,0,0,0,0,0.0,0.0,0.0,benign,0,-,CTU-IoT-Malware-Capture-1-1,0,none,none
40,17,0.0,0.0,1,0,0.0,0.0,0.0,40,40,0.0,1,0,0,0,1.0,0.0,1,1,0.0,0.0,0,1,0,0,0,0,0,1,1.0,0.0,0.0,0.0,0.0,0.0,0.0,0.0,0.0,0.0,0.0,0.0,0.0,0.0,0.0,0.0,0.0,0.0,0.0,0.0,0.0,0.0,0.0,1.0,0.0,1.0,0,0,0,0,0,0,0.0,0.0,0.0,benign,0,-,CTU-IoT-Malware-Capture-1-1,0,none,none
195,6,91.0,2.999072,3,0,1.000309429050053,0.0,0.0,195,195,0.0,3,0,0,0,3.0,0.0,1,1,91.0,0.0,0,1,0,0,0,0,0,1,1.0,0.0,0.0,0.0,0.0,0.0,0.0,0.0,0.0,0.0,0.0,0.0,0.0,0.0,0.0,0.0,2.999072,0.08333333333333333,0.2798429977852644,0.0,1.0,1.0,1.0,0.0,0.2798429977852644,0.0,1,1,0,1,1,1,27.98429977852644,0.0,0.0,malicious,1,PartOfAHorizontalPortScan,CTU-IoT-Malware-Capture-1-1,1,combined,high
40,17,0.0,0.0,1,0,0.0,0.0,0.0,40,40,0.0,1,0,0,0,1.0,0.0,1,1,0.0,0.0,0,1,0,0,0,0,0,1,1.0,0.0,0.0,0.0,0.0,0.0,0.0,0.0,0.0,0.0,0.0,0.0,0.0,0.0,0.0,0.0,0.0,0.0,0.0,0.0,0.0,0.0,0.0,1.0,0.0,1.0,0,0,0,0,0,0,0.0,0.0,0.0,benign,0,-,CTU-IoT-Malware-Capture-1-1,0,none,none
45,6,85.0,0.0,1,0,0.0,0.0,0.0,45,45,0.0,1,0,0,0,1.0,0.0,1,1,85.0,0.0,0,1,0,0,0,0,0,1,1.0,0.0,0.0,0.0,0.0,0.0,0.0,0.0,0.0,0.0,0.0,0.0,0.0,0.0,0.0,0.0,0.0,0.25,0.04935170093984507,0.0,1.0,1.0,1.0,0.0,0.04935170093984507,0.0,1,1,0,1,1,1,4.935170093984507,0.0,0.0,malicious,1,PartOfAHorizontalPortScan,CTU-IoT-Malware-Capture-1-1,1,combined,high
40,17,0.0,0.0,1,0,0.0,0.0,0.0,40,40,0.0,1,0,0,0,1.0,0.0,1,1,0.0,0.0,0,1,0,0,0,0,0,1,1.0,0.0,0.0,0.0,0.0,0.0,0.0,0.0,0.0,0.0,0.0,0.0,0.0,0.0,0.0,0.0,0.0,0.0,0.0,0.0,0.0,0.0,0.0,1.0,0.0,1.0,0,0,0,0,0,0,0.0,0.0,0.0,benign,0,-,CTU-IoT-Malware-Capture-1-1,0,none,none
40,17,0.0,0.0,1,0,0.0,0.0,0.0,40,40,0.0,1,0,0,0,1.0,0.0,1,1,0.0,0.0,0,1,0,0,0,0,0,1,1.0,0.0,0.0,0.0,0.0,0.0,0.0,0.0,0.0,0.0,0.0,0.0,0.0,0.0,0.0,0.0,0.0,0.0,0.0,0.0,0.0,0.0,0.0,1.0,0.0,1.0,0,0,0,0,0,0,0.0,0.0,0.0,benign,0,-,CTU-IoT-Malware-Capture-1-1,0,none,none
40,17,0.0,0.0,1,0,0.0,0.0,0.0,40,40,0.0,1,0,0,0,1.0,0.0,1,1,0.0,0.0,0,1,0,0,0,0,0,1,1.0,0.0,0.0,0.0,0.0,0.0,0.0,0.0,0.0,0.0,0.0,0.0,0.0,0.0,0.0,0.0,0.0,0.0,0.0,0.0,0.0,0.0,0.0,1.0,0.0,1.0,0,0,0,0,0,0,0.0,0.0,0.0,benign,0,-,CTU-IoT-Malware-Capture-1-1,0,none,none
40,17,0.0,0.0,1,0,0.0,0.0,0.0,40,40,0.0,1,0,0,0,1.0,0.0,1,1,0.0,0.0,0,1,0,0,0,0,0,1,1.0,0.0,0.0,0.0,0.0,0.0,0.0,0.0,0.0,0.0,0.0,0.0,0.0,0.0,0.0,0.0,0.0,0.0,0.0,0.0,0.0,0.0,0.0,1.0,0.0,1.0,0,0,0,0,0,0,0.0,0.0,0.0,benign,0,-,CTU-IoT-Malware-Capture-1-1,0,none,none
104,6,57.0,2.999069,3,0,1.0003104296700076,0.0,0.0,104,104,0.0,3,0,0,0,3.0,0.0,1,1,57.0,0.0,1,1,0,0,0,0,0,1,1.0,0.0,0.0,0.0,0.0,0.0,0.0,0.0,0.0,0.0,0.0,0.0,0.0,0.0,0.0,0.0,2.999069,0.4222222222222222,0.8097031241266782,0.25,1.0,1.0,1.0,0.0,0.8097031241266782,0.0,1,1,1,1,1,1,80.97031241266782,1.0,2.0,malicious,1,PartOfAHorizontalPortScan,CTU-IoT-Malware-Capture-1-1,1,combined,high
40,17,0.0,0.0,1,0,0.0,0.0,0.0,40,40,0.0,1,0,0,0,1.0,0.0,1,1,0.0,0.0,0,1,0,0,0,0,0,1,1.0,0.0,0.0,0.0,0.0,0.0,0.0,0.0,0.0,0.0,0.0,0.0,0.0,0.0,0.0,0.0,0.0,0.0,0.0,0.0,0.0,0.0,0.0,1.0,0.0,1.0,0,0,0,0,0,0,0.0,0.0,0.0,benign,0,-,CTU-IoT-Malware-Capture-1-1,0,none,none
64,6,123.0,2.99907,3,0,1.0003100961298002,0.0,0.0,64,64,0.0,3,0,0,0,3.0,0.0,1,1,123.0,0.0,2,1,0,0,0,0,0,1,1.0,0.0,0.0,0.0,0.0,0.0,0.0,0.0,0.0,0.0,0.0,0.0,0.0,0.0,0.0,0.0,2.99907,0.6444444444444445,0.6660471619837967,0.5,1.0,1.0,1.0,0.0,0.6660471619837967,0.0,1,1,1,1,1,1,66.60471619837966,2.0,3.0,malicious,1,PartOfAHorizontalPortScan,CTU-IoT-Malware-Capture-1-1,1,combined,high
152,17,0.0,0.014731,2,96,135.76810807141402,6516.869187427874,48.0,152,152,0.0,1,1,48,48,1.0,1.0,1,1,0.0,0.0,0,1,0,1,0,0,0,2,0.5,0.0,0.5,0.0,0.0,0.0,0.0,0.0,0.0,0.0,0.0,0.0,0.0,0.0,0.0,0.0,0.014731,0.0,0.0,0.0,0.0,0.0,0.0,1.0,0.0,1.0,0,0,0,0,0,0,0.0,0.0,0.0,benign,0,-,CTU-IoT-Malware-Capture-1-1,0,none,none
20,6,72.0,0.0,1,0,0.0,0.0,0.0,20,20,0.0,1,0,0,0,1.0,0.0,1,1,72.0,0.0,2,1,0,0,0,0,0,1,1.0,0.0,0.0,0.0,0.0,0.0,0.0,0.0,0.0,0.0,0.0,0.0,0.0,0.0,0.0,0.0,0.0,0.6666666666666666,1.0,0.5,1.0,1.0,1.0,0.0,1.0,0.0,1,1,1,1,1,1,100.0,2.0,3.0,malicious,1,PartOfAHorizontalPortScan,CTU-IoT-Malware-Capture-1-1,1,combined,high
53,6,63.0,0.0,1,0,0.0,0.0,0.0,53,53,0.0,1,0,0,0,1.0,0.0,1,1,63.0,0.0,0,1,0,0,0,0,0,1,1.0,0.0,0.0,0.0,0.0,0.0,0.0,0.0,0.0,0.0,0.0,0.0,0.0,0.0,0.0,0.0,0.0,0.11666666666666667,0.01,0.0,1.0,1.0,1.0,0.0,0.01,0.0,1,1,0,1,1,1,1.0,0.0,0.0,malicious,1,PartOfAHorizontalPortScan,CTU-IoT-Malware-Capture-1-1,1,combined,high
40,17,0.0,0.0,1,0,0.0,0.0,0.0,40,40,0.0,1,0,0,0,1.0,0.0,1,1,0.0,0.0,0,1,0,0,0,0,0,1,1.0,0.0,0.0,0.0,0.0,0.0,0.0,0.0,0.0,0.0,0.0,0.0,0.0,0.0,0.0,0.0,0.0,0.0,0.0,0.0,0.0,0.0,0.0,1.0,0.0,1.0,0,0,0,0,0,0,0.0,0.0,0.0,benign,0,-,CTU-IoT-Malware-Capture-1-1,0,none,none
20,6,35.0,0.0,1,0,0.0,0.0,0.0,20,20,0.0,1,0,0,0,1.0,0.0,1,1,35.0,0.0,4,1,0,0,0,0,0,1,1.0,0.0,0.0,0.0,0.0,0.0,0.0,0.0,0.0,0.0,0.0,0.0,0.0,0.0,0.0,0.0,0.0,0.6666666666666666,1.0,1.0,1.0,1.0,1.0,0.0,1.0,0.0,1,1,1,1,1,1,100.0,4.0,5.0,malicious,1,PartOfAHorizontalPortScan,CTU-IoT-Malware-Capture-1-1,1,combined,high
40,17,0.0,0.0,1,0,0.0,0.0,0.0,40,40,0.0,1,0,0,0,1.0,0.0,1,1,0.0,0.0,0,1,0,0,0,0,0,1,1.0,0.0,0.0,0.0,0.0,0.0,0.0,0.0,0.0,0.0,0.0,0.0,0.0,0.0,0.0,0.0,0.0,0.0,0.0,0.0,0.0,0.0,0.0,1.0,0.0,1.0,0,0,0,0,0,0,0.0,0.0,0.0,benign,0,-,CTU-IoT-Malware-Capture-1-1,0,none,none
40,17,0.0,0.0,1,0,0.0,0.0,0.0,40,40,0.0,1,0,0,0,1.0,0.0,1,1,0.0,0.0,0,1,0,0,0,0,0,1,1.0,0.0,0.0,0.0,0.0,0.0,0.0,0.0,0.0,0.0,0.0,0.0,0.0,0.0,0.0,0.0,0.0,0.0,0.0,0.0,0.0,0.0,0.0,1.0,0.0,1.0,0,0,0,0,0,0,0.0,0.0,0.0,benign,0,-,CTU-IoT-Malware-Capture-1-1,0,none,none
40,17,0.0,0.0,1,0,0.0,0.0,0.0,40,40,0.0,1,0,0,0,1.0,0.0,1,1,0.0,0.0,0,1,0,0,0,0,0,1,1.0,0.0,0.0,0.0,0.0,0.0,0.0,0.0,0.0,0.0,0.0,0.0,0.0,0.0,0.0,0.0,0.0,0.0,0.0,0.0,0.0,0.0,0.0,1.0,0.0,1.0,0,0,0,0,0,0,0.0,0.0,0.0,benign,0,-,CTU-IoT-Malware-Capture-1-1,0,none,none
190,6,114.0,2.998566,3,0,1.0004782285932676,0.0,0.0,190,190,0.0,3,0,0,0,3.0,0.0,1,1,114.0,0.0,0,1,0,0,0,0,0,1,1.0,0.0,0.0,0.0,0.0,0.0,0.0,0.0,0.0,0.0,0.0,0.0,0.0,0.0,0.0,0.0,2.998566,0.05555555555555555,0.5525778877030644,0.0,1.0,1.0,1.0,0.0,0.5525778877030644,0.0,1,1,0,1,1,1,55.25778877030643,0.0,0.0,malicious,1,PartOfAHorizontalPortScan,CTU-IoT-Malware-Capture-1-1,1,combined,high
56,1,0.0,0.0,1,0,0.0,0.0,0.0,56,56,0.0,1,0,0,0,1.0,0.0,1,1,0.0,0.0,0,0,0,0,0,0,0,0,0.0,0.0,0.0,0.0,0.0,0.0,0.0,0.0,0.0,0.0,0.0,0.0,0.0,0.0,0.0,0.0,0.0,0.0,0.0,0.0,0.0,0.0,0.0,1.0,0.0,1.0,0,0,0,0,0,0,0.0,0.0,0.0,benign,0,-,CTU-IoT-Malware-Capture-1-1,0,none,none
56,6,89.0,2.999063,3,0,1.0003124309159228,0.0,0.0,56,56,0.0,3,0,0,0,3.0,0.0,1,1,89.0,0.0,3,1,0,0,0,0,0,1,1.0,0.0,0.0,0.0,0.0,0.0,0.0,0.0,0.0,0.0,0.0,0.0,0.0,0.0,0.0,0.0,2.999063,0.6888888888888889,0.2609068935639991,0.75,1.0,1.0,1.0,0.0,0.2609068935639991,0.0,1,1,1,1,1,1,26.09068935639991,3.0,4.0,malicious,1,PartOfAHorizontalPortScan,CTU-IoT-Malware-Capture-1-1,1,combined,high
20,6,91.0,0.0,1,0,0.0,0.0,0.0,20,20,0.0,1,0,0,0,1.0,0.0,1,1,91.0,0.0,4,1,0,0,0,0,0,1,1.0,0.0,0.0,0.0,0.0,0.0,0.0,0.0,0.0,0.0,0.0,0.0,0.0,0.0,0.0,0.0,0.0,0.6666666666666666,0.4314857078203282,1.0,1.0,1.0,1.0,0.0,0.4314857078203282,0.0,1,1,1,1,1,1,43.14857078203282,4.0,5.0,malicious,1,PartOfAHorizontalPortScan,CTU-IoT-Malware-Capture-1-1,1,combined,high
180,6,0.0,2.994058,3,0,1.0019845974927675,0.0,0.0,180,180,0.0,3,0,0,0,3.0,0.0,1,1,0.0,0.0,0,1,0,0,0,0,0,1,1.0,0.0,0.0,0.0,0.0,0.0,0.0,0.0,0.0,0.0,0.0,0.0,0.0,0.0,0.0,0.0,2.994058,0.0,0.0,0.0,0.0,0.0,0.0,1.0,0.0,1.0,0,0,0,0,0,0,0.0,0.0,0.0,benign,0,-,CTU-IoT-Malware-Capture-1-1,0,none,none
40,17,0.0,0.0,1,0,0.0,0.0,0.0,40,40,0.0,1,0,0,0,1.0,0.0,1,1,0.0,0.0,0,1,0,0,0,0,0,1,1.0,0.0,0.0,0.0,0.0,0.0,0.0,0.0,0.0,0.0,0.0,0.0,0.0,0.0,0.0,0.0,0.0,0.0,0.0,0.0,0.0,0.0,0.0,1.0,0.0,1.0,0,0,0,0,0,0,0.0,0.0,0.0,benign,0,-,CTU-IoT-Malware-Capture-1-1,0,none,none
20,6,76.0,0.0,1,0,0.0,0.0,0.0,20,20,0.0,1,0,0,0,1.0,0.0,1,1,76.0,0.0,4,1,0,0,0,0,0,1,1.0,0.0,0.0,0.0,0.0,0.0,0.0,0.0,0.0,0.0,0.0,0.0,0.0,0.0,0.0,0.0,0.0,0.6666666666666666,0.873142228240472,1.0,1.0,1.0,1.0,0.0,0.873142228240472,0.0,1,1,1,1,1,1,87.3142228240472,4.0,5.0,malicious,1,PartOfAHorizontalPortScan,CTU-IoT-Malware-Capture-1-1,1,combined,high
40,17,0.0,0.0,1,0,0.0,0.0,0.0,40,40,0.0,1,0,0,0,1.0,0.0,1,1,0.0,0.0,0,1,0,0,0,0,0,1,1.0,0.0,0.0,0.0,0.0,0.0,0.0,0.0,0.0,0.0,0.0,0.0,0.0,0.0,0.0,0.0,0.0,0.0,0.0,0.0,0.0,0.0,0.0,1.0,0.0,1.0,0,0,0,0,0,0,0.0,0.0,0.0,benign,0,-,CTU-IoT-Malware-Capture-1-1,0,none,none
64,6,82.0,2.99907,3,0,1.0003100961298002,0.0,0.0,64,64,0.0,3,0,0,0,3.0,0.0,1,1,82.0,0.0,2,1,0,0,0,0,0,1,1.0,0.0,0.0,0.0,0.0,0.0,0.0,0.0,0.0,0.0,0.0,0.0,0.0,0.0,0.0,0.0,2.99907,0.6444444444444445,0.6660471619837967,0.5,1.0,1.0,1.0,0.0,0.6660471619837967,0.0,1,1,1,1,1,1,66.60471619837966,2.0,3.0,malicious,1,PartOfAHorizontalPortScan,CTU-IoT-Malware-Capture-1-1,1,combined,high
20,6,33.0,0.0,1,0,0.0,0.0,0.0,20,20,0.0,1,0,0,0,1.0,0.0,1,1,33.0,0.0,2,1,0,0,0,0,0,1,1.0,0.0,0.0,0.0,0.0,0.0,0.0,0.0,0.0,0.0,0.0,0.0,0.0,0.0,0.0,0.0,0.0,0.6666666666666666,0.01,0.5,1.0,1.0,1.0,0.0,0.01,0.0,1,1,1,1,1,1,1.0,2.0,3.0,malicious,1,PartOfAHorizontalPortScan,CTU-IoT-Malware-Capture-1-1,1,combined,high
22,6,84.0,0.0,1,0,0.0,0.0,0.0,22,22,0.0,1,0,0,0,1.0,0.0,1,1,84.0,0.0,2,1,0,0,0,0,0,1,1.0,0.0,0.0,0.0,0.0,0.0,0.0,0.0,0.0,0.0,0.0,0.0,0.0,0.0,0.0,0.0,0.0,0.6333333333333333,1.0,0.5,1.0,1.0,1.0,0.0,1.0,0.0,1,1,1,1,1,1,100.0,2.0,3.0,malicious,1,PartOfAHorizontalPortScan,CTU-IoT-Malware-Capture-1-1,1,combined,high
100,6,82.0,2.998559,3,0,1.0004805641643202,0.0,0.0,100,100,0.0,3,0,0,0,3.0,0.0,1,1,82.0,0.0,1,1,0,0,0,0,0,1,1.0,0.0,0.0,0.0,0.0,0.0,0.0,0.0,0.0,0.0,0.0,0.0,0.0,0.0,0.0,0.0,2.998559,0.4444444444444444,0.21693164598488018,0.25,1.0,1.0,1.0,0.0,0.21693164598488018,0.0,1,1,1,1,1,1,21.693164598488018,1.0,2.0,malicious,1,PartOfAHorizontalPortScan,CTU-IoT-Malware-Capture-1-1,1,combined,high
56,1,0.0,0.0,1,0,0.0,0.0,0.0,56,56,0.0,1,0,0,0,1.0,0.0,1,1,0.0,0.0,0,0,0,0,0,0,0,0,0.0,0.0,0.0,0.0,0.0,0.0,0.0,0.0,0.0,0.0,0.0,0.0,0.0,0.0,0.0,0.0,0.0,0.0,0.0,0.0,0.0,0.0,0.0,1.0,0.0,1.0,0,0,0,0,0,0,0.0,0.0,0.0,benign,0,-,CTU-IoT-Malware-Capture-1-1,0,none,none
40,17,0.0,0.0,1,0,0.0,0.0,0.0,40,40,0.0,1,0,0,0,1.0,0.0,1,1,0.0,0.0,0,1,0,0,0,0,0,1,1.0,0.0,0.0,0.0,0.0,0.0,0.0,0.0,0.0,0.0,0.0,0.0,0.0,0.0,0.0,0.0,0.0,0.0,0.0,0.0,0.0,0.0,0.0,1.0,0.0,1.0,0,0,0,0,0,0,0.0,0.0,0.0,benign,0,-,CTU-IoT-Malware-Capture-1-1,0,none,none
66,6,66.0,0.0,1,0,0.0,0.0,0.0,66,66,0.0,1,0,0,0,1.0,0.0,1,1,66.0,0.0,0,1,0,0,0,0,0,1,1.0,0.0,0.0,0.0,0.0,0.0,0.0,0.0,0.0,0.0,0.0,0.0,0.0,0.0,0.0,0.0,0.0,0.1,0.811293389799896,0.0,1.0,1.0,1.0,0.0,0.811293389799896,0.0,1,1,0,1,1,1,81.1293389799896,0.0,0.0,malicious,1,PartOfAHorizontalPortScan,CTU-IoT-Malware-Capture-1-1,1,combined,high
56,1,0.0,0.0,1,0,0.0,0.0,0.0,56,56,0.0,1,0,0,0,1.0,0.0,1,1,0.0,0.0,0,0,0,0,0,0,0,0,0.0,0.0,0.0,0.0,0.0,0.0,0.0,0.0,0.0,0.0,0.0,0.0,0.0,0.0,0.0,0.0,0.0,0.0,0.0,0.0,0.0,0.0,0.0,1.0,0.0,1.0,0,0,0,0,0,0,0.0,0.0,0.0,benign,0,-,CTU-IoT-Malware-Capture-1-1,0,none,none
40,17,0.0,0.0,1,0,0.0,0.0,0.0,40,40,0.0,1,0,0,0,1.0,0.0,1,1,0.0,0.0,0,1,0,0,0,0,0,1,1.0,0.0,0.0,0.0,0.0,0.0,0.0,0.0,0.0,0.0,0.0,0.0,0.0,0.0,0.0,0.0,0.0,0.0,0.0,0.0,0.0,0.0,0.0,1.0,0.0,1.0,0,0,0,0,0,0,0.0,0.0,0.0,benign,0,-,CTU-IoT-Malware-Capture-1-1,0,none,none
40,17,0.0,0.0,1,0,0.0,0.0,0.0,40,40,0.0,1,0,0,0,1.0,0.0,1,1,0.0,0.0,0,1,0,0,0,0,0,1,1.0,0.0,0.0,0.0,0.0,0.0,0.0,0.0,0.0,0.0,0.0,0.0,0.0,0.0,0.0,0.0,0.0,0.0,0.0,0.0,0.0,0.0,0.0,1.0,0.0,1.0,0,0,0,0,0,0,0.0,0.0,0.0,benign,0,-,CTU-IoT-Malware-Capture-1-1,0,none,none
65,6,99.0,0.0,1,0,0.0,0.0,0.0,65,65,0.0,1,0,0,0,1.0,0.0,1,1,99.0,0.0,0,1,0,0,0,0,0,1,1.0,0.0,0.0,0.0,0.0,0.0,0.0,0.0,0.0,0.0,0.0,0.0,0.0,0.0,0.0,0.0,0.0,0.08333333333333333,0.1664365710249628,0.0,1.0,1.0,1.0,0.0,0.1664365710249628,0.0,1,1,0,1,1,1,16.643657102496277,0.0,0.0,malicious,1,PartOfAHorizontalPortScan,CTU-IoT-Malware-Capture-1-1,1,combined,high
40,17,0.0,0.0,1,0,0.0,0.0,0.0,40,40,0.0,1,0,0,0,1.0,0.0,1,1,0.0,0.0,0,1,0,0,0,0,0,1,1.0,0.0,0.0,0.0,0.0,0.0,0.0,0.0,0.0,0.0,0.0,0.0,0.0,0.0,0.0,0.0,0.0,0.0,0.0,0.0,0.0,0.0,0.0,1.0,0.0,1.0,0,0,0,0,0,0,0.0,0.0,0.0,benign,0,-,CTU-IoT-Malware-Capture-1-1,0,none,none
40,17,0.0,0.0,1,0,0.0,0.0,0.0,40,40,0.0,1,0,0,0,1.0,0.0,1,1,0.0,0.0,0,1,0,0,0,0,0,1,1.0,0.0,0.0,0.0,0.0,0.0,0.0,0.0,0.0,0.0,0.0,0.0,0.0,0.0,0.0,0.0,0.0,0.0,0.0,0.0,0.0,0.0,0.0,1.0,0.0,1.0,0,0,0,0,0,0,0.0,0.0,0.0,benign,0,-,CTU-IoT-Malware-Capture-1-1,0,none,none
40,17,0.0,0.0,1,0,0.0,0.0,0.0,40,40,0.0,1,0,0,0,1.0,0.0,1,1,0.0,0.0,0,1,0,0,0,0,0,1,1.0,0.0,0.0,0.0,0.0,0.0,0.0,0.0,0.0,0.0,0.0,0.0,0.0,0.0,0.0,0.0,0.0,0.0,0.0,0.0,0.0,0.0,0.0,1.0,0.0,1.0,0,0,0,0,0,0,0.0,0.0,0.0,benign,0,-,CTU-IoT-Malware-Capture-1-1,0,none,none
40,17,0.0,0.0,1,0,0.0,0.0,0.0,40,40,0.0,1,0,0,0,1.0,0.0,1,1,0.0,0.0,0,1,0,0,0,0,0,1,1.0,0.0,0.0,0.0,0.0,0.0,0.0,0.0,0.0,0.0,0.0,0.0,0.0,0.0,0.0,0.0,0.0,0.0,0.0,0.0,0.0,0.0,0.0,1.0,0.0,1.0,0,0,0,0,0,0,0.0,0.0,0.0,benign,0,-,CTU-IoT-Malware-Capture-1-1,0,none,none
20,6,40.0,0.0,1,0,0.0,0.0,0.0,20,20,0.0,1,0,0,0,1.0,0.0,1,1,40.0,0.0,2,1,0,0,0,0,0,1,1.0,0.0,0.0,0.0,0.0,0.0,0.0,0.0,0.0,0.0,0.0,0.0,0.0,0.0,0.0,0.0,0.0,0.6666666666666666,0.4723431754280531,0.5,1.0,1.0,1.0,0.0,0.4723431754280531,0.0,1,1,1,1,1,1,47.23431754280531,2.0,3.0,malicious,1,PartOfAHorizontalPortScan,CTU-IoT-Malware-Capture-1-1,1,combined,high
20,6,68.0,0.0,1,0,0.0,0.0,0.0,20,20,0.0,1,0,0,0,1.0,0.0,1,1,68.0,0.0,3,1,0,0,0,0,0,1,1.0,0.0,0.0,0.0,0.0,0.0,0.0,0.0,0.0,0.0,0.0,0.0,0.0,0.0,0.0,0.0,0.0,0.6666666666666666,0.06862396585520114,0.75,1.0,1.0,1.0,0.0,0.06862396585520114,0.0,1,1,1,1,1,1,6.862396585520114,3.0,4.0,malicious,1,PartOfAHorizontalPortScan,CTU-IoT-Malware-Capture-1-1,1,combined,high
20,6,119.0,0.0,1,0,0.0,0.0,0.0,20,20,0.0,1,0,0,0,1.0,0.0,1,1,119.0,0.0,2,1,0,0,0,0,0,1,1.0,0.0,0.0,0.0,0.0,0.0,0.0,0.0,0.0,0.0,0.0,0.0,0.0,0.0,0.0,0.0,0.0,0.6666666666666666,0.4723431754280531,0.5,1.0,1.0,1.0,0.0,0.4723431754280531,0.0,1,1,1,1,1,1,47.23431754280531,2.0,3.0,malicious,1,PartOfAHorizontalPortScan,CTU-IoT-Malware-Capture-1-1,1,combined,high
40,17,0.0,0.0,1,0,0.0,0.0,0.0,40,40,0.0,1,0,0,0,1.0,0.0,1,1,0.0,0.0,0,1,0,0,0,0,0,1,1.0,0.0,0.0,0.0,0.0,0.0,0.0,0.0,0.0,0.0,0.0,0.0,0.0,0.0,0.0,0.0,0.0,0.0,0.0,0.0,0.0,0.0,0.0,1.0,0.0,1.0,0,0,0,0,0,0,0.0,0.0,0.0,benign,0,-,CTU-IoT-Malware-Capture-1-1,0,none,none
40,17,0.0,0.0,1,0,0.0,0.0,0.0,40,40,0.0,1,0,0,0,1.0,0.0,1,1,0.0,0.0,0,1,0,0,0,0,0,1,1.0,0.0,0.0,0.0,0.0,0.0,0.0,0.0,0.0,0.0,0.0,0.0,0.0,0.0,0.0,0.0,0.0,0.0,0.0,0.0,0.0,0.0,0.0,1.0,0.0,1.0,0,0,0,0,0,0,0.0,0.0,0.0,benign,0,-,CTU-IoT-Malware-Capture-1-1,0,none,none
40,17,0.0,0.0,1,0,0.0,0.0,0.0,40,40,0.0,1,0,0,0,1.0,0.0,1,1,0.0,0.0,0,1,0,0,0,0,0,1,1.0,0.0,0.0,0.0,0.0,0.0,0.0,0.0,0.0,0.0,0.0,0.0,0.0,0.0,0.0,0.0,0.0,0.0,0.0,0.0,0.0,0.0,0.0,1.0,0.0,1.0,0,0,0,0,0,0,0.0,0.0,0.0,benign,0,-,CTU-IoT-Malware-Capture-1-1,0,none,none
152,17,0.0,0.001239,2,96,1614.2050040355125,77481.8401937046,48.0,152,152,0.0,1,1,48,48,1.0,1.0,1,1,0.0,0.0,0,1,0,1,0,0,0,2,0.5,0.0,0.5,0.0,0.0,0.0,0.0,0.0,0.0,0.0,0.0,0.0,0.0,0.0,0.0,0.0,0.001239,0.0,0.0,0.0,0.0,0.0,0.0,1.0,0.0,1.0,0,0,0,0,0,0,0.0,0.0,0.0,benign,0,-,CTU-IoT-Malware-Capture-1-1,0,none,none
74,6,101.0,0.0,1,0,0.0,0.0,0.0,74,74,0.0,1,0,0,0,1.0,0.0,1,1,101.0,0.0,0,1,0,0,0,0,0,1,1.0,0.0,0.0,0.0,0.0,0.0,0.0,0.0,0.0,0.0,0.0,0.0,0.0,0.0,0.0,0.0,0.0,0.23333333333333334,0.2816961679237558,0.0,1.0,1.0,1.0,0.0,0.2816961679237558,0.0,1,1,0,1,1,1,28.16961679237558,0.0,0.0,malicious,1,PartOfAHorizontalPortScan,CTU-IoT-Malware-Capture-1-1,1,combined,high
24,6,41.0,0.0,1,0,0.0,0.0,0.0,24,24,0.0,1,0,0,0,1.0,0.0,1,1,41.0,0.0,1,1,0,0,0,0,0,1,1.0,0.0,0.0,0.0,0.0,0.0,0.0,0.0,0.0,0.0,0.0,0.0,0.0,0.0,0.0,0.0,0.0,0.6,0.4773988805915517,0.25,1.0,1.0,1.0,0.0,0.4773988805915517,0.0,1,1,1,1,1,1,47.73988805915517,1.0,2.0,malicious,1,PartOfAHorizontalPortScan,CTU-IoT-Malware-Capture-1-1,1,combined,high
20,6,60.0,0.0,1,0,0.0,0.0,0.0,20,20,0.0,1,0,0,0,1.0,0.0,1,1,60.0,0.0,4,1,0,0,0,0,0,1,1.0,0.0,0.0,0.0,0.0,0.0,0.0,0.0,0.0,0.0,0.0,0.0,0.0,0.0,0.0,0.0,0.0,0.6666666666666666,0.8712188561733336,1.0,1.0,1.0,1.0,0.0,0.8712188561733336,0.0,1,1,1,1,1,1,87.12188561733336,4.0,5.0,malicious,1,PartOfAHorizontalPortScan,CTU-IoT-Malware-Capture-1-1,1,combined,high
40,17,0.0,0.0,1,0,0.0,0.0,0.0,40,40,0.0,1,0,0,0,1.0,0.0,1,1,0.0,0.0,0,1,0,0,0,0,0,1,1.0,0.0,0.0,0.0,0.0,0.0,0.0,0.0,0.0,0.0,0.0,0.0,0.0,0.0,0.0,0.0,0.0,0.0,0.0,0.0,0.0,0.0,0.0,1.0,0.0,1.0,0,0,0,0,0,0,0.0,0.0,0.0,benign,0,-,CTU-IoT-Malware-Capture-1-1,0,none,none
20,6,106.0,0.0,1,0,0.0,0.0,0.0,20,20,0.0,1,0,0,0,1.0,0.0,1,1,106.0,0.0,4,1,0,0,0,0,0,1,1.0,0.0,0.0,0.0,0.0,0.0,0.0,0.0,0.0,0.0,0.0,0.0,0.0,0.0,0.0,0.0,0.0,0.6666666666666666,0.051993243816145694,1.0,1.0,1.0,1.0,0.0,0.051993243816145694,0.0,1,1,1,1,1,1,5.199324381614569,4.0,5.0,malicious,1,PartOfAHorizontalPortScan,CTU-IoT-Malware-Capture-1-1,1,combined,high
40,17,0.0,0.0,1,0,0.0,0.0,0.0,40,40,0.0,1,0,0,0,1.0,0.0,1,1,0.0,0.0,0,1,0,0,0,0,0,1,1.0,0.0,0.0,0.0,0.0,0.0,0.0,0.0,0.0,0.0,0.0,0.0,0.0,0.0,0.0,0.0,0.0,0.0,0.0,0.0,0.0,0.0,0.0,1.0,0.0,1.0,0,0,0,0,0,0,0.0,0.0,0.0,benign,0,-,CTU-IoT-Malware-Capture-1-1,0,none,none
55,6,107.0,0.0,1,0,0.0,0.0,0.0,55,55,0.0,1,0,0,0,1.0,0.0,1,1,107.0,0.0,0,1,0,0,0,0,0,1,1.0,0.0,0.0,0.0,0.0,0.0,0.0,0.0,0.0,0.0,0.0,0.0,0.0,0.0,0.0,0.0,0.0,0.08333333333333333,0.4023792773982239,0.0,1.0,1.0,1.0,0.0,0.4023792773982239,0.0,1,1,0,1,1,1,40.23792773982239,0.0,0.0,malicious,1,PartOfAHorizontalPortScan,CTU-IoT-Malware-Capture-1-1,1,combined,high
40,17,0.0,0.0,1,0,0.0,0.0,0.0,40,40,0.0,1,0,0,0,1.0,0.0,1,1,0.0,0.0,0,1,0,0,0,0,0,1,1.0,0.0,0.0,0.0,0.0,0.0,0.0,0.0,0.0,0.0,0.0,0.0,0.0,0.0,0.0,0.0,0.0,0.0,0.0,0.0,0.0,0.0,0.0,1.0,0.0,1.0,0,0,0,0,0,0,0.0,0.0,0.0,benign,0,-,CTU-IoT-Malware-Capture-1-1,0,none,none
180,6,0.0,2.999309,3,0,1.0002303863990007,0.0,0.0,180,180,0.0,3,0,0,0,3.0,0.0,1,1,0.0,0.0,0,1,0,0,0,0,0,1,1.0,0.0,0.0,0.0,0.0,0.0,0.0,0.0,0.0,0.0,0.0,0.0,0.0,0.0,0.0,0.0,2.999309,0.0,0.0,0.0,0.0,0.0,0.0,1.0,0.0,1.0,0,0,0,0,0,0,0.0,0.0,0.0,benign,0,-,CTU-IoT-Malware-Capture-1-1,0,none,none
45,6,76.0,0.0,1,0,0.0,0.0,0.0,45,45,0.0,1,0,0,0,1.0,0.0,1,1,76.0,0.0,0,1,0,0,0,0,0,1,1.0,0.0,0.0,0.0,0.0,0.0,0.0,0.0,0.0,0.0,0.0,0.0,0.0,0.0,0.0,0.0,0.0,0.25,0.4941739340012792,0.0,1.0,1.0,1.0,0.0,0.4941739340012792,0.0,1,1,0,1,1,1,49.41739340012792,0.0,0.0,malicious,1,PartOfAHorizontalPortScan,CTU-IoT-Malware-Capture-1-1,1,combined,high
152,17,0.0,0.003737,2,96,535.1886540005352,25689.05539202569,48.0,152,152,0.0,1,1,48,48,1.0,1.0,1,1,0.0,0.0,0,1,0,1,0,0,0,2,0.5,0.0,0.5,0.0,0.0,0.0,0.0,0.0,0.0,0.0,0.0,0.0,0.0,0.0,0.0,0.0,0.003737,0.0,0.0,0.0,0.0,0.0,0.0,1.0,0.0,1.0,0,0,0,0,0,0,0.0,0.0,0.0,benign,0,-,CTU-IoT-Malware-Capture-1-1,0,none,none
40,17,0.0,0.0,1,0,0.0,0.0,0.0,40,40,0.0,1,0,0,0,1.0,0.0,1,1,0.0,0.0,0,1,0,0,0,0,0,1,1.0,0.0,0.0,0.0,0.0,0.0,0.0,0.0,0.0,0.0,0.0,0.0,0.0,0.0,0.0,0.0,0.0,0.0,0.0,0.0,0.0,0.0,0.0,1.0,0.0,1.0,0,0,0,0,0,0,0.0,0.0,0.0,benign,0,-,CTU-IoT-Malware-Capture-1-1,0,none,none
40,17,0.0,0.0,1,0,0.0,0.0,0.0,40,40,0.0,1,0,0,0,1.0,0.0,1,1,0.0,0.0,0,1,0,0,0,0,0,1,1.0,0.0,0.0,0.0,0.0,0.0,0.0,0.0,0.0,0.0,0.0,0.0,0.0,0.0,0.0,0.0,0.0,0.0,0.0,0.0,0.0,0.0,0.0,1.0,0.0,1.0,0,0,0,0,0,0,0.0,0.0,0.0,benign,0,-,CTU-IoT-Malware-Capture-1-1,0,none,none
23,6,87.0,0.0,1,0,0.0,0.0,0.0,23,23,0.0,1,0,0,0,1.0,0.0,1,1,87.0,0.0,2,1,0,0,0,0,0,1,1.0,0.0,0.0,0.0,0.0,0.0,0.0,0.0,0.0,0.0,0.0,0.0,0.0,0.0,0.0,0.0,0.0,0.6166666666666667,0.19479639021307668,0.5,1.0,1.0,1.0,0.0,0.19479639021307668,0.0,1,1,1,1,1,1,19.47963902130767,2.0,3.0,malicious,1,PartOfAHorizontalPortScan,CTU-IoT-Malware-Capture-1-1,1,combined,high
176,1,0.0,4e-06,2,120,500000.0,30000000.0,60.0,176,176,0.0,2,0,120,0,2.0,120.0,1,1,0.0,0.0,0,0,0,0,0,0,0,0,0.0,0.0,0.0,0.0,0.0,0.0,0.0,0.0,0.0,0.0,0.0,0.0,0.0,0.0,0.0,0.0,4e-06,0.0,0.0,0.0,0.0,0.0,0.0,1.0,0.0,1.0,0,0,0,0,0,0,0.0,0.0,0.0,benign,0,-,CTU-IoT-Malware-Capture-1-1,0,none,none
40,17,0.0,0.0,1,0,0.0,0.0,0.0,40,40,0.0,1,0,0,0,1.0,0.0,1,1,0.0,0.0,0,1,0,0,0,0,0,1,1.0,0.0,0.0,0.0,0.0,0.0,0.0,0.0,0.0,0.0,0.0,0.0,0.0,0.0,0.0,0.0,0.0,0.0,0.0,0.0,0.0,0.0,0.0,1.0,0.0,1.0,0,0,0,0,0,0,0.0,0.0,0.0,benign,0,-,CTU-IoT-Malware-Capture-1-1,0,none,none
43,6,38.0,2.998807,3,0,1.000397824868356,0.0,0.0,43,43,0.0,3,0,0,0,3.0,0.0,1,1,38.0,0.0,3,1,0,0,0,0,0,1,1.0,0.0,0.0,0.0,0.0,0.0,0.0,0.0,0.0,0.0,0.0,0.0,0.0,0.0,0.0,0.0,2.998807,0.7611111111111111,0.26678239731574965,0.75,1.0,1.0,1.0,0.0,0.26678239731574965,0.0,1,1,1,1,1,1,26.678239731574966,3.0,4.0,malicious,1,PartOfAHorizontalPortScan,CTU-IoT-Malware-Capture-1-1,1,combined,high
37,6,76.0,2.999059,3,0,1.0003137650843148,0.0,0.0,37,37,0.0,3,0,0,0,3.0,0.0,1,1,76.0,0.0,4,1,0,0,0,0,0,1,1.0,0.0,0.0,0.0,0.0,0.0,0.0,0.0,0.0,0.0,0.0,0.0,0.0,0.0,0.0,0.0,2.999059,0.7944444444444444,0.01,1.0,1.0,1.0,1.0,0.0,0.01,0.0,1,1,1,1,1,1,1.0,4.0,5.0,malicious,1,PartOfAHorizontalPortScan,CTU-IoT-Malware-Capture-1-1,1,combined,high
40,17,0.0,0.0,1,0,0.0,0.0,0.0,40,40,0.0,1,0,0,0,1.0,0.0,1,1,0.0,0.0,0,1,0,0,0,0,0,1,1.0,0.0,0.0,0.0,0.0,0.0,0.0,0.0,0.0,0.0,0.0,0.0,0.0,0.0,0.0,0.0,0.0,0.0,0.0,0.0,0.0,0.0,0.0,1.0,0.0,1.0,0,0,0,0,0,0,0.0,0.0,0.0,benign,0,-,CTU-IoT-Malware-Capture-1-1,0,none,none
40,17,0.0,0.0,1,0,0.0,0.0,0.0,40,40,0.0,1,0,0,0,1.0,0.0,1,1,0.0,0.0,0,1,0,0,0,0,0,1,1.0,0.0,0.0,0.0,0.0,0.0,0.0,0.0,0.0,0.0,0.0,0.0,0.0,0.0,0.0,0.0,0.0,0.0,0.0,0.0,0.0,0.0,0.0,1.0,0.0,1.0,0,0,0,0,0,0,0.0,0.0,0.0,benign,0,-,CTU-IoT-Malware-Capture-1-1,0,none,none
36,6,79.0,2.998565,3,0,1.0004785622456074,0.0,0.0,36,36,0.0,3,0,0,0,3.0,0.0,1,1,79.0,0.0,4,1,0,0,0,0,0,1,1.0,0.0,0.0,0.0,0.0,0.0,0.0,0.0,0.0,0.0,0.0,0.0,0.0,0.0,0.0,0.0,2.998565,0.8,1.0,1.0,1.0,1.0,1.0,0.0,1.0,0.0,1,1,1,1,1,1,100.0,4.0,5.0,malicious,1,PartOfAHorizontalPortScan,CTU-IoT-Malware-Capture-1-1,1,combined,high
40,17,0.0,0.0,1,0,0.0,0.0,0.0,40,40,0.0,1,0,0,0,1.0,0.0,1,1,0.0,0.0,0,1,0,0,0,0,0,1,1.0,0.0,0.0,0.0,0.0,0.0,0.0,0.0,0.0,0.0,0.0,0.0,0.0,0.0,0.0,0.0,0.0,0.0,0.0,0.0,0.0,0.0,0.0,1.0,0.0,1.0,0,0,0,0,0,0,0.0,0.0,0.0,benign,0,-,CTU-IoT-Malware-Capture-1-1,0,none,none
29,6,127.0,0.0,1,0,0.0,0.0,0.0,29,29,0.0,1,0,0,0,1.0,0.0,1,1,127.0,0.0,1,1,0,0,0,0,0,1,1.0,0.0,0.0,0.0,0.0,0.0,0.0,0.0,0.0,0.0,0.0,0.0,0.0,0.0,0.0,0.0,0.0,0.5166666666666667,0.4302586319829082,0.25,1.0,1.0,1.0,0.0,0.4302586319829082,0.0,1,1,1,1,1,1,43.02586319829082,1.0,2.0,malicious,1,PartOfAHorizontalPortScan,CTU-IoT-Malware-Capture-1-1,1,combined,high
62,6,100.0,0.0,1,0,0.0,0.0,0.0,62,62,0.0,1,0,0,0,1.0,0.0,1,1,100.0,0.0,0,1,0,0,0,0,0,1,1.0,0.0,0.0,0.0,0.0,0.0,0.0,0.0,0.0,0.0,0.0,0.0,0.0,0.0,0.0,0.0,0.0,0.03333333333333333,0.36101246046597063,0.0,1.0,1.0,1.0,0.0,0.36101246046597063,0.0,1,1,0,1,1,1,36.10124604659706,0.0,0.0,malicious,1,PartOfAHorizontalPortScan,CTU-IoT-Malware-Capture-1-1,1,combined,high
60,6,0.0,0.0,1,0,0.0,0.0,0.0,60,60,0.0,1,0,0,0,1.0,0.0,1,1,0.0,0.0,0,1,0,0,0,0,0,1,1.0,0.0,0.0,0.0,0.0,0.0,0.0,0.0,0.0,0.0,0.0,0.0,0.0,0.0,0.0,0.0,0.0,0.0,0.0,0.0,0.0,0.0,0.0,1.0,0.0,1.0,0,0,0,0,0,0,0.0,0.0,0.0,benign,0,-,CTU-IoT-Malware-Capture-1-1,0,none,none
40,17,0.0,0.0,1,0,0.0,0.0,0.0,40,40,0.0,1,0,0,0,1.0,0.0,1,1,0.0,0.0,0,1,0,0,0,0,0,1,1.0,0.0,0.0,0.0,0.0,0.0,0.0,0.0,0.0,0.0,0.0,0.0,0.0,0.0,0.0,0.0,0.0,0.0,0.0,0.0,0.0,0.0,0.0,1.0,0.0,1.0,0,0,0,0,0,0,0.0,0.0,0.0,benign,0,-,CTU-IoT-Malware-Capture-1-1,0,none,none
40,17,0.0,0.0,1,0,0.0,0.0,0.0,40,40,0.0,1,0,0,0,1.0,0.0,1,1,0.0,0.0,0,1,0,0,0,0,0,1,1.0,0.0,0.0,0.0,0.0,0.0,0.0,0.0,0.0,0.0,0.0,0.0,0.0,0.0,0.0,0.0,0.0,0.0,0.0,0.0,0.0,0.0,0.0,1.0,0.0,1.0,0,0,0,0,0,0,0.0,0.0,0.0,benign,0,-,CTU-IoT-Malware-Capture-1-1,0,none,none
40,17,0.0,0.0,1,0,0.0,0.0,0.0,40,40,0.0,1,0,0,0,1.0,0.0,1,1,0.0,0.0,0,1,0,0,0,0,0,1,1.0,0.0,0.0,0.0,0.0,0.0,0.0,0.0,0.0,0.0,0.0,0.0,0.0,0.0,0.0,0.0,0.0,0.0,0.0,0.0,0.0,0.0,0.0,1.0,0.0,1.0,0,0,0,0,0,0,0.0,0.0,0.0,benign,0,-,CTU-IoT-Malware-Capture-1-1,0,none,none
40,17,0.0,0.0,1,0,0.0,0.0,0.0,40,40,0.0,1,0,0,0,1.0,0.0,1,1,0.0,0.0,0,1,0,0,0,0,0,1,1.0,0.0,0.0,0.0,0.0,0.0,0.0,0.0,0.0,0.0,0.0,0.0,0.0,0.0,0.0,0.0,0.0,0.0,0.0,0.0,0.0,0.0,0.0,1.0,0.0,1.0,0,0,0,0,0,0,0.0,0.0,0.0,benign,0,-,CTU-IoT-Malware-Capture-1-1,0,none,none
60,6,0.0,0.0,1,0,0.0,0.0,0.0,60,60,0.0,1,0,0,0,1.0,0.0,1,1,0.0,0.0,0,1,0,0,0,0,0,1,1.0,0.0,0.0,0.0,0.0,0.0,0.0,0.0,0.0,0.0,0.0,0.0,0.0,0.0,0.0,0.0,0.0,0.0,0.0,0.0,0.0,0.0,0.0,1.0,0.0,1.0,0,0,0,0,0,0,0.0,0.0,0.0,benign,0,-,CTU-IoT-Malware-Capture-1-1,0,none,none
40,17,0.0,0.0,1,0,0.0,0.0,0.0,40,40,0.0,1,0,0,0,1.0,0.0,1,1,0.0,0.0,0,1,0,0,0,0,0,1,1.0,0.0,0.0,0.0,0.0,0.0,0.0,0.0,0.0,0.0,0.0,0.0,0.0,0.0,0.0,0.0,0.0,0.0,0.0,0.0,0.0,0.0,0.0,1.0,0.0,1.0,0,0,0,0,0,0,0.0,0.0,0.0,benign,0,-,CTU-IoT-Malware-Capture-1-1,0,none,none
40,17,0.0,0.0,1,0,0.0,0.0,0.0,40,40,0.0,1,0,0,0,1.0,0.0,1,1,0.0,0.0,0,1,0,0,0,0,0,1,1.0,0.0,0.0,0.0,0.0,0.0,0.0,0.0,0.0,0.0,0.0,0.0,0.0,0.0,0.0,0.0,0.0,0.0,0.0,0.0,0.0,0.0,0.0,1.0,0.0,1.0,0,0,0,0,0,0,0.0,0.0,0.0,benign,0,-,CTU-IoT-Malware-Capture-1-1,0,none,none
28,6,52.0,0.0,1,0,0.0,0.0,0.0,28,28,0.0,1,0,0,0,1.0,0.0,1,1,52.0,0.0,1,1,0,0,0,0,0,1,1.0,0.0,0.0,0.0,0.0,0.0,0.0,0.0,0.0,0.0,0.0,0.0,0.0,0.0,0.0,0.0,0.0,0.5333333333333333,0.030218578147383744,0.25,1.0,1.0,1.0,0.0,0.030218578147383744,0.0,1,1,1,1,1,1,3.0218578147383743,1.0,2.0,malicious,1,PartOfAHorizontalPortScan,CTU-IoT-Malware-Capture-1-1,1,combined,high
62,6,53.0,0.0,1,0,0.0,0.0,0.0,62,62,0.0,1,0,0,0,1.0,0.0,1,1,53.0,0.0,0,1,0,0,0,0,0,1,1.0,0.0,0.0,0.0,0.0,0.0,0.0,0.0,0.0,0.0,0.0,0.0,0.0,0.0,0.0,0.0,0.0,0.03333333333333333,0.35602219260055457,0.0,1.0,1.0,1.0,0.0,0.35602219260055457,0.0,1,1,0,1,1,1,35.602219260055456,0.0,0.0,malicious,1,PartOfAHorizontalPortScan,CTU-IoT-Malware-Capture-1-1,1,combined,high
40,17,0.0,0.0,1,0,0.0,0.0,0.0,40,40,0.0,1,0,0,0,1.0,0.0,1,1,0.0,0.0,0,1,0,0,0,0,0,1,1.0,0.0,0.0,0.0,0.0,0.0,0.0,0.0,0.0,0.0,0.0,0.0,0.0,0.0,0.0,0.0,0.0,0.0,0.0,0.0,0.0,0.0,0.0,1.0,0.0,1.0,0,0,0,0,0,0,0.0,0.0,0.0,benign,0,-,CTU-IoT-Malware-Capture-1-1,0,none,none
40,17,0.0,0.0,1,0,0.0,0.0,0.0,40,40,0.0,1,0,0,0,1.0,0.0,1,1,0.0,0.0,0,1,0,0,0,0,0,1,1.0,0.0,0.0,0.0,0.0,0.0,0.0,0.0,0.0,0.0,0.0,0.0,0.0,0.0,0.0,0.0,0.0,0.0,0.0,0.0,0.0,0.0,0.0,1.0,0.0,1.0,0,0,0,0,0,0,0.0,0.0,0.0,benign,0,-,CTU-IoT-Malware-Capture-1-1,0,none,none
20,6,102.0,0.0,1,0,0.0,0.0,0.0,20,20,0.0,1,0,0,0,1.0,0.0,1,1,102.0,0.0,3,1,0,0,0,0,0,1,1.0,0.0,0.0,0.0,0.0,0.0,0.0,0.0,0.0,0.0,0.0,0.0,0.0,0.0,0.0,0.0,0.0,0.6666666666666666,1.0,0.75,1.0,1.0,1.0,0.0,1.0,0.0,1,1,1,1,1,1,100.0,3.0,4.0,malicious,1,PartOfAHorizontalPortScan,CTU-IoT-Malware-Capture-1-1,1,combined,high
68,1,0.0,0.0,1,0,0.0,0.0,0.0,68,68,0.0,1,0,0,0,1.0,0.0,1,1,0.0,0.0,0,0,0,0,0,0,0,0,0.0,0.0,0.0,0.0,0.0,0.0,0.0,0.0,0.0,0.0,0.0,0.0,0.0,0.0,0.0,0.0,0.0,0.0,0.0,0.0,0.0,0.0,0.0,1.0,0.0,1.0,0,0,0,0,0,0,0.0,0.0,0.0,benign,0,-,CTU-IoT-Malware-Capture-1-1,0,none,none
40,17,0.0,0.0,1,0,0.0,0.0,0.0,40,40,0.0,1,0,0,0,1.0,0.0,1,1,0.0,0.0,0,1,0,0,0,0,0,1,1.0,0.0,0.0,0.0,0.0,0.0,0.0,0.0,0.0,0.0,0.0,0.0,0.0,0.0,0.0,0.0,0.0,0.0,0.0,0.0,0.0,0.0,0.0,1.0,0.0,1.0,0,0,0,0,0,0,0.0,0.0,0.0,benign,0,-,CTU-IoT-Malware-Capture-1-1,0,none,none
58,6,79.0,0.0,1,0,0.0,0.0,0.0,58,58,0.0,1,0,0,0,1.0,0.0,1,1,79.0,0.0,0,1,0,0,0,0,0,1,1.0,0.0,0.0,0.0,0.0,0.0,0.0,0.0,0.0,0.0,0.0,0.0,0.0,0.0,0.0,0.0,0.0,0.03333333333333333,0.06287551866398769,0.0,1.0,1.0,1.0,0.0,0.06287551866398769,0.0,1,1,0,1,1,1,6.287551866398768,0.0,0.0,malicious,1,PartOfAHorizontalPortScan,CTU-IoT-Malware-Capture-1-1,1,combined,high
40,17,0.0,0.0,1,0,0.0,0.0,0.0,40,40,0.0,1,0,0,0,1.0,0.0,1,1,0.0,0.0,0,1,0,0,0,0,0,1,1.0,0.0,0.0,0.0,0.0,0.0,0.0,0.0,0.0,0.0,0.0,0.0,0.0,0.0,0.0,0.0,0.0,0.0,0.0,0.0,0.0,0.0,0.0,1.0,0.0,1.0,0,0,0,0,0,0,0.0,0.0,0.0,benign,0,-,CTU-IoT-Malware-Capture-1-1,0,none,none
20,6,33.0,0.0,1,0,0.0,0.0,0.0,20,20,0.0,1,0,0,0,1.0,0.0,1,1,33.0,0.0,4,1,0,0,0,0,0,1,1.0,0.0,0.0,0.0,0.0,0.0,0.0,0.0,0.0,0.0,0.0,0.0,0.0,0.0,0.0,0.0,0.0,0.6666666666666666,0.01,1.0,1.0,1.0,1.0,0.0,0.01,0.0,1,1,1,1,1,1,1.0,4.0,5.0,malicious,1,PartOfAHorizontalPortScan,CTU-IoT-Malware-Capture-1-1,1,combined,high
40,17,0.0,0.0,1,0,0.0,0.0,0.0,40,40,0.0,1,0,0,0,1.0,0.0,1,1,0.0,0.0,0,1,0,0,0,0,0,1,1.0,0.0,0.0,0.0,0.0,0.0,0.0,0.0,0.0,0.0,0.0,0.0,0.0,0.0,0.0,0.0,0.0,0.0,0.0,0.0,0.0,0.0,0.0,1.0,0.0,1.0,0,0,0,0,0,0,0.0,0.0,0.0,benign,0,-,CTU-IoT-Malware-Capture-1-1,0,none,none
40,17,0.0,0.0,1,0,0.0,0.0,0.0,40,40,0.0,1,0,0,0,1.0,0.0,1,1,0.0,0.0,0,1,0,0,0,0,0,1,1.0,0.0,0.0,0.0,0.0,0.0,0.0,0.0,0.0,0.0,0.0,0.0,0.0,0.0,0.0,0.0,0.0,0.0,0.0,0.0,0.0,0.0,0.0,1.0,0.0,1.0,0,0,0,0,0,0,0.0,0.0,0.0,benign,0,-,CTU-IoT-Malware-Capture-1-1,0,none,none
40,17,0.0,0.0,1,0,0.0,0.0,0.0,40,40,0.0,1,0,0,0,1.0,0.0,1,1,0.0,0.0,0,1,0,0,0,0,0,1,1.0,0.0,0.0,0.0,0.0,0.0,0.0,0.0,0.0,0.0,0.0,0.0,0.0,0.0,0.0,0.0,0.0,0.0,0.0,0.0,0.0,0.0,0.0,1.0,0.0,1.0,0,0,0,0,0,0,0.0,0.0,0.0,benign,0,-,CTU-IoT-Malware-Capture-1-1,0,none,none
40,17,0.0,0.0,1,0,0.0,0.0,0.0,40,40,0.0,1,0,0,0,1.0,0.0,1,1,0.0,0.0,0,1,0,0,0,0,0,1,1.0,0.0,0.0,0.0,0.0,0.0,0.0,0.0,0.0,0.0,0.0,0.0,0.0,0.0,0.0,0.0,0.0,0.0,0.0,0.0,0.0,0.0,0.0,1.0,0.0,1.0,0,0,0,0,0,0,0.0,0.0,0.0,benign,0,-,CTU-IoT-Malware-Capture-1-1,0,none,none
217,6,63.0,2.998815,3,0,1.0003951560866542,0.0,0.0,217,217,0.0,3,0,0,0,3.0,0.0,1,1,63.0,0.0,0,1,0,0,0,0,0,1,1.0,0.0,0.0,0.0,0.0,0.0,0.0,0.0,0.0,0.0,0.0,0.0,0.0,0.0,0.0,0.0,2.998815,0.20555555555555555,0.5069381027045073,0.0,1.0,1.0,1.0,0.0,0.5069381027045073,0.0,1,1,0,1,1,1,50.69381027045073,0.0,0.0,malicious,1,PartOfAHorizontalPortScan,CTU-IoT-Malware-Capture-1-1,1,combined,high
20,6,83.0,0.0,1,0,0.0,0.0,0.0,20,20,0.0,1,0,0,0,1.0,0.0,1,1,83.0,0.0,4,1,0,0,0,0,0,1,1.0,0.0,0.0,0.0,0.0,0.0,0.0,0.0,0.0,0.0,0.0,0.0,0.0,0.0,0.0,0.0,0.0,0.6666666666666666,0.28297958276829066,1.0,1.0,1.0,1.0,0.0,0.28297958276829066,0.0,1,1,1,1,1,1,28.297958276829064,4.0,5.0,malicious,1,PartOfAHorizontalPortScan,CTU-IoT-Malware-Capture-1-1,1,combined,high
40,17,0.0,0.0,1,0,0.0,0.0,0.0,40,40,0.0,1,0,0,0,1.0,0.0,1,1,0.0,0.0,0,1,0,0,0,0,0,1,1.0,0.0,0.0,0.0,0.0,0.0,0.0,0.0,0.0,0.0,0.0,0.0,0.0,0.0,0.0,0.0,0.0,0.0,0.0,0.0,0.0,0.0,0.0,1.0,0.0,1.0,0,0,0,0,0,0,0.0,0.0,0.0,benign,0,-,CTU-IoT-Malware-Capture-1-1,0,none,none
20,6,85.0,0.0,1,0,0.0,0.0,0.0,20,20,0.0,1,0,0,0,1.0,0.0,1,1,85.0,0.0,3,1,0,0,0,0,0,1,1.0,0.0,0.0,0.0,0.0,0.0,0.0,0.0,0.0,0.0,0.0,0.0,0.0,0.0,0.0,0.0,0.0,0.6666666666666666,1.0,0.75,1.0,1.0,1.0,0.0,1.0,0.0,1,1,1,1,1,1,100.0,3.0,4.0,malicious,1,PartOfAHorizontalPortScan,CTU-IoT-Malware-Capture-1-1,1,combined,high
40,17,0.0,0.0,1,0,0.0,0.0,0.0,40,40,0.0,1,0,0,0,1.0,0.0,1,1,0.0,0.0,0,1,0,0,0,0,0,1,1.0,0.0,0.0,0.0,0.0,0.0,0.0,0.0,0.0,0.0,0.0,0.0,0.0,0.0,0.0,0.0,0.0,0.0,0.0,0.0,0.0,0.0,0.0,1.0,0.0,1.0,0,0,0,0,0,0,0.0,0.0,0.0,benign,0,-,CTU-IoT-Malware-Capture-1-1,0,none,none
31,6,39.0,0.0,1,0,0.0,0.0,0.0,31,31,0.0,1,0,0,0,1.0,0.0,1,1,39.0,0.0,1,1,0,0,0,0,0,1,1.0,0.0,0.0,0.0,0.0,0.0,0.0,0.0,0.0,0.0,0.0,0.0,0.0,0.0,0.0,0.0,0.0,0.48333333333333334,0.32460622017851065,0.25,1.0,1.0,1.0,0.0,0.32460622017851065,0.0,1,1,1,1,1,1,32.460622017851065,1.0,2.0,malicious,1,PartOfAHorizontalPortScan,CTU-IoT-Malware-Capture-1-1,1,combined,high
48,6,103.0,0.0,1,0,0.0,0.0,0.0,48,48,0.0,1,0,0,0,1.0,0.0,1,1,103.0,0.0,0,1,0,0,0,0,0,1,1.0,0.0,0.0,0.0,0.0,0.0,0.0,0.0,0.0,0.0,0.0,0.0,0.0,0.0,0.0,0.0,0.0,0.2,0.3039482756136314,0.0,1.0,1.0,1.0,0.0,0.3039482756136314,0.0,1,1,0,1,1,1,30.39482756136314,0.0,0.0,malicious,1,PartOfAHorizontalPortScan,CTU-IoT-Malware-Capture-1-1,1,combined,high
33,6,82.0,0.0,1,0,0.0,0.0,0.0,33,33,0.0,1,0,0,0,1.0,0.0,1,1,82.0,0.0,1,1,0,0,0,0,0,1,1.0,0.0,0.0,0.0,0.0,0.0,0.0,0.0,0.0,0.0,0.0,0.0,0.0,0.0,0.0,0.0,0.0,0.45,0.16587989055937868,0.25,1.0,1.0,1.0,0.0,0.16587989055937868,0.0,1,1,1,1,1,1,16.587989055937868,1.0,2.0,malicious,1,PartOfAHorizontalPortScan,CTU-IoT-Malware-Capture-1-1,1,combined,high
68,1,0.0,0.0,1,0,0.0,0.0,0.0,68,68,0.0,1,0,0,0,1.0,0.0,1,1,0.0,0.0,0,0,0,0,0,0,0,0,0.0,0.0,0.0,0.0,0.0,0.0,0.0,0.0,0.0,0.0,0.0,0.0,0.0,0.0,0.0,0.0,0.0,0.0,0.0,0.0,0.0,0.0,0.0,1.0,0.0,1.0,0,0,0,0,0,0,0.0,0.0,0.0,benign,0,-,CTU-IoT-Malware-Capture-1-1,0,none,none
20,6,65.0,0.0,1,0,0.0,0.0,0.0,20,20,0.0,1,0,0,0,1.0,0.0,1,1,65.0,0.0,4,1,0,0,0,0,0,1,1.0,0.0,0.0,0.0,0.0,0.0,0.0,0.0,0.0,0.0,0.0,0.0,0.0,0.0,0.0,0.0,0.0,0.6666666666666666,0.038849279084467156,1.0,1.0,1.0,1.0,0.0,0.038849279084467156,0.0,1,1,1,1,1,1,3.8849279084467154,4.0,5.0,malicious,1,PartOfAHorizontalPortScan,CTU-IoT-Malware-Capture-1-1,1,combined,high
56,6,120.0,2.999063,3,0,1.0003124309159228,0.0,0.0,56,56,0.0,3,0,0,0,3.0,0.0,1,1,120.0,0.0,3,1,0,0,0,0,0,1,1.0,0.0,0.0,0.0,0.0,0.0,0.0,0.0,0.0,0.0,0.0,0.0,0.0,0.0,0.0,0.0,2.999063,0.6888888888888889,0.2609068935639991,0.75,1.0,1.0,1.0,0.0,0.2609068935639991,0.0,1,1,1,1,1,1,26.09068935639991,3.0,4.0,malicious,1,PartOfAHorizontalPortScan,CTU-IoT-Malware-Capture-1-1,1,combined,high
54,6,68.0,0.0,1,0,0.0,0.0,0.0,54,54,0.0,1,0,0,0,1.0,0.0,1,1,68.0,0.0,0,1,0,0,0,0,0,1,1.0,0.0,0.0,0.0,0.0,0.0,0.0,0.0,0.0,0.0,0.0,0.0,0.0,0.0,0.0,0.0,0.0,0.1,0.0946367640571762,0.0,1.0,1.0,1.0,0.0,0.0946367640571762,0.0,1,1,0,1,1,1,9.46367640571762,0.0,0.0,malicious,1,PartOfAHorizontalPortScan,CTU-IoT-Malware-Capture-1-1,1,combined,high
40,17,0.0,0.0,1,0,0.0,0.0,0.0,40,40,0.0,1,0,0,0,1.0,0.0,1,1,0.0,0.0,0,1,0,0,0,0,0,1,1.0,0.0,0.0,0.0,0.0,0.0,0.0,0.0,0.0,0.0,0.0,0.0,0.0,0.0,0.0,0.0,0.0,0.0,0.0,0.0,0.0,0.0,0.0,1.0,0.0,1.0,0,0,0,0,0,0,0.0,0.0,0.0,benign,0,-,CTU-IoT-Malware-Capture-1-1,0,none,none
40,17,0.0,0.0,1,0,0.0,0.0,0.0,40,40,0.0,1,0,0,0,1.0,0.0,1,1,0.0,0.0,0,1,0,0,0,0,0,1,1.0,0.0,0.0,0.0,0.0,0.0,0.0,0.0,0.0,0.0,0.0,0.0,0.0,0.0,0.0,0.0,0.0,0.0,0.0,0.0,0.0,0.0,0.0,1.0,0.0,1.0,0,0,0,0,0,0,0.0,0.0,0.0,benign,0,-,CTU-IoT-Malware-Capture-1-1,0,none,none
40,17,0.0,0.0,1,0,0.0,0.0,0.0,40,40,0.0,1,0,0,0,1.0,0.0,1,1,0.0,0.0,0,1,0,0,0,0,0,1,1.0,0.0,0.0,0.0,0.0,0.0,0.0,0.0,0.0,0.0,0.0,0.0,0.0,0.0,0.0,0.0,0.0,0.0,0.0,0.0,0.0,0.0,0.0,1.0,0.0,1.0,0,0,0,0,0,0,0.0,0.0,0.0,benign,0,-,CTU-IoT-Malware-Capture-1-1,0,none,none
165,6,48.0,2.99857,3,0,1.0004768939861335,0.0,0.0,165,165,0.0,3,0,0,0,3.0,0.0,1,1,48.0,0.0,0,1,0,0,0,0,0,1,1.0,0.0,0.0,0.0,0.0,0.0,0.0,0.0,0.0,0.0,0.0,0.0,0.0,0.0,0.0,0.0,2.99857,0.08333333333333333,1.0,0.0,1.0,1.0,1.0,0.0,1.0,0.0,1,1,0,1,1,1,100.0,0.0,0.0,malicious,1,PartOfAHorizontalPortScan,CTU-IoT-Malware-Capture-1-1,1,combined,high
48,6,93.0,0.0,1,0,0.0,0.0,0.0,48,48,0.0,1,0,0,0,1.0,0.0,1,1,93.0,0.0,0,1,0,0,0,0,0,1,1.0,0.0,0.0,0.0,0.0,0.0,0.0,0.0,0.0,0.0,0.0,0.0,0.0,0.0,0.0,0.0,0.0,0.2,0.4091168421466866,0.0,1.0,1.0,1.0,0.0,0.4091168421466866,0.0,1,1,0,1,1,1,40.91168421466866,0.0,0.0,malicious,1,PartOfAHorizontalPortScan,CTU-IoT-Malware-Capture-1-1,1,combined,high
20,6,79.0,0.0,1,0,0.0,0.0,0.0,20,20,0.0,1,0,0,0,1.0,0.0,1,1,79.0,0.0,2,1,0,0,0,0,0,1,1.0,0.0,0.0,0.0,0.0,0.0,0.0,0.0,0.0,0.0,0.0,0.0,0.0,0.0,0.0,0.0,0.0,0.6666666666666666,0.9775973504142343,0.5,1.0,1.0,1.0,0.0,0.9775973504142343,0.0,1,1,1,1,1,1,97.75973504142344,2.0,3.0,malicious,1,PartOfAHorizontalPortScan,CTU-IoT-Malware-Capture-1-1,1,combined,high
40,17,0.0,0.0,1,0,0.0,0.0,0.0,40,40,0.0,1,0,0,0,1.0,0.0,1,1,0.0,0.0,0,1,0,0,0,0,0,1,1.0,0.0,0.0,0.0,0.0,0.0,0.0,0.0,0.0,0.0,0.0,0.0,0.0,0.0,0.0,0.0,0.0,0.0,0.0,0.0,0.0,0.0,0.0,1.0,0.0,1.0,0,0,0,0,0,0,0.0,0.0,0.0,benign,0,-,CTU-IoT-Malware-Capture-1-1,0,none,none
168,6,85.0,2.998827,3,0,1.0003911529407998,0.0,0.0,168,168,0.0,3,0,0,0,3.0,0.0,1,1,85.0,0.0,0,1,0,0,0,0,0,1,1.0,0.0,0.0,0.0,0.0,0.0,0.0,0.0,0.0,0.0,0.0,0.0,0.0,0.0,0.0,0.0,2.998827,0.06666666666666667,0.22114926245502883,0.0,1.0,1.0,1.0,0.0,0.22114926245502883,0.0,1,1,0,1,1,1,22.114926245502883,0.0,0.0,malicious,1,PartOfAHorizontalPortScan,CTU-IoT-Malware-Capture-1-1,1,combined,high
20,6,116.0,0.0,1,0,0.0,0.0,0.0,20,20,0.0,1,0,0,0,1.0,0.0,1,1,116.0,0.0,2,1,0,0,0,0,0,1,1.0,0.0,0.0,0.0,0.0,0.0,0.0,0.0,0.0,0.0,0.0,0.0,0.0,0.0,0.0,0.0,0.0,0.6666666666666666,1.0,0.5,1.0,1.0,1.0,0.0,1.0,0.0,1,1,1,1,1,1,100.0,2.0,3.0,malicious,1,PartOfAHorizontalPortScan,CTU-IoT-Malware-Capture-1-1,1,combined,high
22,6,76.0,0.0,1,0,0.0,0.0,0.0,22,22,0.0,1,0,0,0,1.0,0.0,1,1,76.0,0.0,2,1,0,0,0,0,0,1,1.0,0.0,0.0,0.0,0.0,0.0,0.0,0.0,0.0,0.0,0.0,0.0,0.0,0.0,0.0,0.0,0.0,0.6333333333333333,1.0,0.5,1.0,1.0,1.0,0.0,1.0,0.0,1,1,1,1,1,1,100.0,2.0,3.0,malicious,1,PartOfAHorizontalPortScan,CTU-IoT-Malware-Capture-1-1,1,combined,high
20,6,112.0,0.0,1,0,0.0,0.0,0.0,20,20,0.0,1,0,0,0,1.0,0.0,1,1,112.0,0.0,3,1,0,0,0,0,0,1,1.0,0.0,0.0,0.0,0.0,0.0,0.0,0.0,0.0,0.0,0.0,0.0,0.0,0.0,0.0,0.0,0.0,0.6666666666666666,0.5561509872444522,0.75,1.0,1.0,1.0,0.0,0.5561509872444522,0.0,1,1,1,1,1,1,55.61509872444522,3.0,4.0,malicious,1,PartOfAHorizontalPortScan,CTU-IoT-Malware-Capture-1-1,1,combined,high
65,6,87.0,0.0,1,0,0.0,0.0,0.0,65,65,0.0,1,0,0,0,1.0,0.0,1,1,87.0,0.0,0,1,0,0,0,0,0,1,1.0,0.0,0.0,0.0,0.0,0.0,0.0,0.0,0.0,0.0,0.0,0.0,0.0,0.0,0.0,0.0,0.0,0.08333333333333333,0.20830361560451538,0.0,1.0,1.0,1.0,0.0,0.20830361560451538,0.0,1,1,0,1,1,1,20.83036156045154,0.0,0.0,malicious,1,PartOfAHorizontalPortScan,CTU-IoT-Malware-Capture-1-1,1,combined,high
198,6,95.0,2.998817,3,0,1.0003944888934537,0.0,0.0,198,198,0.0,3,0,0,0,3.0,0.0,1,1,95.0,0.0,0,1,0,0,0,0,0,1,1.0,0.0,0.0,0.0,0.0,0.0,0.0,0.0,0.0,0.0,0.0,0.0,0.0,0.0,0.0,0.0,2.998817,0.1,0.04505156963989813,0.0,1.0,1.0,1.0,0.0,0.04505156963989813,0.0,1,1,0,1,1,1,4.505156963989813,0.0,0.0,malicious,1,PartOfAHorizontalPortScan,CTU-IoT-Malware-Capture-1-1,1,combined,high
28,6,49.0,0.0,1,0,0.0,0.0,0.0,28,28,0.0,1,0,0,0,1.0,0.0,1,1,49.0,0.0,1,1,0,0,0,0,0,1,1.0,0.0,0.0,0.0,0.0,0.0,0.0,0.0,0.0,0.0,0.0,0.0,0.0,0.0,0.0,0.0,0.0,0.5333333333333333,0.35877077445276595,0.25,1.0,1.0,1.0,0.0,0.35877077445276595,0.0,1,1,1,1,1,1,35.8770774452766,1.0,2.0,malicious,1,PartOfAHorizontalPortScan,CTU-IoT-Malware-Capture-1-1,1,combined,high
40,17,0.0,0.0,1,0,0.0,0.0,0.0,40,40,0.0,1,0,0,0,1.0,0.0,1,1,0.0,0.0,0,1,0,0,0,0,0,1,1.0,0.0,0.0,0.0,0.0,0.0,0.0,0.0,0.0,0.0,0.0,0.0,0.0,0.0,0.0,0.0,0.0,0.0,0.0,0.0,0.0,0.0,0.0,1.0,0.0,1.0,0,0,0,0,0,0,0.0,0.0,0.0,benign,0,-,CTU-IoT-Malware-Capture-1-1,0,none,none
20,6,42.0,0.0,1,0,0.0,0.0,0.0,20,20,0.0,1,0,0,0,1.0,0.0,1,1,42.0,0.0,4,1,0,0,0,0,0,1,1.0,0.0,0.0,0.0,0.0,0.0,0.0,0.0,0.0,0.0,0.0,0.0,0.0,0.0,0.0,0.0,0.0,0.6666666666666666,0.09799752412008886,1.0,1.0,1.0,1.0,0.0,0.09799752412008886,0.0,1,1,1,1,1,1,9.799752412008885,4.0,5.0,malicious,1,PartOfAHorizontalPortScan,CTU-IoT-Malware-Capture-1-1,1,combined,high
40,17,0.0,0.0,1,0,0.0,0.0,0.0,40,40,0.0,1,0,0,0,1.0,0.0,1,1,0.0,0.0,0,1,0,0,0,0,0,1,1.0,0.0,0.0,0.0,0.0,0.0,0.0,0.0,0.0,0.0,0.0,0.0,0.0,0.0,0.0,0.0,0.0,0.0,0.0,0.0,0.0,0.0,0.0,1.0,0.0,1.0,0,0,0,0,0,0,0.0,0.0,0.0,benign,0,-,CTU-IoT-Malware-Capture-1-1,0,none,none
40,17,0.0,0.0,1,0,0.0,0.0,0.0,40,40,0.0,1,0,0,0,1.0,0.0,1,1,0.0,0.0,0,1,0,0,0,0,0,1,1.0,0.0,0.0,0.0,0.0,0.0,0.0,0.0,0.0,0.0,0.0,0.0,0.0,0.0,0.0,0.0,0.0,0.0,0.0,0.0,0.0,0.0,0.0,1.0,0.0,1.0,0,0,0,0,0,0,0.0,0.0,0.0,benign,0,-,CTU-IoT-Malware-Capture-1-1,0,none,none
69,6,122.0,0.0,1,0,0.0,0.0,0.0,69,69,0.0,1,0,0,0,1.0,0.0,1,1,122.0,0.0,0,1,0,0,0,0,0,1,1.0,0.0,0.0,0.0,0.0,0.0,0.0,0.0,0.0,0.0,0.0,0.0,0.0,0.0,0.0,0.0,0.0,0.15,0.1484138613181677,0.0,1.0,1.0,1.0,0.0,0.1484138613181677,0.0,1,1,0,1,1,1,14.84138613181677,0.0,0.0,malicious,1,PartOfAHorizontalPortScan,CTU-IoT-Malware-Capture-1-1,1,combined,high
54,6,101.0,2.998561,3,0,1.0004798968571924,0.0,0.0,54,54,0.0,3,0,0,0,3.0,0.0,1,1,101.0,0.0,2,1,0,0,0,0,0,1,1.0,0.0,0.0,0.0,0.0,0.0,0.0,0.0,0.0,0.0,0.0,0.0,0.0,0.0,0.0,0.0,2.998561,0.7,0.8303256375379269,0.5,1.0,1.0,1.0,0.0,0.8303256375379269,0.0,1,1,1,1,1,1,83.03256375379269,2.0,3.0,malicious,1,PartOfAHorizontalPortScan,CTU-IoT-Malware-Capture-1-1,1,combined,high
40,17,0.0,0.0,1,0,0.0,0.0,0.0,40,40,0.0,1,0,0,0,1.0,0.0,1,1,0.0,0.0,0,1,0,0,0,0,0,1,1.0,0.0,0.0,0.0,0.0,0.0,0.0,0.0,0.0,0.0,0.0,0.0,0.0,0.0,0.0,0.0,0.0,0.0,0.0,0.0,0.0,0.0,0.0,1.0,0.0,1.0,0,0,0,0,0,0,0.0,0.0,0.0,benign,0,-,CTU-IoT-Malware-Capture-1-1,0,none,none
57,6,99.0,0.0,1,0,0.0,0.0,0.0,57,57,0.0,1,0,0,0,1.0,0.0,1,1,99.0,0.0,0,1,0,0,0,0,0,1,1.0,0.0,0.0,0.0,0.0,0.0,0.0,0.0,0.0,0.0,0.0,0.0,0.0,0.0,0.0,0.0,0.0,0.05,0.4930321018147489,0.0,1.0,1.0,1.0,0.0,0.4930321018147489,0.0,1,1,0,1,1,1,49.30321018147489,0.0,0.0,malicious,1,PartOfAHorizontalPortScan,CTU-IoT-Malware-Capture-1-1,1,combined,high
68,1,0.0,0.0,1,0,0.0,0.0,0.0,68,68,0.0,1,0,0,0,1.0,0.0,1,1,0.0,0.0,0,0,0,0,0,0,0,0,0.0,0.0,0.0,0.0,0.0,0.0,0.0,0.0,0.0,0.0,0.0,0.0,0.0,0.0,0.0,0.0,0.0,0.0,0.0,0.0,0.0,0.0,0.0,1.0,0.0,1.0,0,0,0,0,0,0,0.0,0.0,0.0,benign,0,-,CTU-IoT-Malware-Capture-1-1,0,none,none
20,6,42.0,0.0,1,0,0.0,0.0,0.0,20,20,0.0,1,0,0,0,1.0,0.0,1,1,42.0,0.0,2,1,0,0,0,0,0,1,1.0,0.0,0.0,0.0,0.0,0.0,0.0,0.0,0.0,0.0,0.0,0.0,0.0,0.0,0.0,0.0,0.0,0.6666666666666666,0.12220778468824388,0.5,1.0,1.0,1.0,0.0,0.12220778468824388,0.0,1,1,1,1,1,1,12.220778468824388,2.0,3.0,malicious,1,PartOfAHorizontalPortScan,CTU-IoT-Malware-Capture-1-1,1,combined,high
68,1,0.0,0.0,1,0,0.0,0.0,0.0,68,68,0.0,1,0,0,0,1.0,0.0,1,1,0.0,0.0,0,0,0,0,0,0,0,0,0.0,0.0,0.0,0.0,0.0,0.0,0.0,0.0,0.0,0.0,0.0,0.0,0.0,0.0,0.0,0.0,0.0,0.0,0.0,0.0,0.0,0.0,0.0,1.0,0.0,1.0,0,0,0,0,0,0,0.0,0.0,0.0,benign,0,-,CTU-IoT-Malware-Capture-1-1,0,none,none
40,17,0.0,0.0,1,0,0.0,0.0,0.0,40,40,0.0,1,0,0,0,1.0,0.0,1,1,0.0,0.0,0,1,0,0,0,0,0,1,1.0,0.0,0.0,0.0,0.0,0.0,0.0,0.0,0.0,0.0,0.0,0.0,0.0,0.0,0.0,0.0,0.0,0.0,0.0,0.0,0.0,0.0,0.0,1.0,0.0,1.0,0,0,0,0,0,0,0.0,0.0,0.0,benign,0,-,CTU-IoT-Malware-Capture-1-1,0,none,none
29,6,115.0,0.0,1,0,0.0,0.0,0.0,29,29,0.0,1,0,0,0,1.0,0.0,1,1,115.0,0.0,1,1,0,0,0,0,0,1,1.0,0.0,0.0,0.0,0.0,0.0,0.0,0.0,0.0,0.0,0.0,0.0,0.0,0.0,0.0,0.0,0.0,0.5166666666666667,0.46103598965685644,0.25,1.0,1.0,1.0,0.0,0.46103598965685644,0.0,1,1,1,1,1,1,46.10359896568564,1.0,2.0,malicious,1,PartOfAHorizontalPortScan,CTU-IoT-Malware-Capture-1-1,1,combined,high
20,6,48.0,0.0,1,0,0.0,0.0,0.0,20,20,0.0,1,0,0,0,1.0,0.0,1,1,48.0,0.0,2,1,0,0,0,0,0,1,1.0,0.0,0.0,0.0,0.0,0.0,0.0,0.0,0.0,0.0,0.0,0.0,0.0,0.0,0.0,0.0,0.0,0.6666666666666666,1.0,0.5,1.0,1.0,1.0,0.0,1.0,0.0,1,1,1,1,1,1,100.0,2.0,3.0,malicious,1,PartOfAHorizontalPortScan,CTU-IoT-Malware-Capture-1-1,1,combined,high
159,6,74.0,2.998323,3,0,1.0005593126557746,0.0,0.0,159,159,0.0,3,0,0,0,3.0,0.0,1,1,74.0,0.0,0,1,0,0,0,0,0,1,1.0,0.0,0.0,0.0,0.0,0.0,0.0,0.0,0.0,0.0,0.0,0.0,0.0,0.0,0.0,0.0,2.998323,0.11666666666666667,1.0,0.0,1.0,1.0,1.0,0.0,1.0,0.0,1,1,0,1,1,1,100.0,0.0,0.0,malicious,1,PartOfAHorizontalPortScan,CTU-IoT-Malware-Capture-1-1,1,combined,high
55,6,92.0,0.0,1,0,0.0,0.0,0.0,55,55,0.0,1,0,0,0,1.0,0.0,1,1,92.0,0.0,0,1,0,0,0,0,0,1,1.0,0.0,0.0,0.0,0.0,0.0,0.0,0.0,0.0,0.0,0.0,0.0,0.0,0.0,0.0,0.0,0.0,0.08333333333333333,1.0,0.0,1.0,1.0,1.0,0.0,1.0,0.0,1,1,0,1,1,1,100.0,0.0,0.0,malicious,1,PartOfAHorizontalPortScan,CTU-IoT-Malware-Capture-1-1,1,combined,high
52,6,108.0,0.0,1,0,0.0,0.0,0.0,52,52,0.0,1,0,0,0,1.0,0.0,1,1,108.0,0.0,0,1,0,0,0,0,0,1,1.0,0.0,0.0,0.0,0.0,0.0,0.0,0.0,0.0,0.0,0.0,0.0,0.0,0.0,0.0,0.0,0.0,0.13333333333333333,0.7013219799827395,0.0,1.0,1.0,1.0,0.0,0.7013219799827395,0.0,1,1,0,1,1,1,70.13219799827395,0.0,0.0,malicious,1,PartOfAHorizontalPortScan,CTU-IoT-Malware-Capture-1-1,1,combined,high
20,6,82.0,0.0,1,0,0.0,0.0,0.0,20,20,0.0,1,0,0,0,1.0,0.0,1,1,82.0,0.0,4,1,0,0,0,0,0,1,1.0,0.0,0.0,0.0,0.0,0.0,0.0,0.0,0.0,0.0,0.0,0.0,0.0,0.0,0.0,0.0,0.0,0.6666666666666666,0.04477020322779238,1.0,1.0,1.0,1.0,0.0,0.04477020322779238,0.0,1,1,1,1,1,1,4.477020322779238,4.0,5.0,malicious,1,PartOfAHorizontalPortScan,CTU-IoT-Malware-Capture-1-1,1,combined,high
40,17,0.0,0.0,1,0,0.0,0.0,0.0,40,40,0.0,1,0,0,0,1.0,0.0,1,1,0.0,0.0,0,1,0,0,0,0,0,1,1.0,0.0,0.0,0.0,0.0,0.0,0.0,0.0,0.0,0.0,0.0,0.0,0.0,0.0,0.0,0.0,0.0,0.0,0.0,0.0,0.0,0.0,0.0,1.0,0.0,1.0,0,0,0,0,0,0,0.0,0.0,0.0,benign,0,-,CTU-IoT-Malware-Capture-1-1,0,none,none
40,17,0.0,0.0,1,0,0.0,0.0,0.0,40,40,0.0,1,0,0,0,1.0,0.0,1,1,0.0,0.0,0,1,0,0,0,0,0,1,1.0,0.0,0.0,0.0,0.0,0.0,0.0,0.0,0.0,0.0,0.0,0.0,0.0,0.0,0.0,0.0,0.0,0.0,0.0,0.0,0.0,0.0,0.0,1.0,0.0,1.0,0,0,0,0,0,0,0.0,0.0,0.0,benign,0,-,CTU-IoT-Malware-Capture-1-1,0,none,none
103,6,59.0,2.998835,3,0,1.0003884841946955,0.0,0.0,103,103,0.0,3,0,0,0,3.0,0.0,1,1,59.0,0.0,1,1,0,0,0,0,0,1,1.0,0.0,0.0,0.0,0.0,0.0,0.0,0.0,0.0,0.0,0.0,0.0,0.0,0.0,0.0,0.0,2.998835,0.42777777777777776,0.1167572763897906,0.25,1.0,1.0,1.0,0.0,0.1167572763897906,0.0,1,1,1,1,1,1,11.67572763897906,1.0,2.0,malicious,1,PartOfAHorizontalPortScan,CTU-IoT-Malware-Capture-1-1,1,combined,high
24,6,109.0,0.0,1,0,0.0,0.0,0.0,24,24,0.0,1,0,0,0,1.0,0.0,1,1,109.0,0.0,2,1,0,0,0,0,0,1,1.0,0.0,0.0,0.0,0.0,0.0,0.0,0.0,0.0,0.0,0.0,0.0,0.0,0.0,0.0,0.0,0.0,0.6,0.5090978407006606,0.5,1.0,1.0,1.0,0.0,0.5090978407006606,0.0,1,1,1,1,1,1,50.90978407006606,2.0,3.0,malicious,1,PartOfAHorizontalPortScan,CTU-IoT-Malware-Capture-1-1,1,combined,high
40,17,0.0,0.0,1,0,0.0,0.0,0.0,40,40,0.0,1,0,0,0,1.0,0.0,1,1,0.0,0.0,0,1,0,0,0,0,0,1,1.0,0.0,0.0,0.0,0.0,0.0,0.0,0.0,0.0,0.0,0.0,0.0,0.0,0.0,0.0,0.0,0.0,0.0,0.0,0.0,0.0,0.0,0.0,1.0,0.0,1.0,0,0,0,0,0,0,0.0,0.0,0.0,benign,0,-,CTU-IoT-Malware-Capture-1-1,0,none,none
165,6,80.0,2.998817,3,0,1.0003944888934537,0.0,0.0,165,165,0.0,3,0,0,0,3.0,0.0,1,1,80.0,0.0,0,1,0,0,0,0,0,1,1.0,0.0,0.0,0.0,0.0,0.0,0.0,0.0,0.0,0.0,0.0,0.0,0.0,0.0,0.0,0.0,2.998817,0.08333333333333333,0.03432330479047402,0.0,1.0,1.0,1.0,0.0,0.03432330479047402,0.0,1,1,0,1,1,1,3.4323304790474016,0.0,0.0,malicious,1,PartOfAHorizontalPortScan,CTU-IoT-Malware-Capture-1-1,1,combined,high
60,6,0.0,0.0,1,0,0.0,0.0,0.0,60,60,0.0,1,0,0,0,1.0,0.0,1,1,0.0,0.0,0,1,0,0,0,0,0,1,1.0,0.0,0.0,0.0,0.0,0.0,0.0,0.0,0.0,0.0,0.0,0.0,0.0,0.0,0.0,0.0,0.0,0.0,0.0,0.0,0.0,0.0,0.0,1.0,0.0,1.0,0,0,0,0,0,0,0.0,0.0,0.0,benign,0,-,CTU-IoT-Malware-Capture-1-1,0,none,none
40,17,0.0,0.0,1,0,0.0,0.0,0.0,40,40,0.0,1,0,0,0,1.0,0.0,1,1,0.0,0.0,0,1,0,0,0,0,0,1,1.0,0.0,0.0,0.0,0.0,0.0,0.0,0.0,0.0,0.0,0.0,0.0,0.0,0.0,0.0,0.0,0.0,0.0,0.0,0.0,0.0,0.0,0.0,1.0,0.0,1.0,0,0,0,0,0,0,0.0,0.0,0.0,benign,0,-,CTU-IoT-Malware-Capture-1-1,0,none,none
40,17,0.0,0.0,1,0,0.0,0.0,0.0,40,40,0.0,1,0,0,0,1.0,0.0,1,1,0.0,0.0,0,1,0,0,0,0,0,1,1.0,0.0,0.0,0.0,0.0,0.0,0.0,0.0,0.0,0.0,0.0,0.0,0.0,0.0,0.0,0.0,0.0,0.0,0.0,0.0,0.0,0.0,0.0,1.0,0.0,1.0,0,0,0,0,0,0,0.0,0.0,0.0,benign,0,-,CTU-IoT-Malware-Capture-1-1,0,none,none
210,6,115.0,2.998579,3,0,1.0004738911331001,0.0,0.0,210,210,0.0,3,0,0,0,3.0,0.0,1,1,115.0,0.0,0,1,0,0,0,0,0,1,1.0,0.0,0.0,0.0,0.0,0.0,0.0,0.0,0.0,0.0,0.0,0.0,0.0,0.0,0.0,0.0,2.998579,0.16666666666666666,0.5500804395031744,0.0,1.0,1.0,1.0,0.0,0.5500804395031744,0.0,1,1,0,1,1,1,55.00804395031744,0.0,0.0,malicious,1,PartOfAHorizontalPortScan,CTU-IoT-Malware-Capture-1-1,1,combined,high
142,6,95.0,2.999319,3,0,1.0002270515406997,0.0,0.0,142,142,0.0,3,0,0,0,3.0,0.0,1,1,95.0,0.0,0,1,0,0,0,0,0,1,1.0,0.0,0.0,0.0,0.0,0.0,0.0,0.0,0.0,0.0,0.0,0.0,0.0,0.0,0.0,0.0,2.999319,0.2111111111111111,1.0,0.0,1.0,1.0,1.0,0.0,1.0,0.0,1,1,0,1,1,1,100.0,0.0,0.0,malicious,1,PartOfAHorizontalPortScan,CTU-IoT-Malware-Capture-1-1,1,combined,high
40,17,0.0,0.0,1,0,0.0,0.0,0.0,40,40,0.0,1,0,0,0,1.0,0.0,1,1,0.0,0.0,0,1,0,0,0,0,0,1,1.0,0.0,0.0,0.0,0.0,0.0,0.0,0.0,0.0,0.0,0.0,0.0,0.0,0.0,0.0,0.0,0.0,0.0,0.0,0.0,0.0,0.0,0.0,1.0,0.0,1.0,0,0,0,0,0,0,0.0,0.0,0.0,benign,0,-,CTU-IoT-Malware-Capture-1-1,0,none,none
60,6,77.0,0.0,1,0,0.0,0.0,0.0,60,60,0.0,1,0,0,0,1.0,0.0,1,1,77.0,0.0,0,1,0,0,0,0,0,1,1.0,0.0,0.0,0.0,0.0,0.0,0.0,0.0,0.0,0.0,0.0,0.0,0.0,0.0,0.0,0.0,0.0,0.0,0.8319108871083009,0.0,1.0,1.0,1.0,0.0,0.8319108871083009,0.0,1,1,0,1,1,1,83.19108871083009,0.0,0.0,malicious,1,PartOfAHorizontalPortScan,CTU-IoT-Malware-Capture-1-1,1,combined,high
26,6,63.0,0.0,1,0,0.0,0.0,0.0,26,26,0.0,1,0,0,0,1.0,0.0,1,1,63.0,0.0,1,1,0,0,0,0,0,1,1.0,0.0,0.0,0.0,0.0,0.0,0.0,0.0,0.0,0.0,0.0,0.0,0.0,0.0,0.0,0.0,0.0,0.5666666666666667,0.46672212058748336,0.25,1.0,1.0,1.0,0.0,0.46672212058748336,0.0,1,1,1,1,1,1,46.672212058748336,1.0,2.0,malicious,1,PartOfAHorizontalPortScan,CTU-IoT-Malware-Capture-1-1,1,combined,high
40,17,0.0,0.0,1,0,0.0,0.0,0.0,40,40,0.0,1,0,0,0,1.0,0.0,1,1,0.0,0.0,0,1,0,0,0,0,0,1,1.0,0.0,0.0,0.0,0.0,0.0,0.0,0.0,0.0,0.0,0.0,0.0,0.0,0.0,0.0,0.0,0.0,0.0,0.0,0.0,0.0,0.0,0.0,1.0,0.0,1.0,0,0,0,0,0,0,0.0,0.0,0.0,benign,0,-,CTU-IoT-Malware-Capture-1-1,0,none,none
185,6,125.0,2.999068,3,0,1.0003107632104373,0.0,0.0,185,185,0.0,3,0,0,0,3.0,0.0,1,1,125.0,0.0,0,1,0,0,0,0,0,1,1.0,0.0,0.0,0.0,0.0,0.0,0.0,0.0,0.0,0.0,0.0,0.0,0.0,0.0,0.0,0.0,2.999068,0.027777777777777776,0.7535839154547611,0.0,1.0,1.0,1.0,0.0,0.7535839154547611,0.0,1,1,0,1,1,1,75.35839154547611,0.0,0.0,malicious,1,PartOfAHorizontalPortScan,CTU-IoT-Malware-Capture-1-1,1,combined,high
49,6,57.0,0.0,1,0,0.0,0.0,0.0,49,49,0.0,1,0,0,0,1.0,0.0,1,1,57.0,0.0,0,1,0,0,0,0,0,1,1.0,0.0,0.0,0.0,0.0,0.0,0.0,0.0,0.0,0.0,0.0,0.0,0.0,0.0,0.0,0.0,0.0,0.18333333333333332,0.6817672954186034,0.0,1.0,1.0,1.0,0.0,0.6817672954186034,0.0,1,1,0,1,1,1,68.17672954186034,0.0,0.0,malicious,1,PartOfAHorizontalPortScan,CTU-IoT-Malware-Capture-1-1,1,combined,high
40,17,0.0,0.0,1,0,0.0,0.0,0.0,40,40,0.0,1,0,0,0,1.0,0.0,1,1,0.0,0.0,0,1,0,0,0,0,0,1,1.0,0.0,0.0,0.0,0.0,0.0,0.0,0.0,0.0,0.0,0.0,0.0,0.0,0.0,0.0,0.0,0.0,0.0,0.0,0.0,0.0,0.0,0.0,1.0,0.0,1.0,0,0,0,0,0,0,0.0,0.0,0.0,benign,0,-,CTU-IoT-Malware-Capture-1-1,0,none,none
21,6,72.0,0.0,1,0,0.0,0.0,0.0,21,21,0.0,1,0,0,0,1.0,0.0,1,1,72.0,0.0,2,1,0,0,0,0,0,1,1.0,0.0,0.0,0.0,0.0,0.0,0.0,0.0,0.0,0.0,0.0,0.0,0.0,0.0,0.0,0.0,0.0,0.65,0.01,0.5,1.0,1.0,1.0,0.0,0.01,0.0,1,1,1,1,1,1,1.0,2.0,3.0,malicious,1,PartOfAHorizontalPortScan,CTU-IoT-Malware-Capture-1-1,1,combined,high
40,17,0.0,0.0,1,0,0.0,0.0,0.0,40,40,0.0,1,0,0,0,1.0,0.0,1,1,0.0,0.0,0,1,0,0,0,0,0,1,1.0,0.0,0.0,0.0,0.0,0.0,0.0,0.0,0.0,0.0,0.0,0.0,0.0,0.0,0.0,0.0,0.0,0.0,0.0,0.0,0.0,0.0,0.0,1.0,0.0,1.0,0,0,0,0,0,0,0.0,0.0,0.0,benign,0,-,CTU-IoT-Malware-Capture-1-1,0,none,none
65,6,87.0,0.0,1,0,0.0,0.0,0.0,65,65,0.0,1,0,0,0,1.0,0.0,1,1,87.0,0.0,0,1,0,0,0,0,0,1,1.0,0.0,0.0,0.0,0.0,0.0,0.0,0.0,0.0,0.0,0.0,0.0,0.0,0.0,0.0,0.0,0.0,0.08333333333333333,0.6149210006379277,0.0,1.0,1.0,1.0,0.0,0.6149210006379277,0.0,1,1,0,1,1,1,61.49210006379276,0.0,0.0,malicious,1,PartOfAHorizontalPortScan,CTU-IoT-Malware-Capture-1-1,1,combined,high
40,17,0.0,0.0,1,0,0.0,0.0,0.0,40,40,0.0,1,0,0,0,1.0,0.0,1,1,0.0,0.0,0,1,0,0,0,0,0,1,1.0,0.0,0.0,0.0,0.0,0.0,0.0,0.0,0.0,0.0,0.0,0.0,0.0,0.0,0.0,0.0,0.0,0.0,0.0,0.0,0.0,0.0,0.0,1.0,0.0,1.0,0,0,0,0,0,0,0.0,0.0,0.0,benign,0,-,CTU-IoT-Malware-Capture-1-1,0,none,none
58,6,42.0,0.0,1,0,0.0,0.0,0.0,58,58,0.0,1,0,0,0,1.0,0.0,1,1,42.0,0.0,0,1,0,0,0,0,0,1,1.0,0.0,0.0,0.0,0.0,0.0,0.0,0.0,0.0,0.0,0.0,0.0,0.0,0.0,0.0,0.0,0.0,0.03333333333333333,1.0,0.0,1.0,1.0,1.0,0.0,1.0,0.0,1,1,0,1,1,1,100.0,0.0,0.0,malicious,1,PartOfAHorizontalPortScan,CTU-IoT-Malware-Capture-1-1,1,combined,high
30,6,99.0,0.0,1,0,0.0,0.0,0.0,30,30,0.0,1,0,0,0,1.0,0.0,1,1,99.0,0.0,1,1,0,0,0,0,0,1,1.0,0.0,0.0,0.0,0.0,0.0,0.0,0.0,0.0,0.0,0.0,0.0,0.0,0.0,0.0,0.0,0.0,0.5,0.7399679605541617,0.25,1.0,1.0,1.0,0.0,0.7399679605541617,0.0,1,1,1,1,1,1,73.99679605541617,1.0,2.0,malicious,1,PartOfAHorizontalPortScan,CTU-IoT-Malware-Capture-1-1,1,combined,high
20,6,60.0,0.0,1,0,0.0,0.0,0.0,20,20,0.0,1,0,0,0,1.0,0.0,1,1,60.0,0.0,4,1,0,0,0,0,0,1,1.0,0.0,0.0,0.0,0.0,0.0,0.0,0.0,0.0,0.0,0.0,0.0,0.0,0.0,0.0,0.0,0.0,0.6666666666666666,0.873142228240472,1.0,1.0,1.0,1.0,0.0,0.873142228240472,0.0,1,1,1,1,1,1,87.3142228240472,4.0,5.0,malicious,1,PartOfAHorizontalPortScan,CTU-IoT-Malware-Capture-1-1,1,combined,high
56,1,0.0,0.0,1,0,0.0,0.0,0.0,56,56,0.0,1,0,0,0,1.0,0.0,1,1,0.0,0.0,0,0,0,0,0,0,0,0,0.0,0.0,0.0,0.0,0.0,0.0,0.0,0.0,0.0,0.0,0.0,0.0,0.0,0.0,0.0,0.0,0.0,0.0,0.0,0.0,0.0,0.0,0.0,1.0,0.0,1.0,0,0,0,0,0,0,0.0,0.0,0.0,benign,0,-,CTU-IoT-Malware-Capture-1-1,0,none,none
20,6,109.0,0.0,1,0,0.0,0.0,0.0,20,20,0.0,1,0,0,0,1.0,0.0,1,1,109.0,0.0,4,1,0,0,0,0,0,1,1.0,0.0,0.0,0.0,0.0,0.0,0.0,0.0,0.0,0.0,0.0,0.0,0.0,0.0,0.0,0.0,0.0,0.6666666666666666,0.28729406130767354,1.0,1.0,1.0,1.0,0.0,0.28729406130767354,0.0,1,1,1,1,1,1,28.729406130767355,4.0,5.0,malicious,1,PartOfAHorizontalPortScan,CTU-IoT-Malware-Capture-1-1,1,combined,high
40,17,0.0,0.0,1,0,0.0,0.0,0.0,40,40,0.0,1,0,0,0,1.0,0.0,1,1,0.0,0.0,0,1,0,0,0,0,0,1,1.0,0.0,0.0,0.0,0.0,0.0,0.0,0.0,0.0,0.0,0.0,0.0,0.0,0.0,0.0,0.0,0.0,0.0,0.0,0.0,0.0,0.0,0.0,1.0,0.0,1.0,0,0,0,0,0,0,0.0,0.0,0.0,benign,0,-,CTU-IoT-Malware-Capture-1-1,0,none,none
40,17,0.0,0.0,1,0,0.0,0.0,0.0,40,40,0.0,1,0,0,0,1.0,0.0,1,1,0.0,0.0,0,1,0,0,0,0,0,1,1.0,0.0,0.0,0.0,0.0,0.0,0.0,0.0,0.0,0.0,0.0,0.0,0.0,0.0,0.0,0.0,0.0,0.0,0.0,0.0,0.0,0.0,0.0,1.0,0.0,1.0,0,0,0,0,0,0,0.0,0.0,0.0,benign,0,-,CTU-IoT-Malware-Capture-1-1,0,none,none
40,17,0.0,0.0,1,0,0.0,0.0,0.0,40,40,0.0,1,0,0,0,1.0,0.0,1,1,0.0,0.0,0,1,0,0,0,0,0,1,1.0,0.0,0.0,0.0,0.0,0.0,0.0,0.0,0.0,0.0,0.0,0.0,0.0,0.0,0.0,0.0,0.0,0.0,0.0,0.0,0.0,0.0,0.0,1.0,0.0,1.0,0,0,0,0,0,0,0.0,0.0,0.0,benign,0,-,CTU-IoT-Malware-Capture-1-1,0,none,none
41,6,34.0,2.998824,3,0,1.00039215372426,0.0,0.0,41,41,0.0,3,0,0,0,3.0,0.0,1,1,34.0,0.0,2,1,0,0,0,0,0,1,1.0,0.0,0.0,0.0,0.0,0.0,0.0,0.0,0.0,0.0,0.0,0.0,0.0,0.0,0.0,0.0,2.998824,0.7722222222222223,0.3136863352492993,0.5,1.0,1.0,1.0,0.0,0.3136863352492993,0.0,1,1,1,1,1,1,31.36863352492993,2.0,3.0,malicious,1,PartOfAHorizontalPortScan,CTU-IoT-Malware-Capture-1-1,1,combined,high
40,17,0.0,0.0,1,0,0.0,0.0,0.0,40,40,0.0,1,0,0,0,1.0,0.0,1,1,0.0,0.0,0,1,0,0,0,0,0,1,1.0,0.0,0.0,0.0,0.0,0.0,0.0,0.0,0.0,0.0,0.0,0.0,0.0,0.0,0.0,0.0,0.0,0.0,0.0,0.0,0.0,0.0,0.0,1.0,0.0,1.0,0,0,0,0,0,0,0.0,0.0,0.0,benign,0,-,CTU-IoT-Malware-Capture-1-1,0,none,none
40,17,0.0,0.0,1,0,0.0,0.0,0.0,40,40,0.0,1,0,0,0,1.0,0.0,1,1,0.0,0.0,0,1,0,0,0,0,0,1,1.0,0.0,0.0,0.0,0.0,0.0,0.0,0.0,0.0,0.0,0.0,0.0,0.0,0.0,0.0,0.0,0.0,0.0,0.0,0.0,0.0,0.0,0.0,1.0,0.0,1.0,0,0,0,0,0,0,0.0,0.0,0.0,benign,0,-,CTU-IoT-Malware-Capture-1-1,0,none,none
40,17,0.0,0.0,1,0,0.0,0.0,0.0,40,40,0.0,1,0,0,0,1.0,0.0,1,1,0.0,0.0,0,1,0,0,0,0,0,1,1.0,0.0,0.0,0.0,0.0,0.0,0.0,0.0,0.0,0.0,0.0,0.0,0.0,0.0,0.0,0.0,0.0,0.0,0.0,0.0,0.0,0.0,0.0,1.0,0.0,1.0,0,0,0,0,0,0,0.0,0.0,0.0,benign,0,-,CTU-IoT-Malware-Capture-1-1,0,none,none
66,6,118.0,2.999062,3,0,1.0003127644576872,0.0,0.0,66,66,0.0,3,0,0,0,3.0,0.0,1,1,118.0,0.0,2,1,0,0,0,0,0,1,1.0,0.0,0.0,0.0,0.0,0.0,0.0,0.0,0.0,0.0,0.0,0.0,0.0,0.0,0.0,0.0,2.999062,0.6333333333333333,0.7730902275484494,0.5,1.0,1.0,1.0,0.0,0.7730902275484494,0.0,1,1,1,1,1,1,77.30902275484493,2.0,3.0,malicious,1,PartOfAHorizontalPortScan,CTU-IoT-Malware-Capture-1-1,1,combined,high
227,6,124.0,2.998827,3,0,1.0003911529407998,0.0,0.0,227,227,0.0,3,0,0,0,3.0,0.0,1,1,124.0,0.0,0,1,0,0,0,0,0,1,1.0,0.0,0.0,0.0,0.0,0.0,0.0,0.0,0.0,0.0,0.0,0.0,0.0,0.0,0.0,0.0,2.998827,0.2611111111111111,0.28816511956007296,0.0,1.0,1.0,1.0,0.0,0.28816511956007296,0.0,1,1,0,1,1,1,28.816511956007293,0.0,0.0,malicious,1,PartOfAHorizontalPortScan,CTU-IoT-Malware-Capture-1-1,1,combined,high
40,17,0.0,0.0,1,0,0.0,0.0,0.0,40,40,0.0,1,0,0,0,1.0,0.0,1,1,0.0,0.0,0,1,0,0,0,0,0,1,1.0,0.0,0.0,0.0,0.0,0.0,0.0,0.0,0.0,0.0,0.0,0.0,0.0,0.0,0.0,0.0,0.0,0.0,0.0,0.0,0.0,0.0,0.0,1.0,0.0,1.0,0,0,0,0,0,0,0.0,0.0,0.0,benign,0,-,CTU-IoT-Malware-Capture-1-1,0,none,none
77,6,67.0,0.0,1,0,0.0,0.0,0.0,77,77,0.0,1,0,0,0,1.0,0.0,1,1,67.0,0.0,0,1,0,0,0,0,0,1,1.0,0.0,0.0,0.0,0.0,0.0,0.0,0.0,0.0,0.0,0.0,0.0,0.0,0.0,0.0,0.0,0.0,0.2833333333333333,1.0,0.0,1.0,1.0,1.0,0.0,1.0,0.0,1,1,0,1,1,1,100.0,0.0,0.0,malicious,1,PartOfAHorizontalPortScan,CTU-IoT-Malware-Capture-1-1,1,combined,high
40,17,0.0,0.0,1,0,0.0,0.0,0.0,40,40,0.0,1,0,0,0,1.0,0.0,1,1,0.0,0.0,0,1,0,0,0,0,0,1,1.0,0.0,0.0,0.0,0.0,0.0,0.0,0.0,0.0,0.0,0.0,0.0,0.0,0.0,0.0,0.0,0.0,0.0,0.0,0.0,0.0,0.0,0.0,1.0,0.0,1.0,0,0,0,0,0,0,0.0,0.0,0.0,benign,0,-,CTU-IoT-Malware-Capture-1-1,0,none,none
20,6,110.0,0.0,1,0,0.0,0.0,0.0,20,20,0.0,1,0,0,0,1.0,0.0,1,1,110.0,0.0,4,1,0,0,0,0,0,1,1.0,0.0,0.0,0.0,0.0,0.0,0.0,0.0,0.0,0.0,0.0,0.0,0.0,0.0,0.0,0.0,0.0,0.6666666666666666,1.0,1.0,1.0,1.0,1.0,0.0,1.0,0.0,1,1,1,1,1,1,100.0,4.0,5.0,malicious,1,PartOfAHorizontalPortScan,CTU-IoT-Malware-Capture-1-1,1,combined,high
56,6,39.0,0.0,1,0,0.0,0.0,0.0,56,56,0.0,1,0,0,0,1.0,0.0,1,1,39.0,0.0,0,1,0,0,0,0,0,1,1.0,0.0,0.0,0.0,0.0,0.0,0.0,0.0,0.0,0.0,0.0,0.0,0.0,0.0,0.0,0.0,0.0,0.06666666666666667,1.0,0.0,1.0,1.0,1.0,0.0,1.0,0.0,1,1,0,1,1,1,100.0,0.0,0.0,malicious,1,PartOfAHorizontalPortScan,CTU-IoT-Malware-Capture-1-1,1,combined,high
64,6,68.0,0.0,1,0,0.0,0.0,0.0,64,64,0.0,1,0,0,0,1.0,0.0,1,1,68.0,0.0,0,1,0,0,0,0,0,1,1.0,0.0,0.0,0.0,0.0,0.0,0.0,0.0,0.0,0.0,0.0,0.0,0.0,0.0,0.0,0.0,0.0,0.06666666666666667,0.5624839172824914,0.0,1.0,1.0,1.0,0.0,0.5624839172824914,0.0,1,1,0,1,1,1,56.24839172824914,0.0,0.0,malicious,1,PartOfAHorizontalPortScan,CTU-IoT-Malware-Capture-1-1,1,combined,high
40,17,0.0,0.0,1,0,0.0,0.0,0.0,40,40,0.0,1,0,0,0,1.0,0.0,1,1,0.0,0.0,0,1,0,0,0,0,0,1,1.0,0.0,0.0,0.0,0.0,0.0,0.0,0.0,0.0,0.0,0.0,0.0,0.0,0.0,0.0,0.0,0.0,0.0,0.0,0.0,0.0,0.0,0.0,1.0,0.0,1.0,0,0,0,0,0,0,0.0,0.0,0.0,benign,0,-,CTU-IoT-Malware-Capture-1-1,0,none,none
40,17,0.0,0.0,1,0,0.0,0.0,0.0,40,40,0.0,1,0,0,0,1.0,0.0,1,1,0.0,0.0,0,1,0,0,0,0,0,1,1.0,0.0,0.0,0.0,0.0,0.0,0.0,0.0,0.0,0.0,0.0,0.0,0.0,0.0,0.0,0.0,0.0,0.0,0.0,0.0,0.0,0.0,0.0,1.0,0.0,1.0,0,0,0,0,0,0,0.0,0.0,0.0,benign,0,-,CTU-IoT-Malware-Capture-1-1,0,none,none
65,6,67.0,2.998807,3,0,1.000397824868356,0.0,0.0,65,65,0.0,3,0,0,0,3.0,0.0,1,1,67.0,0.0,2,1,0,0,0,0,0,1,1.0,0.0,0.0,0.0,0.0,0.0,0.0,0.0,0.0,0.0,0.0,0.0,0.0,0.0,0.0,0.0,2.998807,0.6388888888888888,0.8533978726304936,0.5,1.0,1.0,1.0,0.0,0.8533978726304936,0.0,1,1,1,1,1,1,85.33978726304936,2.0,3.0,malicious,1,PartOfAHorizontalPortScan,CTU-IoT-Malware-Capture-1-1,1,combined,high
63,6,118.0,0.0,1,0,0.0,0.0,0.0,63,63,0.0,1,0,0,0,1.0,0.0,1,1,118.0,0.0,0,1,0,0,0,0,0,1,1.0,0.0,0.0,0.0,0.0,0.0,0.0,0.0,0.0,0.0,0.0,0.0,0.0,0.0,0.0,0.0,0.0,0.05,0.3375017664792678,0.0,1.0,1.0,1.0,0.0,0.3375017664792678,0.0,1,1,0,1,1,1,33.75017664792678,0.0,0.0,malicious,1,PartOfAHorizontalPortScan,CTU-IoT-Malware-Capture-1-1,1,combined,high
40,17,0.0,0.0,1,0,0.0,0.0,0.0,40,40,0.0,1,0,0,0,1.0,0.0,1,1,0.0,0.0,0,1,0,0,0,0,0,1,1.0,0.0,0.0,0.0,0.0,0.0,0.0,0.0,0.0,0.0,0.0,0.0,0.0,0.0,0.0,0.0,0.0,0.0,0.0,0.0,0.0,0.0,0.0,1.0,0.0,1.0,0,0,0,0,0,0,0.0,0.0,0.0,benign,0,-,CTU-IoT-Malware-Capture-1-1,0,none,none
62,6,79.0,0.0,1,0,0.0,0.0,0.0,62,62,0.0,1,0,0,0,1.0,0.0,1,1,79.0,0.0,0,1,0,0,0,0,0,1,1.0,0.0,0.0,0.0,0.0,0.0,0.0,0.0,0.0,0.0,0.0,0.0,0.0,0.0,0.0,0.0,0.0,0.03333333333333333,0.5068671526269408,0.0,1.0,1.0,1.0,0.0,0.5068671526269408,0.0,1,1,0,1,1,1,50.68671526269409,0.0,0.0,malicious,1,PartOfAHorizontalPortScan,CTU-IoT-Malware-Capture-1-1,1,combined,high
60,6,0.0,0.0,1,0,0.0,0.0,0.0,60,60,0.0,1,0,0,0,1.0,0.0,1,1,0.0,0.0,0,1,0,0,0,0,0,1,1.0,0.0,0.0,0.0,0.0,0.0,0.0,0.0,0.0,0.0,0.0,0.0,0.0,0.0,0.0,0.0,0.0,0.0,0.0,0.0,0.0,0.0,0.0,1.0,0.0,1.0,0,0,0,0,0,0,0.0,0.0,0.0,benign,0,-,CTU-IoT-Malware-Capture-1-1,0,none,none
40,17,0.0,0.0,1,0,0.0,0.0,0.0,40,40,0.0,1,0,0,0,1.0,0.0,1,1,0.0,0.0,0,1,0,0,0,0,0,1,1.0,0.0,0.0,0.0,0.0,0.0,0.0,0.0,0.0,0.0,0.0,0.0,0.0,0.0,0.0,0.0,0.0,0.0,0.0,0.0,0.0,0.0,0.0,1.0,0.0,1.0,0,0,0,0,0,0,0.0,0.0,0.0,benign,0,-,CTU-IoT-Malware-Capture-1-1,0,none,none
202,6,79.0,2.99856,3,0,1.000480230510645,0.0,0.0,202,202,0.0,3,0,0,0,3.0,0.0,1,1,79.0,0.0,0,1,0,0,0,0,0,1,1.0,0.0,0.0,0.0,0.0,0.0,0.0,0.0,0.0,0.0,0.0,0.0,0.0,0.0,0.0,0.0,2.99856,0.12222222222222222,0.6025434812621563,0.0,1.0,1.0,1.0,0.0,0.6025434812621563,0.0,1,1,0,1,1,1,60.254348126215625,0.0,0.0,malicious,1,PartOfAHorizontalPortScan,CTU-IoT-Malware-Capture-1-1,1,combined,high
201,6,121.0,2.998557,3,0,1.0004812314723381,0.0,0.0,201,201,0.0,3,0,0,0,3.0,0.0,1,1,121.0,0.0,0,1,0,0,0,0,0,1,1.0,0.0,0.0,0.0,0.0,0.0,0.0,0.0,0.0,0.0,0.0,0.0,0.0,0.0,0.0,0.0,2.998557,0.11666666666666667,0.8582394566828068,0.0,1.0,1.0,1.0,0.0,0.8582394566828068,0.0,1,1,0,1,1,1,85.82394566828067,0.0,0.0,malicious,1,PartOfAHorizontalPortScan,CTU-IoT-Malware-Capture-1-1,1,combined,high
55,6,109.0,0.0,1,0,0.0,0.0,0.0,55,55,0.0,1,0,0,0,1.0,0.0,1,1,109.0,0.0,0,1,0,0,0,0,0,1,1.0,0.0,0.0,0.0,0.0,0.0,0.0,0.0,0.0,0.0,0.0,0.0,0.0,0.0,0.0,0.0,0.0,0.08333333333333333,0.14426315736716316,0.0,1.0,1.0,1.0,0.0,0.14426315736716316,0.0,1,1,0,1,1,1,14.426315736716315,0.0,0.0,malicious,1,PartOfAHorizontalPortScan,CTU-IoT-Malware-Capture-1-1,1,combined,high
20,6,51.0,0.0,1,0,0.0,0.0,0.0,20,20,0.0,1,0,0,0,1.0,0.0,1,1,51.0,0.0,2,1,0,0,0,0,0,1,1.0,0.0,0.0,0.0,0.0,0.0,0.0,0.0,0.0,0.0,0.0,0.0,0.0,0.0,0.0,0.0,0.0,0.6666666666666666,0.12220778468824388,0.5,1.0,1.0,1.0,0.0,0.12220778468824388,0.0,1,1,1,1,1,1,12.220778468824388,2.0,3.0,malicious,1,PartOfAHorizontalPortScan,CTU-IoT-Malware-Capture-1-1,1,combined,high
40,17,0.0,0.0,1,0,0.0,0.0,0.0,40,40,0.0,1,0,0,0,1.0,0.0,1,1,0.0,0.0,0,1,0,0,0,0,0,1,1.0,0.0,0.0,0.0,0.0,0.0,0.0,0.0,0.0,0.0,0.0,0.0,0.0,0.0,0.0,0.0,0.0,0.0,0.0,0.0,0.0,0.0,0.0,1.0,0.0,1.0,0,0,0,0,0,0,0.0,0.0,0.0,benign,0,-,CTU-IoT-Malware-Capture-1-1,0,none,none
40,17,0.0,0.0,1,0,0.0,0.0,0.0,40,40,0.0,1,0,0,0,1.0,0.0,1,1,0.0,0.0,0,1,0,0,0,0,0,1,1.0,0.0,0.0,0.0,0.0,0.0,0.0,0.0,0.0,0.0,0.0,0.0,0.0,0.0,0.0,0.0,0.0,0.0,0.0,0.0,0.0,0.0,0.0,1.0,0.0,1.0,0,0,0,0,0,0,0.0,0.0,0.0,benign,0,-,CTU-IoT-Malware-Capture-1-1,0,none,none
40,17,0.0,0.0,1,0,0.0,0.0,0.0,40,40,0.0,1,0,0,0,1.0,0.0,1,1,0.0,0.0,0,1,0,0,0,0,0,1,1.0,0.0,0.0,0.0,0.0,0.0,0.0,0.0,0.0,0.0,0.0,0.0,0.0,0.0,0.0,0.0,0.0,0.0,0.0,0.0,0.0,0.0,0.0,1.0,0.0,1.0,0,0,0,0,0,0,0.0,0.0,0.0,benign,0,-,CTU-IoT-Malware-Capture-1-1,0,none,none
40,17,0.0,0.0,1,0,0.0,0.0,0.0,40,40,0.0,1,0,0,0,1.0,0.0,1,1,0.0,0.0,0,1,0,0,0,0,0,1,1.0,0.0,0.0,0.0,0.0,0.0,0.0,0.0,0.0,0.0,0.0,0.0,0.0,0.0,0.0,0.0,0.0,0.0,0.0,0.0,0.0,0.0,0.0,1.0,0.0,1.0,0,0,0,0,0,0,0.0,0.0,0.0,benign,0,-,CTU-IoT-Malware-Capture-1-1,0,none,none
60,6,99.0,0.0,1,0,0.0,0.0,0.0,60,60,0.0,1,0,0,0,1.0,0.0,1,1,99.0,0.0,0,1,0,0,0,0,0,1,1.0,0.0,0.0,0.0,0.0,0.0,0.0,0.0,0.0,0.0,0.0,0.0,0.0,0.0,0.0,0.0,0.0,0.0,0.1905853379415254,0.0,1.0,1.0,1.0,0.0,0.1905853379415254,0.0,1,1,0,1,1,1,19.05853379415254,0.0,0.0,malicious,1,PartOfAHorizontalPortScan,CTU-IoT-Malware-Capture-1-1,1,combined,high
40,17,0.0,0.0,1,0,0.0,0.0,0.0,40,40,0.0,1,0,0,0,1.0,0.0,1,1,0.0,0.0,0,1,0,0,0,0,0,1,1.0,0.0,0.0,0.0,0.0,0.0,0.0,0.0,0.0,0.0,0.0,0.0,0.0,0.0,0.0,0.0,0.0,0.0,0.0,0.0,0.0,0.0,0.0,1.0,0.0,1.0,0,0,0,0,0,0,0.0,0.0,0.0,benign,0,-,CTU-IoT-Malware-Capture-1-1,0,none,none
20,6,86.0,0.0,1,0,0.0,0.0,0.0,20,20,0.0,1,0,0,0,1.0,0.0,1,1,86.0,0.0,3,1,0,0,0,0,0,1,1.0,0.0,0.0,0.0,0.0,0.0,0.0,0.0,0.0,0.0,0.0,0.0,0.0,0.0,0.0,0.0,0.0,0.6666666666666666,0.47631582700182507,0.75,1.0,1.0,1.0,0.0,0.47631582700182507,0.0,1,1,1,1,1,1,47.631582700182506,3.0,4.0,malicious,1,PartOfAHorizontalPortScan,CTU-IoT-Malware-Capture-1-1,1,combined,high
63,6,33.0,0.0,1,0,0.0,0.0,0.0,63,63,0.0,1,0,0,0,1.0,0.0,1,1,33.0,0.0,0,1,0,0,0,0,0,1,1.0,0.0,0.0,0.0,0.0,0.0,0.0,0.0,0.0,0.0,0.0,0.0,0.0,0.0,0.0,0.0,0.0,0.05,0.7223483403038163,0.0,1.0,1.0,1.0,0.0,0.7223483403038163,0.0,1,1,0,1,1,1,72.23483403038163,0.0,0.0,malicious,1,PartOfAHorizontalPortScan,CTU-IoT-Malware-Capture-1-1,1,combined,high
20,6,44.0,0.0,1,0,0.0,0.0,0.0,20,20,0.0,1,0,0,0,1.0,0.0,1,1,44.0,0.0,4,1,0,0,0,0,0,1,1.0,0.0,0.0,0.0,0.0,0.0,0.0,0.0,0.0,0.0,0.0,0.0,0.0,0.0,0.0,0.0,0.0,0.6666666666666666,0.040438048368713286,1.0,1.0,1.0,1.0,0.0,0.040438048368713286,0.0,1,1,1,1,1,1,4.043804836871328,4.0,5.0,malicious,1,PartOfAHorizontalPortScan,CTU-IoT-Malware-Capture-1-1,1,combined,high
176,6,75.0,2.998823,3,0,1.0003924873191916,0.0,0.0,176,176,0.0,3,0,0,0,3.0,0.0,1,1,75.0,0.0,0,1,0,0,0,0,0,1,1.0,0.0,0.0,0.0,0.0,0.0,0.0,0.0,0.0,0.0,0.0,0.0,0.0,0.0,0.0,0.0,2.998823,0.022222222222222223,0.3841064335229214,0.0,1.0,1.0,1.0,0.0,0.3841064335229214,0.0,1,1,0,1,1,1,38.41064335229214,0.0,0.0,malicious,1,PartOfAHorizontalPortScan,CTU-IoT-Malware-Capture-1-1,1,combined,high
52,6,45.0,2.999057,3,0,1.0003144321698454,0.0,0.0,52,52,0.0,3,0,0,0,3.0,0.0,1,1,45.0,0.0,3,1,0,0,0,0,0,1,1.0,0.0,0.0,0.0,0.0,0.0,0.0,0.0,0.0,0.0,0.0,0.0,0.0,0.0,0.0,0.0,2.999057,0.7111111111111111,0.7919386851916801,0.75,1.0,1.0,1.0,0.0,0.7919386851916801,0.0,1,1,1,1,1,1,79.193868519168,3.0,4.0,malicious,1,PartOfAHorizontalPortScan,CTU-IoT-Malware-Capture-1-1,1,combined,high
180,6,0.0,2.999056,3,0,1.0003147657129443,0.0,0.0,180,180,0.0,3,0,0,0,3.0,0.0,1,1,0.0,0.0,0,1,0,0,0,0,0,1,1.0,0.0,0.0,0.0,0.0,0.0,0.0,0.0,0.0,0.0,0.0,0.0,0.0,0.0,0.0,0.0,2.999056,0.0,0.0,0.0,0.0,0.0,0.0,1.0,0.0,1.0,0,0,0,0,0,0,0.0,0.0,0.0,benign,0,-,CTU-IoT-Malware-Capture-1-1,0,none,none
40,17,0.0,0.0,1,0,0.0,0.0,0.0,40,40,0.0,1,0,0,0,1.0,0.0,1,1,0.0,0.0,0,1,0,0,0,0,0,1,1.0,0.0,0.0,0.0,0.0,0.0,0.0,0.0,0.0,0.0,0.0,0.0,0.0,0.0,0.0,0.0,0.0,0.0,0.0,0.0,0.0,0.0,0.0,1.0,0.0,1.0,0,0,0,0,0,0,0.0,0.0,0.0,benign,0,-,CTU-IoT-Malware-Capture-1-1,0,none,none
78,6,87.0,0.0,1,0,0.0,0.0,0.0,78,78,0.0,1,0,0,0,1.0,0.0,1,1,87.0,0.0,0,1,0,0,0,0,0,1,1.0,0.0,0.0,0.0,0.0,0.0,0.0,0.0,0.0,0.0,0.0,0.0,0.0,0.0,0.0,0.0,0.0,0.3,1.0,0.0,1.0,1.0,1.0,0.0,1.0,0.0,1,1,0,1,1,1,100.0,0.0,0.0,malicious,1,PartOfAHorizontalPortScan,CTU-IoT-Malware-Capture-1-1,1,combined,high
68,1,0.0,0.0,1,0,0.0,0.0,0.0,68,68,0.0,1,0,0,0,1.0,0.0,1,1,0.0,0.0,0,0,0,0,0,0,0,0,0.0,0.0,0.0,0.0,0.0,0.0,0.0,0.0,0.0,0.0,0.0,0.0,0.0,0.0,0.0,0.0,0.0,0.0,0.0,0.0,0.0,0.0,0.0,1.0,0.0,1.0,0,0,0,0,0,0,0.0,0.0,0.0,benign,0,-,CTU-IoT-Malware-Capture-1-1,0,none,none
20,6,39.0,0.0,1,0,0.0,0.0,0.0,20,20,0.0,1,0,0,0,1.0,0.0,1,1,39.0,0.0,2,1,0,0,0,0,0,1,1.0,0.0,0.0,0.0,0.0,0.0,0.0,0.0,0.0,0.0,0.0,0.0,0.0,0.0,0.0,0.0,0.0,0.6666666666666666,0.6023997239656089,0.5,1.0,1.0,1.0,0.0,0.6023997239656089,0.0,1,1,1,1,1,1,60.23997239656089,2.0,3.0,malicious,1,PartOfAHorizontalPortScan,CTU-IoT-Malware-Capture-1-1,1,combined,high
40,17,0.0,0.0,1,0,0.0,0.0,0.0,40,40,0.0,1,0,0,0,1.0,0.0,1,1,0.0,0.0,0,1,0,0,0,0,0,1,1.0,0.0,0.0,0.0,0.0,0.0,0.0,0.0,0.0,0.0,0.0,0.0,0.0,0.0,0.0,0.0,0.0,0.0,0.0,0.0,0.0,0.0,0.0,1.0,0.0,1.0,0,0,0,0,0,0,0.0,0.0,0.0,benign,0,-,CTU-IoT-Malware-Capture-1-1,0,none,none
40,17,0.0,0.0,1,0,0.0,0.0,0.0,40,40,0.0,1,0,0,0,1.0,0.0,1,1,0.0,0.0,0,1,0,0,0,0,0,1,1.0,0.0,0.0,0.0,0.0,0.0,0.0,0.0,0.0,0.0,0.0,0.0,0.0,0.0,0.0,0.0,0.0,0.0,0.0,0.0,0.0,0.0,0.0,1.0,0.0,1.0,0,0,0,0,0,0,0.0,0.0,0.0,benign,0,-,CTU-IoT-Malware-Capture-1-1,0,none,none
40,17,0.0,0.0,1,0,0.0,0.0,0.0,40,40,0.0,1,0,0,0,1.0,0.0,1,1,0.0,0.0,0,1,0,0,0,0,0,1,1.0,0.0,0.0,0.0,0.0,0.0,0.0,0.0,0.0,0.0,0.0,0.0,0.0,0.0,0.0,0.0,0.0,0.0,0.0,0.0,0.0,0.0,0.0,1.0,0.0,1.0,0,0,0,0,0,0,0.0,0.0,0.0,benign,0,-,CTU-IoT-Malware-Capture-1-1,0,none,none
69,6,81.0,0.0,1,0,0.0,0.0,0.0,69,69,0.0,1,0,0,0,1.0,0.0,1,1,81.0,0.0,0,1,0,0,0,0,0,1,1.0,0.0,0.0,0.0,0.0,0.0,0.0,0.0,0.0,0.0,0.0,0.0,0.0,0.0,0.0,0.0,0.0,0.15,0.25712824592155187,0.0,1.0,1.0,1.0,0.0,0.25712824592155187,0.0,1,1,0,1,1,1,25.712824592155187,0.0,0.0,malicious,1,PartOfAHorizontalPortScan,CTU-IoT-Malware-Capture-1-1,1,combined,high
20,6,122.0,0.0,1,0,0.0,0.0,0.0,20,20,0.0,1,0,0,0,1.0,0.0,1,1,122.0,0.0,2,1,0,0,0,0,0,1,1.0,0.0,0.0,0.0,0.0,0.0,0.0,0.0,0.0,0.0,0.0,0.0,0.0,0.0,0.0,0.0,0.0,0.6666666666666666,0.11594235822122084,0.5,1.0,1.0,1.0,0.0,0.11594235822122084,0.0,1,1,1,1,1,1,11.594235822122084,2.0,3.0,malicious,1,PartOfAHorizontalPortScan,CTU-IoT-Malware-Capture-1-1,1,combined,high
48,6,42.0,0.0,1,0,0.0,0.0,0.0,48,48,0.0,1,0,0,0,1.0,0.0,1,1,42.0,0.0,0,1,0,0,0,0,0,1,1.0,0.0,0.0,0.0,0.0,0.0,0.0,0.0,0.0,0.0,0.0,0.0,0.0,0.0,0.0,0.0,0.0,0.2,1.0,0.0,1.0,1.0,1.0,0.0,1.0,0.0,1,1,0,1,1,1,100.0,0.0,0.0,malicious,1,PartOfAHorizontalPortScan,CTU-IoT-Malware-Capture-1-1,1,combined,high
20,6,35.0,0.0,1,0,0.0,0.0,0.0,20,20,0.0,1,0,0,0,1.0,0.0,1,1,35.0,0.0,2,1,0,0,0,0,0,1,1.0,0.0,0.0,0.0,0.0,0.0,0.0,0.0,0.0,0.0,0.0,0.0,0.0,0.0,0.0,0.0,0.0,0.6666666666666666,0.133933899697754,0.5,1.0,1.0,1.0,0.0,0.133933899697754,0.0,1,1,1,1,1,1,13.393389969775399,2.0,3.0,malicious,1,PartOfAHorizontalPortScan,CTU-IoT-Malware-Capture-1-1,1,combined,high
60,6,0.0,0.0,1,0,0.0,0.0,0.0,60,60,0.0,1,0,0,0,1.0,0.0,1,1,0.0,0.0,0,1,0,0,0,0,0,1,1.0,0.0,0.0,0.0,0.0,0.0,0.0,0.0,0.0,0.0,0.0,0.0,0.0,0.0,0.0,0.0,0.0,0.0,0.0,0.0,0.0,0.0,0.0,1.0,0.0,1.0,0,0,0,0,0,0,0.0,0.0,0.0,benign,0,-,CTU-IoT-Malware-Capture-1-1,0,none,none
45,6,125.0,0.0,1,0,0.0,0.0,0.0,45,45,0.0,1,0,0,0,1.0,0.0,1,1,125.0,0.0,0,1,0,0,0,0,0,1,1.0,0.0,0.0,0.0,0.0,0.0,0.0,0.0,0.0,0.0,0.0,0.0,0.0,0.0,0.0,0.0,0.0,0.25,0.0616015524327884,0.0,1.0,1.0,1.0,0.0,0.0616015524327884,0.0,1,1,0,1,1,1,6.16015524327884,0.0,0.0,malicious,1,PartOfAHorizontalPortScan,CTU-IoT-Malware-Capture-1-1,1,combined,high
20,6,91.0,0.0,1,0,0.0,0.0,0.0,20,20,0.0,1,0,0,0,1.0,0.0,1,1,91.0,0.0,3,1,0,0,0,0,0,1,1.0,0.0,0.0,0.0,0.0,0.0,0.0,0.0,0.0,0.0,0.0,0.0,0.0,0.0,0.0,0.0,0.0,0.6666666666666666,0.1386873761963795,0.75,1.0,1.0,1.0,0.0,0.1386873761963795,0.0,1,1,1,1,1,1,13.86873761963795,3.0,4.0,malicious,1,PartOfAHorizontalPortScan,CTU-IoT-Malware-Capture-1-1,1,combined,high
165,6,43.0,2.998573,3,0,1.0004758930331195,0.0,0.0,165,165,0.0,3,0,0,0,3.0,0.0,1,1,43.0,0.0,0,1,0,0,0,0,0,1,1.0,0.0,0.0,0.0,0.0,0.0,0.0,0.0,0.0,0.0,0.0,0.0,0.0,0.0,0.0,0.0,2.998573,0.08333333333333333,0.2337064805623067,0.0,1.0,1.0,1.0,0.0,0.2337064805623067,0.0,1,1,0,1,1,1,23.37064805623067,0.0,0.0,malicious,1,PartOfAHorizontalPortScan,CTU-IoT-Malware-Capture-1-1,1,combined,high
40,17,0.0,0.0,1,0,0.0,0.0,0.0,40,40,0.0,1,0,0,0,1.0,0.0,1,1,0.0,0.0,0,1,0,0,0,0,0,1,1.0,0.0,0.0,0.0,0.0,0.0,0.0,0.0,0.0,0.0,0.0,0.0,0.0,0.0,0.0,0.0,0.0,0.0,0.0,0.0,0.0,0.0,0.0,1.0,0.0,1.0,0,0,0,0,0,0,0.0,0.0,0.0,benign,0,-,CTU-IoT-Malware-Capture-1-1,0,none,none
40,17,0.0,0.0,1,0,0.0,0.0,0.0,40,40,0.0,1,0,0,0,1.0,0.0,1,1,0.0,0.0,0,1,0,0,0,0,0,1,1.0,0.0,0.0,0.0,0.0,0.0,0.0,0.0,0.0,0.0,0.0,0.0,0.0,0.0,0.0,0.0,0.0,0.0,0.0,0.0,0.0,0.0,0.0,1.0,0.0,1.0,0,0,0,0,0,0,0.0,0.0,0.0,benign,0,-,CTU-IoT-Malware-Capture-1-1,0,none,none
36,6,101.0,2.99882,3,0,1.0003934881053216,0.0,0.0,36,36,0.0,3,0,0,0,3.0,0.0,1,1,101.0,0.0,4,1,0,0,0,0,0,1,1.0,0.0,0.0,0.0,0.0,0.0,0.0,0.0,0.0,0.0,0.0,0.0,0.0,0.0,0.0,0.0,2.99882,0.8,0.13109988133633427,1.0,1.0,1.0,1.0,0.0,0.13109988133633427,0.0,1,1,1,1,1,1,13.109988133633427,4.0,5.0,malicious,1,PartOfAHorizontalPortScan,CTU-IoT-Malware-Capture-1-1,1,combined,high
63,6,106.0,0.0,1,0,0.0,0.0,0.0,63,63,0.0,1,0,0,0,1.0,0.0,1,1,106.0,0.0,0,1,0,0,0,0,0,1,1.0,0.0,0.0,0.0,0.0,0.0,0.0,0.0,0.0,0.0,0.0,0.0,0.0,0.0,0.0,0.0,0.0,0.05,0.14649226812600202,0.0,1.0,1.0,1.0,0.0,0.14649226812600202,0.0,1,1,0,1,1,1,14.649226812600201,0.0,0.0,malicious,1,PartOfAHorizontalPortScan,CTU-IoT-Malware-Capture-1-1,1,combined,high
40,17,0.0,0.0,1,0,0.0,0.0,0.0,40,40,0.0,1,0,0,0,1.0,0.0,1,1,0.0,0.0,0,1,0,0,0,0,0,1,1.0,0.0,0.0,0.0,0.0,0.0,0.0,0.0,0.0,0.0,0.0,0.0,0.0,0.0,0.0,0.0,0.0,0.0,0.0,0.0,0.0,0.0,0.0,1.0,0.0,1.0,0,0,0,0,0,0,0.0,0.0,0.0,benign,0,-,CTU-IoT-Malware-Capture-1-1,0,none,none
32,6,63.0,0.0,1,0,0.0,0.0,0.0,32,32,0.0,1,0,0,0,1.0,0.0,1,1,63.0,0.0,1,1,0,0,0,0,0,1,1.0,0.0,0.0,0.0,0.0,0.0,0.0,0.0,0.0,0.0,0.0,0.0,0.0,0.0,0.0,0.0,0.0,0.4666666666666667,0.39423827230662695,0.25,1.0,1.0,1.0,0.0,0.39423827230662695,0.0,1,1,1,1,1,1,39.423827230662695,1.0,2.0,malicious,1,PartOfAHorizontalPortScan,CTU-IoT-Malware-Capture-1-1,1,combined,high
60,6,0.0,0.0,1,0,0.0,0.0,0.0,60,60,0.0,1,0,0,0,1.0,0.0,1,1,0.0,0.0,0,1,0,0,0,0,0,1,1.0,0.0,0.0,0.0,0.0,0.0,0.0,0.0,0.0,0.0,0.0,0.0,0.0,0.0,0.0,0.0,0.0,0.0,0.0,0.0,0.0,0.0,0.0,1.0,0.0,1.0,0,0,0,0,0,0,0.0,0.0,0.0,benign,0,-,CTU-IoT-Malware-Capture-1-1,0,none,none
40,17,0.0,0.0,1,0,0.0,0.0,0.0,40,40,0.0,1,0,0,0,1.0,0.0,1,1,0.0,0.0,0,1,0,0,0,0,0,1,1.0,0.0,0.0,0.0,0.0,0.0,0.0,0.0,0.0,0.0,0.0,0.0,0.0,0.0,0.0,0.0,0.0,0.0,0.0,0.0,0.0,0.0,0.0,1.0,0.0,1.0,0,0,0,0,0,0,0.0,0.0,0.0,benign,0,-,CTU-IoT-Malware-Capture-1-1,0,none,none
180,6,0.0,2.998825,3,0,1.0003918201295507,0.0,0.0,180,180,0.0,3,0,0,0,3.0,0.0,1,1,0.0,0.0,0,1,0,0,0,0,0,1,1.0,0.0,0.0,0.0,0.0,0.0,0.0,0.0,0.0,0.0,0.0,0.0,0.0,0.0,0.0,0.0,2.998825,0.0,0.0,0.0,0.0,0.0,0.0,1.0,0.0,1.0,0,0,0,0,0,0,0.0,0.0,0.0,benign,0,-,CTU-IoT-Malware-Capture-1-1,0,none,none
20,6,79.0,0.0,1,0,0.0,0.0,0.0,20,20,0.0,1,0,0,0,1.0,0.0,1,1,79.0,0.0,4,1,0,0,0,0,0,1,1.0,0.0,0.0,0.0,0.0,0.0,0.0,0.0,0.0,0.0,0.0,0.0,0.0,0.0,0.0,0.0,0.0,0.6666666666666666,0.038713994856999744,1.0,1.0,1.0,1.0,0.0,0.038713994856999744,0.0,1,1,1,1,1,1,3.8713994856999743,4.0,5.0,malicious,1,PartOfAHorizontalPortScan,CTU-IoT-Malware-Capture-1-1,1,combined,high
40,17,0.0,0.0,1,0,0.0,0.0,0.0,40,40,0.0,1,0,0,0,1.0,0.0,1,1,0.0,0.0,0,1,0,0,0,0,0,1,1.0,0.0,0.0,0.0,0.0,0.0,0.0,0.0,0.0,0.0,0.0,0.0,0.0,0.0,0.0,0.0,0.0,0.0,0.0,0.0,0.0,0.0,0.0,1.0,0.0,1.0,0,0,0,0,0,0,0.0,0.0,0.0,benign,0,-,CTU-IoT-Malware-Capture-1-1,0,none,none
40,17,0.0,0.0,1,0,0.0,0.0,0.0,40,40,0.0,1,0,0,0,1.0,0.0,1,1,0.0,0.0,0,1,0,0,0,0,0,1,1.0,0.0,0.0,0.0,0.0,0.0,0.0,0.0,0.0,0.0,0.0,0.0,0.0,0.0,0.0,0.0,0.0,0.0,0.0,0.0,0.0,0.0,0.0,1.0,0.0,1.0,0,0,0,0,0,0,0.0,0.0,0.0,benign,0,-,CTU-IoT-Malware-Capture-1-1,0,none,none
64,6,86.0,0.0,1,0,0.0,0.0,0.0,64,64,0.0,1,0,0,0,1.0,0.0,1,1,86.0,0.0,0,1,0,0,0,0,0,1,1.0,0.0,0.0,0.0,0.0,0.0,0.0,0.0,0.0,0.0,0.0,0.0,0.0,0.0,0.0,0.0,0.0,0.06666666666666667,0.04364627921428101,0.0,1.0,1.0,1.0,0.0,0.04364627921428101,0.0,1,1,0,1,1,1,4.364627921428101,0.0,0.0,malicious,1,PartOfAHorizontalPortScan,CTU-IoT-Malware-Capture-1-1,1,combined,high
61,6,98.0,0.0,1,0,0.0,0.0,0.0,61,61,0.0,1,0,0,0,1.0,0.0,1,1,98.0,0.0,0,1,0,0,0,0,0,1,1.0,0.0,0.0,0.0,0.0,0.0,0.0,0.0,0.0,0.0,0.0,0.0,0.0,0.0,0.0,0.0,0.0,0.016666666666666666,0.9654439062107844,0.0,1.0,1.0,1.0,0.0,0.9654439062107844,0.0,1,1,0,1,1,1,96.54439062107843,0.0,0.0,malicious,1,PartOfAHorizontalPortScan,CTU-IoT-Malware-Capture-1-1,1,combined,high
20,6,84.0,0.0,1,0,0.0,0.0,0.0,20,20,0.0,1,0,0,0,1.0,0.0,1,1,84.0,0.0,4,1,0,0,0,0,0,1,1.0,0.0,0.0,0.0,0.0,0.0,0.0,0.0,0.0,0.0,0.0,0.0,0.0,0.0,0.0,0.0,0.0,0.6666666666666666,0.038713994856999744,1.0,1.0,1.0,1.0,0.0,0.038713994856999744,0.0,1,1,1,1,1,1,3.8713994856999743,4.0,5.0,malicious,1,PartOfAHorizontalPortScan,CTU-IoT-Malware-Capture-1-1,1,combined,high
20,6,120.0,0.0,1,0,0.0,0.0,0.0,20,20,0.0,1,0,0,0,1.0,0.0,1,1,120.0,0.0,4,1,0,0,0,0,0,1,1.0,0.0,0.0,0.0,0.0,0.0,0.0,0.0,0.0,0.0,0.0,0.0,0.0,0.0,0.0,0.0,0.0,0.6666666666666666,0.018485072626482784,1.0,1.0,1.0,1.0,0.0,0.018485072626482784,0.0,1,1,1,1,1,1,1.8485072626482784,4.0,5.0,malicious,1,PartOfAHorizontalPortScan,CTU-IoT-Malware-Capture-1-1,1,combined,high
22,6,128.0,0.0,1,0,0.0,0.0,0.0,22,22,0.0,1,0,0,0,1.0,0.0,1,1,128.0,0.0,2,1,0,0,0,0,0,1,1.0,0.0,0.0,0.0,0.0,0.0,0.0,0.0,0.0,0.0,0.0,0.0,0.0,0.0,0.0,0.0,0.0,0.6333333333333333,0.059529505025799526,0.5,1.0,1.0,1.0,0.0,0.059529505025799526,0.0,1,1,1,1,1,1,5.952950502579952,2.0,3.0,malicious,1,PartOfAHorizontalPortScan,CTU-IoT-Malware-Capture-1-1,1,combined,high
28,6,110.0,0.0,1,0,0.0,0.0,0.0,28,28,0.0,1,0,0,0,1.0,0.0,1,1,110.0,0.0,1,1,0,0,0,0,0,1,1.0,0.0,0.0,0.0,0.0,0.0,0.0,0.0,0.0,0.0,0.0,0.0,0.0,0.0,0.0,0.0,0.0,0.5333333333333333,1.0,0.25,1.0,1.0,1.0,0.0,1.0,0.0,1,1,1,1,1,1,100.0,1.0,2.0,malicious,1,PartOfAHorizontalPortScan,CTU-IoT-Malware-Capture-1-1,1,combined,high
43,6,94.0,2.998807,3,0,1.000397824868356,0.0,0.0,43,43,0.0,3,0,0,0,3.0,0.0,1,1,94.0,0.0,3,1,0,0,0,0,0,1,1.0,0.0,0.0,0.0,0.0,0.0,0.0,0.0,0.0,0.0,0.0,0.0,0.0,0.0,0.0,0.0,2.998807,0.7611111111111111,0.26678239731574965,0.75,1.0,1.0,1.0,0.0,0.26678239731574965,0.0,1,1,1,1,1,1,26.678239731574966,3.0,4.0,malicious,1,PartOfAHorizontalPortScan,CTU-IoT-Malware-Capture-1-1,1,combined,high
165,6,111.0,2.998813,3,0,1.0003958232807446,0.0,0.0,165,165,0.0,3,0,0,0,3.0,0.0,1,1,111.0,0.0,0,1,0,0,0,0,0,1,1.0,0.0,0.0,0.0,0.0,0.0,0.0,0.0,0.0,0.0,0.0,0.0,0.0,0.0,0.0,0.0,2.998813,0.08333333333333333,0.040865753638758315,0.0,1.0,1.0,1.0,0.0,0.040865753638758315,0.0,1,1,0,1,1,1,4.0865753638758315,0.0,0.0,malicious,1,PartOfAHorizontalPortScan,CTU-IoT-Malware-Capture-1-1,1,combined,high
40,17,0.0,0.0,1,0,0.0,0.0,0.0,40,40,0.0,1,0,0,0,1.0,0.0,1,1,0.0,0.0,0,1,0,0,0,0,0,1,1.0,0.0,0.0,0.0,0.0,0.0,0.0,0.0,0.0,0.0,0.0,0.0,0.0,0.0,0.0,0.0,0.0,0.0,0.0,0.0,0.0,0.0,0.0,1.0,0.0,1.0,0,0,0,0,0,0,0.0,0.0,0.0,benign,0,-,CTU-IoT-Malware-Capture-1-1,0,none,none
40,17,0.0,0.0,1,0,0.0,0.0,0.0,40,40,0.0,1,0,0,0,1.0,0.0,1,1,0.0,0.0,0,1,0,0,0,0,0,1,1.0,0.0,0.0,0.0,0.0,0.0,0.0,0.0,0.0,0.0,0.0,0.0,0.0,0.0,0.0,0.0,0.0,0.0,0.0,0.0,0.0,0.0,0.0,1.0,0.0,1.0,0,0,0,0,0,0,0.0,0.0,0.0,benign,0,-,CTU-IoT-Malware-Capture-1-1,0,none,none
23,6,90.0,0.0,1,0,0.0,0.0,0.0,23,23,0.0,1,0,0,0,1.0,0.0,1,1,90.0,0.0,2,1,0,0,0,0,0,1,1.0,0.0,0.0,0.0,0.0,0.0,0.0,0.0,0.0,0.0,0.0,0.0,0.0,0.0,0.0,0.0,0.0,0.6166666666666667,0.19479639021307668,0.5,1.0,1.0,1.0,0.0,0.19479639021307668,0.0,1,1,1,1,1,1,19.47963902130767,2.0,3.0,malicious,1,PartOfAHorizontalPortScan,CTU-IoT-Malware-Capture-1-1,1,combined,high
40,17,0.0,0.0,1,0,0.0,0.0,0.0,40,40,0.0,1,0,0,0,1.0,0.0,1,1,0.0,0.0,0,1,0,0,0,0,0,1,1.0,0.0,0.0,0.0,0.0,0.0,0.0,0.0,0.0,0.0,0.0,0.0,0.0,0.0,0.0,0.0,0.0,0.0,0.0,0.0,0.0,0.0,0.0,1.0,0.0,1.0,0,0,0,0,0,0,0.0,0.0,0.0,benign,0,-,CTU-IoT-Malware-Capture-1-1,0,none,none
40,17,0.0,0.0,1,0,0.0,0.0,0.0,40,40,0.0,1,0,0,0,1.0,0.0,1,1,0.0,0.0,0,1,0,0,0,0,0,1,1.0,0.0,0.0,0.0,0.0,0.0,0.0,0.0,0.0,0.0,0.0,0.0,0.0,0.0,0.0,0.0,0.0,0.0,0.0,0.0,0.0,0.0,0.0,1.0,0.0,1.0,0,0,0,0,0,0,0.0,0.0,0.0,benign,0,-,CTU-IoT-Malware-Capture-1-1,0,none,none
40,17,0.0,0.0,1,0,0.0,0.0,0.0,40,40,0.0,1,0,0,0,1.0,0.0,1,1,0.0,0.0,0,1,0,0,0,0,0,1,1.0,0.0,0.0,0.0,0.0,0.0,0.0,0.0,0.0,0.0,0.0,0.0,0.0,0.0,0.0,0.0,0.0,0.0,0.0,0.0,0.0,0.0,0.0,1.0,0.0,1.0,0,0,0,0,0,0,0.0,0.0,0.0,benign,0,-,CTU-IoT-Malware-Capture-1-1,0,none,none
40,6,84.0,0.0,1,0,0.0,0.0,0.0,40,40,0.0,1,0,0,0,1.0,0.0,1,1,84.0,0.0,0,1,0,0,0,0,0,1,1.0,0.0,0.0,0.0,0.0,0.0,0.0,0.0,0.0,0.0,0.0,0.0,0.0,0.0,0.0,0.0,0.0,0.3333333333333333,0.49429364844795204,0.0,1.0,1.0,1.0,0.0,0.49429364844795204,0.0,1,1,0,1,1,1,49.4293648447952,0.0,0.0,malicious,1,PartOfAHorizontalPortScan,CTU-IoT-Malware-Capture-1-1,1,combined,high
60,6,0.0,0.0,1,0,0.0,0.0,0.0,60,60,0.0,1,0,0,0,1.0,0.0,1,1,0.0,0.0,0,1,0,0,0,0,0,1,1.0,0.0,0.0,0.0,0.0,0.0,0.0,0.0,0.0,0.0,0.0,0.0,0.0,0.0,0.0,0.0,0.0,0.0,0.0,0.0,0.0,0.0,0.0,1.0,0.0,1.0,0,0,0,0,0,0,0.0,0.0,0.0,benign,0,-,CTU-IoT-Malware-Capture-1-1,0,none,none
40,17,0.0,0.0,1,0,0.0,0.0,0.0,40,40,0.0,1,0,0,0,1.0,0.0,1,1,0.0,0.0,0,1,0,0,0,0,0,1,1.0,0.0,0.0,0.0,0.0,0.0,0.0,0.0,0.0,0.0,0.0,0.0,0.0,0.0,0.0,0.0,0.0,0.0,0.0,0.0,0.0,0.0,0.0,1.0,0.0,1.0,0,0,0,0,0,0,0.0,0.0,0.0,benign,0,-,CTU-IoT-Malware-Capture-1-1,0,none,none
201,6,72.0,2.99906,3,0,1.0003134315418831,0.0,0.0,201,201,0.0,3,0,0,0,3.0,0.0,1,1,72.0,0.0,0,1,0,0,0,0,0,1,1.0,0.0,0.0,0.0,0.0,0.0,0.0,0.0,0.0,0.0,0.0,0.0,0.0,0.0,0.0,0.0,2.99906,0.11666666666666667,1.0,0.0,1.0,1.0,1.0,0.0,1.0,0.0,1,1,0,1,1,1,100.0,0.0,0.0,malicious,1,PartOfAHorizontalPortScan,CTU-IoT-Malware-Capture-1-1,1,combined,high
66,6,79.0,0.0,1,0,0.0,0.0,0.0,66,66,0.0,1,0,0,0,1.0,0.0,1,1,79.0,0.0,0,1,0,0,0,0,0,1,1.0,0.0,0.0,0.0,0.0,0.0,0.0,0.0,0.0,0.0,0.0,0.0,0.0,0.0,0.0,0.0,0.0,0.1,0.6429135668558058,0.0,1.0,1.0,1.0,0.0,0.6429135668558058,0.0,1,1,0,1,1,1,64.29135668558058,0.0,0.0,malicious,1,PartOfAHorizontalPortScan,CTU-IoT-Malware-Capture-1-1,1,combined,high
40,17,0.0,0.0,1,0,0.0,0.0,0.0,40,40,0.0,1,0,0,0,1.0,0.0,1,1,0.0,0.0,0,1,0,0,0,0,0,1,1.0,0.0,0.0,0.0,0.0,0.0,0.0,0.0,0.0,0.0,0.0,0.0,0.0,0.0,0.0,0.0,0.0,0.0,0.0,0.0,0.0,0.0,0.0,1.0,0.0,1.0,0,0,0,0,0,0,0.0,0.0,0.0,benign,0,-,CTU-IoT-Malware-Capture-1-1,0,none,none
20,6,95.0,0.0,1,0,0.0,0.0,0.0,20,20,0.0,1,0,0,0,1.0,0.0,1,1,95.0,0.0,3,1,0,0,0,0,0,1,1.0,0.0,0.0,0.0,0.0,0.0,0.0,0.0,0.0,0.0,0.0,0.0,0.0,0.0,0.0,0.0,0.0,0.6666666666666666,0.33464459515765027,0.75,1.0,1.0,1.0,0.0,0.33464459515765027,0.0,1,1,1,1,1,1,33.46445951576503,3.0,4.0,malicious,1,PartOfAHorizontalPortScan,CTU-IoT-Malware-Capture-1-1,1,combined,high
31,6,100.0,0.0,1,0,0.0,0.0,0.0,31,31,0.0,1,0,0,0,1.0,0.0,1,1,100.0,0.0,1,1,0,0,0,0,0,1,1.0,0.0,0.0,0.0,0.0,0.0,0.0,0.0,0.0,0.0,0.0,0.0,0.0,0.0,0.0,0.0,0.0,0.48333333333333334,1.0,0.25,1.0,1.0,1.0,0.0,1.0,0.0,1,1,1,1,1,1,100.0,1.0,2.0,malicious,1,PartOfAHorizontalPortScan,CTU-IoT-Malware-Capture-1-1,1,combined,high
40,17,0.0,0.0,1,0,0.0,0.0,0.0,40,40,0.0,1,0,0,0,1.0,0.0,1,1,0.0,0.0,0,1,0,0,0,0,0,1,1.0,0.0,0.0,0.0,0.0,0.0,0.0,0.0,0.0,0.0,0.0,0.0,0.0,0.0,0.0,0.0,0.0,0.0,0.0,0.0,0.0,0.0,0.0,1.0,0.0,1.0,0,0,0,0,0,0,0.0,0.0,0.0,benign,0,-,CTU-IoT-Malware-Capture-1-1,0,none,none
59,6,105.0,0.0,1,0,0.0,0.0,0.0,59,59,0.0,1,0,0,0,1.0,0.0,1,1,105.0,0.0,0,1,0,0,0,0,0,1,1.0,0.0,0.0,0.0,0.0,0.0,0.0,0.0,0.0,0.0,0.0,0.0,0.0,0.0,0.0,0.0,0.0,0.016666666666666666,0.10338879236630025,0.0,1.0,1.0,1.0,0.0,0.10338879236630025,0.0,1,1,0,1,1,1,10.338879236630024,0.0,0.0,malicious,1,PartOfAHorizontalPortScan,CTU-IoT-Malware-Capture-1-1,1,combined,high
40,17,0.0,0.0,1,0,0.0,0.0,0.0,40,40,0.0,1,0,0,0,1.0,0.0,1,1,0.0,0.0,0,1,0,0,0,0,0,1,1.0,0.0,0.0,0.0,0.0,0.0,0.0,0.0,0.0,0.0,0.0,0.0,0.0,0.0,0.0,0.0,0.0,0.0,0.0,0.0,0.0,0.0,0.0,1.0,0.0,1.0,0,0,0,0,0,0,0.0,0.0,0.0,benign,0,-,CTU-IoT-Malware-Capture-1-1,0,none,none
60,6,0.0,0.0,1,0,0.0,0.0,0.0,60,60,0.0,1,0,0,0,1.0,0.0,1,1,0.0,0.0,0,1,0,0,0,0,0,1,1.0,0.0,0.0,0.0,0.0,0.0,0.0,0.0,0.0,0.0,0.0,0.0,0.0,0.0,0.0,0.0,0.0,0.0,0.0,0.0,0.0,0.0,0.0,1.0,0.0,1.0,0,0,0,0,0,0,0.0,0.0,0.0,benign,0,-,CTU-IoT-Malware-Capture-1-1,0,none,none
20,6,107.0,0.0,1,0,0.0,0.0,0.0,20,20,0.0,1,0,0,0,1.0,0.0,1,1,107.0,0.0,4,1,0,0,0,0,0,1,1.0,0.0,0.0,0.0,0.0,0.0,0.0,0.0,0.0,0.0,0.0,0.0,0.0,0.0,0.0,0.0,0.0,0.6666666666666666,0.5341380399048913,1.0,1.0,1.0,1.0,0.0,0.5341380399048913,0.0,1,1,1,1,1,1,53.41380399048913,4.0,5.0,malicious,1,PartOfAHorizontalPortScan,CTU-IoT-Malware-Capture-1-1,1,combined,high
20,6,44.0,0.0,1,0,0.0,0.0,0.0,20,20,0.0,1,0,0,0,1.0,0.0,1,1,44.0,0.0,4,1,0,0,0,0,0,1,1.0,0.0,0.0,0.0,0.0,0.0,0.0,0.0,0.0,0.0,0.0,0.0,0.0,0.0,0.0,0.0,0.0,0.6666666666666666,0.4425030715333547,1.0,1.0,1.0,1.0,0.0,0.4425030715333547,0.0,1,1,1,1,1,1,44.25030715333547,4.0,5.0,malicious,1,PartOfAHorizontalPortScan,CTU-IoT-Malware-Capture-1-1,1,combined,high
51,6,83.0,0.0,1,0,0.0,0.0,0.0,51,51,0.0,1,0,0,0,1.0,0.0,1,1,83.0,0.0,0,1,0,0,0,0,0,1,1.0,0.0,0.0,0.0,0.0,0.0,0.0,0.0,0.0,0.0,0.0,0.0,0.0,0.0,0.0,0.0,0.0,0.15,0.14023486564662993,0.0,1.0,1.0,1.0,0.0,0.14023486564662993,0.0,1,1,0,1,1,1,14.023486564662992,0.0,0.0,malicious,1,PartOfAHorizontalPortScan,CTU-IoT-Malware-Capture-1-1,1,combined,high
62,6,59.0,0.0,1,0,0.0,0.0,0.0,62,62,0.0,1,0,0,0,1.0,0.0,1,1,59.0,0.0,0,1,0,0,0,0,0,1,1.0,0.0,0.0,0.0,0.0,0.0,0.0,0.0,0.0,0.0,0.0,0.0,0.0,0.0,0.0,0.0,0.0,0.03333333333333333,0.03815077521052756,0.0,1.0,1.0,1.0,0.0,0.03815077521052756,0.0,1,1,0,1,1,1,3.8150775210527557,0.0,0.0,malicious,1,PartOfAHorizontalPortScan,CTU-IoT-Malware-Capture-1-1,1,combined,high
40,17,0.0,0.0,1,0,0.0,0.0,0.0,40,40,0.0,1,0,0,0,1.0,0.0,1,1,0.0,0.0,0,1,0,0,0,0,0,1,1.0,0.0,0.0,0.0,0.0,0.0,0.0,0.0,0.0,0.0,0.0,0.0,0.0,0.0,0.0,0.0,0.0,0.0,0.0,0.0,0.0,0.0,0.0,1.0,0.0,1.0,0,0,0,0,0,0,0.0,0.0,0.0,benign,0,-,CTU-IoT-Malware-Capture-1-1,0,none,none
40,17,0.0,0.0,1,0,0.0,0.0,0.0,40,40,0.0,1,0,0,0,1.0,0.0,1,1,0.0,0.0,0,1,0,0,0,0,0,1,1.0,0.0,0.0,0.0,0.0,0.0,0.0,0.0,0.0,0.0,0.0,0.0,0.0,0.0,0.0,0.0,0.0,0.0,0.0,0.0,0.0,0.0,0.0,1.0,0.0,1.0,0,0,0,0,0,0,0.0,0.0,0.0,benign,0,-,CTU-IoT-Malware-Capture-1-1,0,none,none
40,17,0.0,0.0,1,0,0.0,0.0,0.0,40,40,0.0,1,0,0,0,1.0,0.0,1,1,0.0,0.0,0,1,0,0,0,0,0,1,1.0,0.0,0.0,0.0,0.0,0.0,0.0,0.0,0.0,0.0,0.0,0.0,0.0,0.0,0.0,0.0,0.0,0.0,0.0,0.0,0.0,0.0,0.0,1.0,0.0,1.0,0,0,0,0,0,0,0.0,0.0,0.0,benign,0,-,CTU-IoT-Malware-Capture-1-1,0,none,none
60,6,0.0,0.0,1,0,0.0,0.0,0.0,60,60,0.0,1,0,0,0,1.0,0.0,1,1,0.0,0.0,0,1,0,0,0,0,0,1,1.0,0.0,0.0,0.0,0.0,0.0,0.0,0.0,0.0,0.0,0.0,0.0,0.0,0.0,0.0,0.0,0.0,0.0,0.0,0.0,0.0,0.0,0.0,1.0,0.0,1.0,0,0,0,0,0,0,0.0,0.0,0.0,benign,0,-,CTU-IoT-Malware-Capture-1-1,0,none,none
40,17,0.0,0.0,1,0,0.0,0.0,0.0,40,40,0.0,1,0,0,0,1.0,0.0,1,1,0.0,0.0,0,1,0,0,0,0,0,1,1.0,0.0,0.0,0.0,0.0,0.0,0.0,0.0,0.0,0.0,0.0,0.0,0.0,0.0,0.0,0.0,0.0,0.0,0.0,0.0,0.0,0.0,0.0,1.0,0.0,1.0,0,0,0,0,0,0,0.0,0.0,0.0,benign,0,-,CTU-IoT-Malware-Capture-1-1,0,none,none
40,17,0.0,0.0,1,0,0.0,0.0,0.0,40,40,0.0,1,0,0,0,1.0,0.0,1,1,0.0,0.0,0,1,0,0,0,0,0,1,1.0,0.0,0.0,0.0,0.0,0.0,0.0,0.0,0.0,0.0,0.0,0.0,0.0,0.0,0.0,0.0,0.0,0.0,0.0,0.0,0.0,0.0,0.0,1.0,0.0,1.0,0,0,0,0,0,0,0.0,0.0,0.0,benign,0,-,CTU-IoT-Malware-Capture-1-1,0,none,none
40,17,0.0,0.0,1,0,0.0,0.0,0.0,40,40,0.0,1,0,0,0,1.0,0.0,1,1,0.0,0.0,0,1,0,0,0,0,0,1,1.0,0.0,0.0,0.0,0.0,0.0,0.0,0.0,0.0,0.0,0.0,0.0,0.0,0.0,0.0,0.0,0.0,0.0,0.0,0.0,0.0,0.0,0.0,1.0,0.0,1.0,0,0,0,0,0,0,0.0,0.0,0.0,benign,0,-,CTU-IoT-Malware-Capture-1-1,0,none,none
36,6,110.0,2.998812,3,0,1.0003961568781237,0.0,0.0,36,36,0.0,3,0,0,0,3.0,0.0,1,1,110.0,0.0,4,1,0,0,0,0,0,1,1.0,0.0,0.0,0.0,0.0,0.0,0.0,0.0,0.0,0.0,0.0,0.0,0.0,0.0,0.0,0.0,2.998812,0.8,0.7564670241885115,1.0,1.0,1.0,1.0,0.0,0.7564670241885115,0.0,1,1,1,1,1,1,75.64670241885115,4.0,5.0,malicious,1,PartOfAHorizontalPortScan,CTU-IoT-Malware-Capture-1-1,1,combined,high
40,17,0.0,0.0,1,0,0.0,0.0,0.0,40,40,0.0,1,0,0,0,1.0,0.0,1,1,0.0,0.0,0,1,0,0,0,0,0,1,1.0,0.0,0.0,0.0,0.0,0.0,0.0,0.0,0.0,0.0,0.0,0.0,0.0,0.0,0.0,0.0,0.0,0.0,0.0,0.0,0.0,0.0,0.0,1.0,0.0,1.0,0,0,0,0,0,0,0.0,0.0,0.0,benign,0,-,CTU-IoT-Malware-Capture-1-1,0,none,none
20,6,58.0,0.0,1,0,0.0,0.0,0.0,20,20,0.0,1,0,0,0,1.0,0.0,1,1,58.0,0.0,3,1,0,0,0,0,0,1,1.0,0.0,0.0,0.0,0.0,0.0,0.0,0.0,0.0,0.0,0.0,0.0,0.0,0.0,0.0,0.0,0.0,0.6666666666666666,0.12675145180268602,0.75,1.0,1.0,1.0,0.0,0.12675145180268602,0.0,1,1,1,1,1,1,12.675145180268602,3.0,4.0,malicious,1,PartOfAHorizontalPortScan,CTU-IoT-Malware-Capture-1-1,1,combined,high
30,6,59.0,2.998567,3,0,1.0004778949411501,0.0,0.0,30,30,0.0,3,0,0,0,3.0,0.0,1,1,59.0,0.0,4,1,0,0,0,0,0,1,1.0,0.0,0.0,0.0,0.0,0.0,0.0,0.0,0.0,0.0,0.0,0.0,0.0,0.0,0.0,0.0,2.998567,0.8333333333333334,1.0,1.0,1.0,1.0,1.0,0.0,1.0,0.0,1,1,1,1,1,1,100.0,4.0,5.0,malicious,1,PartOfAHorizontalPortScan,CTU-IoT-Malware-Capture-1-1,1,combined,high
20,6,103.0,0.0,1,0,0.0,0.0,0.0,20,20,0.0,1,0,0,0,1.0,0.0,1,1,103.0,0.0,3,1,0,0,0,0,0,1,1.0,0.0,0.0,0.0,0.0,0.0,0.0,0.0,0.0,0.0,0.0,0.0,0.0,0.0,0.0,0.0,0.0,0.6666666666666666,0.503653864796924,0.75,1.0,1.0,1.0,0.0,0.503653864796924,0.0,1,1,1,1,1,1,50.3653864796924,3.0,4.0,malicious,1,PartOfAHorizontalPortScan,CTU-IoT-Malware-Capture-1-1,1,combined,high
40,17,0.0,0.0,1,0,0.0,0.0,0.0,40,40,0.0,1,0,0,0,1.0,0.0,1,1,0.0,0.0,0,1,0,0,0,0,0,1,1.0,0.0,0.0,0.0,0.0,0.0,0.0,0.0,0.0,0.0,0.0,0.0,0.0,0.0,0.0,0.0,0.0,0.0,0.0,0.0,0.0,0.0,0.0,1.0,0.0,1.0,0,0,0,0,0,0,0.0,0.0,0.0,benign,0,-,CTU-IoT-Malware-Capture-1-1,0,none,none
40,17,0.0,0.0,1,0,0.0,0.0,0.0,40,40,0.0,1,0,0,0,1.0,0.0,1,1,0.0,0.0,0,1,0,0,0,0,0,1,1.0,0.0,0.0,0.0,0.0,0.0,0.0,0.0,0.0,0.0,0.0,0.0,0.0,0.0,0.0,0.0,0.0,0.0,0.0,0.0,0.0,0.0,0.0,1.0,0.0,1.0,0,0,0,0,0,0,0.0,0.0,0.0,benign,0,-,CTU-IoT-Malware-Capture-1-1,0,none,none
60,6,0.0,0.0,1,0,0.0,0.0,0.0,60,60,0.0,1,0,0,0,1.0,0.0,1,1,0.0,0.0,0,1,0,0,0,0,0,1,1.0,0.0,0.0,0.0,0.0,0.0,0.0,0.0,0.0,0.0,0.0,0.0,0.0,0.0,0.0,0.0,0.0,0.0,0.0,0.0,0.0,0.0,0.0,1.0,0.0,1.0,0,0,0,0,0,0,0.0,0.0,0.0,benign,0,-,CTU-IoT-Malware-Capture-1-1,0,none,none
40,17,0.0,0.0,1,0,0.0,0.0,0.0,40,40,0.0,1,0,0,0,1.0,0.0,1,1,0.0,0.0,0,1,0,0,0,0,0,1,1.0,0.0,0.0,0.0,0.0,0.0,0.0,0.0,0.0,0.0,0.0,0.0,0.0,0.0,0.0,0.0,0.0,0.0,0.0,0.0,0.0,0.0,0.0,1.0,0.0,1.0,0,0,0,0,0,0,0.0,0.0,0.0,benign,0,-,CTU-IoT-Malware-Capture-1-1,0,none,none
20,6,49.0,0.0,1,0,0.0,0.0,0.0,20,20,0.0,1,0,0,0,1.0,0.0,1,1,49.0,0.0,4,1,0,0,0,0,0,1,1.0,0.0,0.0,0.0,0.0,0.0,0.0,0.0,0.0,0.0,0.0,0.0,0.0,0.0,0.0,0.0,0.0,0.6666666666666666,0.8712188561733336,1.0,1.0,1.0,1.0,0.0,0.8712188561733336,0.0,1,1,1,1,1,1,87.12188561733336,4.0,5.0,malicious,1,PartOfAHorizontalPortScan,CTU-IoT-Malware-Capture-1-1,1,combined,high
40,17,0.0,0.0,1,0,0.0,0.0,0.0,40,40,0.0,1,0,0,0,1.0,0.0,1,1,0.0,0.0,0,1,0,0,0,0,0,1,1.0,0.0,0.0,0.0,0.0,0.0,0.0,0.0,0.0,0.0,0.0,0.0,0.0,0.0,0.0,0.0,0.0,0.0,0.0,0.0,0.0,0.0,0.0,1.0,0.0,1.0,0,0,0,0,0,0,0.0,0.0,0.0,benign,0,-,CTU-IoT-Malware-Capture-1-1,0,none,none
68,1,0.0,0.0,1,0,0.0,0.0,0.0,68,68,0.0,1,0,0,0,1.0,0.0,1,1,0.0,0.0,0,0,0,0,0,0,0,0,0.0,0.0,0.0,0.0,0.0,0.0,0.0,0.0,0.0,0.0,0.0,0.0,0.0,0.0,0.0,0.0,0.0,0.0,0.0,0.0,0.0,0.0,0.0,1.0,0.0,1.0,0,0,0,0,0,0,0.0,0.0,0.0,benign,0,-,CTU-IoT-Malware-Capture-1-1,0,none,none
34,6,126.0,2.998824,3,0,1.00039215372426,0.0,0.0,34,34,0.0,3,0,0,0,3.0,0.0,1,1,126.0,0.0,4,1,0,0,0,0,0,1,1.0,0.0,0.0,0.0,0.0,0.0,0.0,0.0,0.0,0.0,0.0,0.0,0.0,0.0,0.0,0.0,2.998824,0.8111111111111111,0.22781298686468485,1.0,1.0,1.0,1.0,0.0,0.22781298686468485,0.0,1,1,1,1,1,1,22.781298686468485,4.0,5.0,malicious,1,PartOfAHorizontalPortScan,CTU-IoT-Malware-Capture-1-1,1,combined,high
180,6,0.0,2.998804,3,0,1.0003988256651652,0.0,0.0,180,180,0.0,3,0,0,0,3.0,0.0,1,1,0.0,0.0,0,1,0,0,0,0,0,1,1.0,0.0,0.0,0.0,0.0,0.0,0.0,0.0,0.0,0.0,0.0,0.0,0.0,0.0,0.0,0.0,2.998804,0.0,0.0,0.0,0.0,0.0,0.0,1.0,0.0,1.0,0,0,0,0,0,0,0.0,0.0,0.0,benign,0,-,CTU-IoT-Malware-Capture-1-1,0,none,none
60,6,0.0,0.0,1,0,0.0,0.0,0.0,60,60,0.0,1,0,0,0,1.0,0.0,1,1,0.0,0.0,0,1,0,0,0,0,0,1,1.0,0.0,0.0,0.0,0.0,0.0,0.0,0.0,0.0,0.0,0.0,0.0,0.0,0.0,0.0,0.0,0.0,0.0,0.0,0.0,0.0,0.0,0.0,1.0,0.0,1.0,0,0,0,0,0,0,0.0,0.0,0.0,benign,0,-,CTU-IoT-Malware-Capture-1-1,0,none,none
40,17,0.0,0.0,1,0,0.0,0.0,0.0,40,40,0.0,1,0,0,0,1.0,0.0,1,1,0.0,0.0,0,1,0,0,0,0,0,1,1.0,0.0,0.0,0.0,0.0,0.0,0.0,0.0,0.0,0.0,0.0,0.0,0.0,0.0,0.0,0.0,0.0,0.0,0.0,0.0,0.0,0.0,0.0,1.0,0.0,1.0,0,0,0,0,0,0,0.0,0.0,0.0,benign,0,-,CTU-IoT-Malware-Capture-1-1,0,none,none
40,17,0.0,0.0,1,0,0.0,0.0,0.0,40,40,0.0,1,0,0,0,1.0,0.0,1,1,0.0,0.0,0,1,0,0,0,0,0,1,1.0,0.0,0.0,0.0,0.0,0.0,0.0,0.0,0.0,0.0,0.0,0.0,0.0,0.0,0.0,0.0,0.0,0.0,0.0,0.0,0.0,0.0,0.0,1.0,0.0,1.0,0,0,0,0,0,0,0.0,0.0,0.0,benign,0,-,CTU-IoT-Malware-Capture-1-1,0,none,none
40,17,0.0,0.0,1,0,0.0,0.0,0.0,40,40,0.0,1,0,0,0,1.0,0.0,1,1,0.0,0.0,0,1,0,0,0,0,0,1,1.0,0.0,0.0,0.0,0.0,0.0,0.0,0.0,0.0,0.0,0.0,0.0,0.0,0.0,0.0,0.0,0.0,0.0,0.0,0.0,0.0,0.0,0.0,1.0,0.0,1.0,0,0,0,0,0,0,0.0,0.0,0.0,benign,0,-,CTU-IoT-Malware-Capture-1-1,0,none,none
20,6,103.0,0.0,1,0,0.0,0.0,0.0,20,20,0.0,1,0,0,0,1.0,0.0,1,1,103.0,0.0,2,1,0,0,0,0,0,1,1.0,0.0,0.0,0.0,0.0,0.0,0.0,0.0,0.0,0.0,0.0,0.0,0.0,0.0,0.0,0.0,0.0,0.6666666666666666,0.055517709593693274,0.5,1.0,1.0,1.0,0.0,0.055517709593693274,0.0,1,1,1,1,1,1,5.551770959369327,2.0,3.0,malicious,1,PartOfAHorizontalPortScan,CTU-IoT-Malware-Capture-1-1,1,combined,high
20,6,39.0,0.0,1,0,0.0,0.0,0.0,20,20,0.0,1,0,0,0,1.0,0.0,1,1,39.0,0.0,4,1,0,0,0,0,0,1,1.0,0.0,0.0,0.0,0.0,0.0,0.0,0.0,0.0,0.0,0.0,0.0,0.0,0.0,0.0,0.0,0.0,0.6666666666666666,0.8712188561733336,1.0,1.0,1.0,1.0,0.0,0.8712188561733336,0.0,1,1,1,1,1,1,87.12188561733336,4.0,5.0,malicious,1,PartOfAHorizontalPortScan,CTU-IoT-Malware-Capture-1-1,1,combined,high
40,17,0.0,0.0,1,0,0.0,0.0,0.0,40,40,0.0,1,0,0,0,1.0,0.0,1,1,0.0,0.0,0,1,0,0,0,0,0,1,1.0,0.0,0.0,0.0,0.0,0.0,0.0,0.0,0.0,0.0,0.0,0.0,0.0,0.0,0.0,0.0,0.0,0.0,0.0,0.0,0.0,0.0,0.0,1.0,0.0,1.0,0,0,0,0,0,0,0.0,0.0,0.0,benign,0,-,CTU-IoT-Malware-Capture-1-1,0,none,none
55,6,62.0,2.998805,3,0,1.0003984920660063,0.0,0.0,55,55,0.0,3,0,0,0,3.0,0.0,1,1,62.0,0.0,2,1,0,0,0,0,0,1,1.0,0.0,0.0,0.0,0.0,0.0,0.0,0.0,0.0,0.0,0.0,0.0,0.0,0.0,0.0,0.0,2.998805,0.6944444444444444,0.18810661695722863,0.5,1.0,1.0,1.0,0.0,0.18810661695722863,0.0,1,1,1,1,1,1,18.810661695722864,2.0,3.0,malicious,1,PartOfAHorizontalPortScan,CTU-IoT-Malware-Capture-1-1,1,combined,high
175,6,59.0,2.999078,3,0,1.0003074278161488,0.0,0.0,175,175,0.0,3,0,0,0,3.0,0.0,1,1,59.0,0.0,0,1,0,0,0,0,0,1,1.0,0.0,0.0,0.0,0.0,0.0,0.0,0.0,0.0,0.0,0.0,0.0,0.0,0.0,0.0,0.0,2.999078,0.027777777777777776,0.37667674622090386,0.0,1.0,1.0,1.0,0.0,0.37667674622090386,0.0,1,1,0,1,1,1,37.66767462209039,0.0,0.0,malicious,1,PartOfAHorizontalPortScan,CTU-IoT-Malware-Capture-1-1,1,combined,high
40,17,0.0,0.0,1,0,0.0,0.0,0.0,40,40,0.0,1,0,0,0,1.0,0.0,1,1,0.0,0.0,0,1,0,0,0,0,0,1,1.0,0.0,0.0,0.0,0.0,0.0,0.0,0.0,0.0,0.0,0.0,0.0,0.0,0.0,0.0,0.0,0.0,0.0,0.0,0.0,0.0,0.0,0.0,1.0,0.0,1.0,0,0,0,0,0,0,0.0,0.0,0.0,benign,0,-,CTU-IoT-Malware-Capture-1-1,0,none,none
20,6,92.0,0.0,1,0,0.0,0.0,0.0,20,20,0.0,1,0,0,0,1.0,0.0,1,1,92.0,0.0,3,1,0,0,0,0,0,1,1.0,0.0,0.0,0.0,0.0,0.0,0.0,0.0,0.0,0.0,0.0,0.0,0.0,0.0,0.0,0.0,0.0,0.6666666666666666,0.6578882088886197,0.75,1.0,1.0,1.0,0.0,0.6578882088886197,0.0,1,1,1,1,1,1,65.78882088886196,3.0,4.0,malicious,1,PartOfAHorizontalPortScan,CTU-IoT-Malware-Capture-1-1,1,combined,high
20,6,121.0,0.0,1,0,0.0,0.0,0.0,20,20,0.0,1,0,0,0,1.0,0.0,1,1,121.0,0.0,4,1,0,0,0,0,0,1,1.0,0.0,0.0,0.0,0.0,0.0,0.0,0.0,0.0,0.0,0.0,0.0,0.0,0.0,0.0,0.0,0.0,0.6666666666666666,0.040438048368713286,1.0,1.0,1.0,1.0,0.0,0.040438048368713286,0.0,1,1,1,1,1,1,4.043804836871328,4.0,5.0,malicious,1,PartOfAHorizontalPortScan,CTU-IoT-Malware-Capture-1-1,1,combined,high
72,6,125.0,0.0,1,0,0.0,0.0,0.0,72,72,0.0,1,0,0,0,1.0,0.0,1,1,125.0,0.0,0,1,0,0,0,0,0,1,1.0,0.0,0.0,0.0,0.0,0.0,0.0,0.0,0.0,0.0,0.0,0.0,0.0,0.0,0.0,0.0,0.0,0.2,0.35321692356693385,0.0,1.0,1.0,1.0,0.0,0.35321692356693385,0.0,1,1,0,1,1,1,35.32169235669338,0.0,0.0,malicious,1,PartOfAHorizontalPortScan,CTU-IoT-Malware-Capture-1-1,1,combined,high
68,1,0.0,0.0,1,0,0.0,0.0,0.0,68,68,0.0,1,0,0,0,1.0,0.0,1,1,0.0,0.0,0,0,0,0,0,0,0,0,0.0,0.0,0.0,0.0,0.0,0.0,0.0,0.0,0.0,0.0,0.0,0.0,0.0,0.0,0.0,0.0,0.0,0.0,0.0,0.0,0.0,0.0,0.0,1.0,0.0,1.0,0,0,0,0,0,0,0.0,0.0,0.0,benign,0,-,CTU-IoT-Malware-Capture-1-1,0,none,none
40,17,0.0,0.0,1,0,0.0,0.0,0.0,40,40,0.0,1,0,0,0,1.0,0.0,1,1,0.0,0.0,0,1,0,0,0,0,0,1,1.0,0.0,0.0,0.0,0.0,0.0,0.0,0.0,0.0,0.0,0.0,0.0,0.0,0.0,0.0,0.0,0.0,0.0,0.0,0.0,0.0,0.0,0.0,1.0,0.0,1.0,0,0,0,0,0,0,0.0,0.0,0.0,benign,0,-,CTU-IoT-Malware-Capture-1-1,0,none,none
40,17,0.0,0.0,1,0,0.0,0.0,0.0,40,40,0.0,1,0,0,0,1.0,0.0,1,1,0.0,0.0,0,1,0,0,0,0,0,1,1.0,0.0,0.0,0.0,0.0,0.0,0.0,0.0,0.0,0.0,0.0,0.0,0.0,0.0,0.0,0.0,0.0,0.0,0.0,0.0,0.0,0.0,0.0,1.0,0.0,1.0,0,0,0,0,0,0,0.0,0.0,0.0,benign,0,-,CTU-IoT-Malware-Capture-1-1,0,none,none
69,6,92.0,2.998806,3,0,1.0003981584670698,0.0,0.0,69,69,0.0,3,0,0,0,3.0,0.0,1,1,92.0,0.0,2,1,0,0,0,0,0,1,1.0,0.0,0.0,0.0,0.0,0.0,0.0,0.0,0.0,0.0,0.0,0.0,0.0,0.0,0.0,0.0,2.998806,0.6166666666666667,0.39511557701991173,0.5,1.0,1.0,1.0,0.0,0.39511557701991173,0.0,1,1,1,1,1,1,39.51155770199117,2.0,3.0,malicious,1,PartOfAHorizontalPortScan,CTU-IoT-Malware-Capture-1-1,1,combined,high
47,6,87.0,0.0,1,0,0.0,0.0,0.0,47,47,0.0,1,0,0,0,1.0,0.0,1,1,87.0,0.0,0,1,0,0,0,0,0,1,1.0,0.0,0.0,0.0,0.0,0.0,0.0,0.0,0.0,0.0,0.0,0.0,0.0,0.0,0.0,0.0,0.0,0.21666666666666667,0.5215757488727009,0.0,1.0,1.0,1.0,0.0,0.5215757488727009,0.0,1,1,0,1,1,1,52.15757488727009,0.0,0.0,malicious,1,PartOfAHorizontalPortScan,CTU-IoT-Malware-Capture-1-1,1,combined,high
39,6,124.0,2.999066,3,0,1.0003114302919642,0.0,0.0,39,39,0.0,3,0,0,0,3.0,0.0,1,1,124.0,0.0,4,1,0,0,0,0,0,1,1.0,0.0,0.0,0.0,0.0,0.0,0.0,0.0,0.0,0.0,0.0,0.0,0.0,0.0,0.0,0.0,2.999066,0.7833333333333333,1.0,1.0,1.0,1.0,1.0,0.0,1.0,0.0,1,1,1,1,1,1,100.0,4.0,5.0,malicious,1,PartOfAHorizontalPortScan,CTU-IoT-Malware-Capture-1-1,1,combined,high
68,6,42.0,0.0,1,0,0.0,0.0,0.0,68,68,0.0,1,0,0,0,1.0,0.0,1,1,42.0,0.0,0,1,0,0,0,0,0,1,1.0,0.0,0.0,0.0,0.0,0.0,0.0,0.0,0.0,0.0,0.0,0.0,0.0,0.0,0.0,0.0,0.0,0.13333333333333333,0.01387227823164225,0.0,1.0,1.0,1.0,0.0,0.01387227823164225,0.0,1,1,0,1,1,1,1.387227823164225,0.0,0.0,malicious,1,PartOfAHorizontalPortScan,CTU-IoT-Malware-Capture-1-1,1,combined,high
186,6,86.0,2.999056,3,0,1.0003147657129443,0.0,0.0,186,186,0.0,3,0,0,0,3.0,0.0,1,1,86.0,0.0,0,1,0,0,0,0,0,1,1.0,0.0,0.0,0.0,0.0,0.0,0.0,0.0,0.0,0.0,0.0,0.0,0.0,0.0,0.0,0.0,2.999056,0.03333333333333333,1.0,0.0,1.0,1.0,1.0,0.0,1.0,0.0,1,1,0,1,1,1,100.0,0.0,0.0,malicious,1,PartOfAHorizontalPortScan,CTU-IoT-Malware-Capture-1-1,1,combined,high
40,17,0.0,0.0,1,0,0.0,0.0,0.0,40,40,0.0,1,0,0,0,1.0,0.0,1,1,0.0,0.0,0,1,0,0,0,0,0,1,1.0,0.0,0.0,0.0,0.0,0.0,0.0,0.0,0.0,0.0,0.0,0.0,0.0,0.0,0.0,0.0,0.0,0.0,0.0,0.0,0.0,0.0,0.0,1.0,0.0,1.0,0,0,0,0,0,0,0.0,0.0,0.0,benign,0,-,CTU-IoT-Malware-Capture-1-1,0,none,none
40,17,0.0,0.0,1,0,0.0,0.0,0.0,40,40,0.0,1,0,0,0,1.0,0.0,1,1,0.0,0.0,0,1,0,0,0,0,0,1,1.0,0.0,0.0,0.0,0.0,0.0,0.0,0.0,0.0,0.0,0.0,0.0,0.0,0.0,0.0,0.0,0.0,0.0,0.0,0.0,0.0,0.0,0.0,1.0,0.0,1.0,0,0,0,0,0,0,0.0,0.0,0.0,benign,0,-,CTU-IoT-Malware-Capture-1-1,0,none,none
32,6,94.0,2.998811,3,0,1.0003964904757252,0.0,0.0,32,32,0.0,3,0,0,0,3.0,0.0,1,1,94.0,0.0,4,1,0,0,0,0,0,1,1.0,0.0,0.0,0.0,0.0,0.0,0.0,0.0,0.0,0.0,0.0,0.0,0.0,0.0,0.0,0.0,2.998811,0.8222222222222222,0.06350381051369935,1.0,1.0,1.0,1.0,0.0,0.06350381051369935,0.0,1,1,1,1,1,1,6.3503810513699355,4.0,5.0,malicious,1,PartOfAHorizontalPortScan,CTU-IoT-Malware-Capture-1-1,1,combined,high
202,6,71.0,2.999057,3,0,1.0003144321698454,0.0,0.0,202,202,0.0,3,0,0,0,3.0,0.0,1,1,71.0,0.0,0,1,0,0,0,0,0,1,1.0,0.0,0.0,0.0,0.0,0.0,0.0,0.0,0.0,0.0,0.0,0.0,0.0,0.0,0.0,0.0,2.999057,0.12222222222222222,0.18864102373709993,0.0,1.0,1.0,1.0,0.0,0.18864102373709993,0.0,1,1,0,1,1,1,18.864102373709994,0.0,0.0,malicious,1,PartOfAHorizontalPortScan,CTU-IoT-Malware-Capture-1-1,1,combined,high
54,6,115.0,0.0,1,0,0.0,0.0,0.0,54,54,0.0,1,0,0,0,1.0,0.0,1,1,115.0,0.0,0,1,0,0,0,0,0,1,1.0,0.0,0.0,0.0,0.0,0.0,0.0,0.0,0.0,0.0,0.0,0.0,0.0,0.0,0.0,0.0,0.0,0.1,0.3463825077932254,0.0,1.0,1.0,1.0,0.0,0.3463825077932254,0.0,1,1,0,1,1,1,34.63825077932254,0.0,0.0,malicious,1,PartOfAHorizontalPortScan,CTU-IoT-Malware-Capture-1-1,1,combined,high
40,17,0.0,0.0,1,0,0.0,0.0,0.0,40,40,0.0,1,0,0,0,1.0,0.0,1,1,0.0,0.0,0,1,0,0,0,0,0,1,1.0,0.0,0.0,0.0,0.0,0.0,0.0,0.0,0.0,0.0,0.0,0.0,0.0,0.0,0.0,0.0,0.0,0.0,0.0,0.0,0.0,0.0,0.0,1.0,0.0,1.0,0,0,0,0,0,0,0.0,0.0,0.0,benign,0,-,CTU-IoT-Malware-Capture-1-1,0,none,none
40,17,0.0,0.0,1,0,0.0,0.0,0.0,40,40,0.0,1,0,0,0,1.0,0.0,1,1,0.0,0.0,0,1,0,0,0,0,0,1,1.0,0.0,0.0,0.0,0.0,0.0,0.0,0.0,0.0,0.0,0.0,0.0,0.0,0.0,0.0,0.0,0.0,0.0,0.0,0.0,0.0,0.0,0.0,1.0,0.0,1.0,0,0,0,0,0,0,0.0,0.0,0.0,benign,0,-,CTU-IoT-Malware-Capture-1-1,0,none,none
40,17,0.0,0.0,1,0,0.0,0.0,0.0,40,40,0.0,1,0,0,0,1.0,0.0,1,1,0.0,0.0,0,1,0,0,0,0,0,1,1.0,0.0,0.0,0.0,0.0,0.0,0.0,0.0,0.0,0.0,0.0,0.0,0.0,0.0,0.0,0.0,0.0,0.0,0.0,0.0,0.0,0.0,0.0,1.0,0.0,1.0,0,0,0,0,0,0,0.0,0.0,0.0,benign,0,-,CTU-IoT-Malware-Capture-1-1,0,none,none
40,17,0.0,0.0,1,0,0.0,0.0,0.0,40,40,0.0,1,0,0,0,1.0,0.0,1,1,0.0,0.0,0,1,0,0,0,0,0,1,1.0,0.0,0.0,0.0,0.0,0.0,0.0,0.0,0.0,0.0,0.0,0.0,0.0,0.0,0.0,0.0,0.0,0.0,0.0,0.0,0.0,0.0,0.0,1.0,0.0,1.0,0,0,0,0,0,0,0.0,0.0,0.0,benign,0,-,CTU-IoT-Malware-Capture-1-1,0,none,none
40,17,0.0,0.0,1,0,0.0,0.0,0.0,40,40,0.0,1,0,0,0,1.0,0.0,1,1,0.0,0.0,0,1,0,0,0,0,0,1,1.0,0.0,0.0,0.0,0.0,0.0,0.0,0.0,0.0,0.0,0.0,0.0,0.0,0.0,0.0,0.0,0.0,0.0,0.0,0.0,0.0,0.0,0.0,1.0,0.0,1.0,0,0,0,0,0,0,0.0,0.0,0.0,benign,0,-,CTU-IoT-Malware-Capture-1-1,0,none,none
52,6,117.0,0.0,1,0,0.0,0.0,0.0,52,52,0.0,1,0,0,0,1.0,0.0,1,1,117.0,0.0,0,1,0,0,0,0,0,1,1.0,0.0,0.0,0.0,0.0,0.0,0.0,0.0,0.0,0.0,0.0,0.0,0.0,0.0,0.0,0.0,0.0,0.13333333333333333,0.17524650326682947,0.0,1.0,1.0,1.0,0.0,0.17524650326682947,0.0,1,1,0,1,1,1,17.52465032668295,0.0,0.0,malicious,1,PartOfAHorizontalPortScan,CTU-IoT-Malware-Capture-1-1,1,combined,high
50,6,122.0,0.0,1,0,0.0,0.0,0.0,50,50,0.0,1,0,0,0,1.0,0.0,1,1,122.0,0.0,0,1,0,0,0,0,0,1,1.0,0.0,0.0,0.0,0.0,0.0,0.0,0.0,0.0,0.0,0.0,0.0,0.0,0.0,0.0,0.0,0.0,0.16666666666666666,1.0,0.0,1.0,1.0,1.0,0.0,1.0,0.0,1,1,0,1,1,1,100.0,0.0,0.0,malicious,1,PartOfAHorizontalPortScan,CTU-IoT-Malware-Capture-1-1,1,combined,high
40,17,0.0,0.0,1,0,0.0,0.0,0.0,40,40,0.0,1,0,0,0,1.0,0.0,1,1,0.0,0.0,0,1,0,0,0,0,0,1,1.0,0.0,0.0,0.0,0.0,0.0,0.0,0.0,0.0,0.0,0.0,0.0,0.0,0.0,0.0,0.0,0.0,0.0,0.0,0.0,0.0,0.0,0.0,1.0,0.0,1.0,0,0,0,0,0,0,0.0,0.0,0.0,benign,0,-,CTU-IoT-Malware-Capture-1-1,0,none,none
56,1,0.0,0.0,1,0,0.0,0.0,0.0,56,56,0.0,1,0,0,0,1.0,0.0,1,0,0.0,0.0,0,0,0,0,0,0,0,0,0.0,0.0,0.0,0.0,0.0,0.0,0.0,0.0,0.0,0.0,0.0,0.0,0.0,0.0,0.0,0.0,0.0,0.0,0.0,0.0,0.0,0.0,0.0,1.0,0.0,1.0,0,0,0,0,0,0,0.0,0.0,0.0,benign,0,-,CTU-IoT-Malware-Capture-1-1,0,none,none
20,6,50.0,0.0,1,0,0.0,0.0,0.0,20,20,0.0,1,0,0,0,1.0,0.0,1,1,50.0,0.0,4,1,0,0,0,0,0,1,1.0,0.0,0.0,0.0,0.0,0.0,0.0,0.0,0.0,0.0,0.0,0.0,0.0,0.0,0.0,0.0,0.0,0.6666666666666666,0.28297958276829066,1.0,1.0,1.0,1.0,0.0,0.28297958276829066,0.0,1,1,1,1,1,1,28.297958276829064,4.0,5.0,malicious,1,PartOfAHorizontalPortScan,CTU-IoT-Malware-Capture-1-1,1,combined,high
40,17,0.0,0.0,1,0,0.0,0.0,0.0,40,40,0.0,1,0,0,0,1.0,0.0,1,1,0.0,0.0,0,1,0,0,0,0,0,1,1.0,0.0,0.0,0.0,0.0,0.0,0.0,0.0,0.0,0.0,0.0,0.0,0.0,0.0,0.0,0.0,0.0,0.0,0.0,0.0,0.0,0.0,0.0,1.0,0.0,1.0,0,0,0,0,0,0,0.0,0.0,0.0,benign,0,-,CTU-IoT-Malware-Capture-1-1,0,none,none
40,17,0.0,0.0,1,0,0.0,0.0,0.0,40,40,0.0,1,0,0,0,1.0,0.0,1,1,0.0,0.0,0,1,0,0,0,0,0,1,1.0,0.0,0.0,0.0,0.0,0.0,0.0,0.0,0.0,0.0,0.0,0.0,0.0,0.0,0.0,0.0,0.0,0.0,0.0,0.0,0.0,0.0,0.0,1.0,0.0,1.0,0,0,0,0,0,0,0.0,0.0,0.0,benign,0,-,CTU-IoT-Malware-Capture-1-1,0,none,none
28,6,67.0,0.0,1,0,0.0,0.0,0.0,28,28,0.0,1,0,0,0,1.0,0.0,1,1,67.0,0.0,1,1,0,0,0,0,0,1,1.0,0.0,0.0,0.0,0.0,0.0,0.0,0.0,0.0,0.0,0.0,0.0,0.0,0.0,0.0,0.0,0.0,0.5333333333333333,0.030218578147383744,0.25,1.0,1.0,1.0,0.0,0.030218578147383744,0.0,1,1,1,1,1,1,3.0218578147383743,1.0,2.0,malicious,1,PartOfAHorizontalPortScan,CTU-IoT-Malware-Capture-1-1,1,combined,high
80,6,32.0,0.0,1,0,0.0,0.0,0.0,80,80,0.0,1,0,0,0,1.0,0.0,1,1,32.0,0.0,0,1,0,0,0,0,0,1,1.0,0.0,0.0,0.0,0.0,0.0,0.0,0.0,0.0,0.0,0.0,0.0,0.0,0.0,0.0,0.0,0.0,0.3333333333333333,0.17050348345883384,0.0,1.0,1.0,1.0,0.0,0.17050348345883384,0.0,1,1,0,1,1,1,17.050348345883386,0.0,0.0,malicious,1,PartOfAHorizontalPortScan,CTU-IoT-Malware-Capture-1-1,1,combined,high
40,17,0.0,0.0,1,0,0.0,0.0,0.0,40,40,0.0,1,0,0,0,1.0,0.0,1,1,0.0,0.0,0,1,0,0,0,0,0,1,1.0,0.0,0.0,0.0,0.0,0.0,0.0,0.0,0.0,0.0,0.0,0.0,0.0,0.0,0.0,0.0,0.0,0.0,0.0,0.0,0.0,0.0,0.0,1.0,0.0,1.0,0,0,0,0,0,0,0.0,0.0,0.0,benign,0,-,CTU-IoT-Malware-Capture-1-1,0,none,none
20,6,67.0,0.0,1,0,0.0,0.0,0.0,20,20,0.0,1,0,0,0,1.0,0.0,1,1,67.0,0.0,4,1,0,0,0,0,0,1,1.0,0.0,0.0,0.0,0.0,0.0,0.0,0.0,0.0,0.0,0.0,0.0,0.0,0.0,0.0,0.0,0.0,0.6666666666666666,0.5341380399048913,1.0,1.0,1.0,1.0,0.0,0.5341380399048913,0.0,1,1,1,1,1,1,53.41380399048913,4.0,5.0,malicious,1,PartOfAHorizontalPortScan,CTU-IoT-Malware-Capture-1-1,1,combined,high
21,6,119.0,0.0,1,0,0.0,0.0,0.0,21,21,0.0,1,0,0,0,1.0,0.0,1,1,119.0,0.0,2,1,0,0,0,0,0,1,1.0,0.0,0.0,0.0,0.0,0.0,0.0,0.0,0.0,0.0,0.0,0.0,0.0,0.0,0.0,0.0,0.0,0.65,0.12824468299055236,0.5,1.0,1.0,1.0,0.0,0.12824468299055236,0.0,1,1,1,1,1,1,12.824468299055237,2.0,3.0,malicious,1,PartOfAHorizontalPortScan,CTU-IoT-Malware-Capture-1-1,1,combined,high
20,6,81.0,0.0,1,0,0.0,0.0,0.0,20,20,0.0,1,0,0,0,1.0,0.0,1,1,81.0,0.0,4,1,0,0,0,0,0,1,1.0,0.0,0.0,0.0,0.0,0.0,0.0,0.0,0.0,0.0,0.0,0.0,0.0,0.0,0.0,0.0,0.0,0.6666666666666666,0.646952880614001,1.0,1.0,1.0,1.0,0.0,0.646952880614001,0.0,1,1,1,1,1,1,64.6952880614001,4.0,5.0,malicious,1,PartOfAHorizontalPortScan,CTU-IoT-Malware-Capture-1-1,1,combined,high
40,17,0.0,0.0,1,0,0.0,0.0,0.0,40,40,0.0,1,0,0,0,1.0,0.0,1,1,0.0,0.0,0,1,0,0,0,0,0,1,1.0,0.0,0.0,0.0,0.0,0.0,0.0,0.0,0.0,0.0,0.0,0.0,0.0,0.0,0.0,0.0,0.0,0.0,0.0,0.0,0.0,0.0,0.0,1.0,0.0,1.0,0,0,0,0,0,0,0.0,0.0,0.0,benign,0,-,CTU-IoT-Malware-Capture-1-1,0,none,none
20,6,63.0,0.0,1,0,0.0,0.0,0.0,20,20,0.0,1,0,0,0,1.0,0.0,1,1,63.0,0.0,4,1,0,0,0,0,0,1,1.0,0.0,0.0,0.0,0.0,0.0,0.0,0.0,0.0,0.0,0.0,0.0,0.0,0.0,0.0,0.0,0.0,0.6666666666666666,1.0,1.0,1.0,1.0,1.0,0.0,1.0,0.0,1,1,1,1,1,1,100.0,4.0,5.0,malicious,1,PartOfAHorizontalPortScan,CTU-IoT-Malware-Capture-1-1,1,combined,high
20,6,102.0,0.0,1,0,0.0,0.0,0.0,20,20,0.0,1,0,0,0,1.0,0.0,1,1,102.0,0.0,4,1,0,0,0,0,0,1,1.0,0.0,0.0,0.0,0.0,0.0,0.0,0.0,0.0,0.0,0.0,0.0,0.0,0.0,0.0,0.0,0.0,0.6666666666666666,0.018485072626482784,1.0,1.0,1.0,1.0,0.0,0.018485072626482784,0.0,1,1,1,1,1,1,1.8485072626482784,4.0,5.0,malicious,1,PartOfAHorizontalPortScan,CTU-IoT-Malware-Capture-1-1,1,combined,high
176,1,0.0,3.16396,2,120,0.6321192429739947,37.927154578439676,60.0,176,176,0.0,2,0,120,0,2.0,120.0,1,1,0.0,0.0,0,0,0,0,0,0,0,0,0.0,0.0,0.0,0.0,0.0,0.0,0.0,0.0,0.0,0.0,0.0,0.0,0.0,0.0,0.0,0.0,3.16396,0.0,0.0,0.0,0.0,0.0,0.0,1.0,0.0,1.0,0,0,0,0,0,0,0.0,0.0,0.0,benign,0,-,CTU-IoT-Malware-Capture-1-1,0,none,none
131,6,75.0,2.99907,3,0,1.0003100961298002,0.0,0.0,131,131,0.0,3,0,0,0,3.0,0.0,1,1,75.0,0.0,0,1,0,0,0,0,0,1,1.0,0.0,0.0,0.0,0.0,0.0,0.0,0.0,0.0,0.0,0.0,0.0,0.0,0.0,0.0,0.0,2.99907,0.2722222222222222,0.31305329069218746,0.0,1.0,1.0,1.0,0.0,0.31305329069218746,0.0,1,1,0,1,1,1,31.305329069218747,0.0,0.0,malicious,1,PartOfAHorizontalPortScan,CTU-IoT-Malware-Capture-1-1,1,combined,high
40,17,0.0,0.0,1,0,0.0,0.0,0.0,40,40,0.0,1,0,0,0,1.0,0.0,1,1,0.0,0.0,0,1,0,0,0,0,0,1,1.0,0.0,0.0,0.0,0.0,0.0,0.0,0.0,0.0,0.0,0.0,0.0,0.0,0.0,0.0,0.0,0.0,0.0,0.0,0.0,0.0,0.0,0.0,1.0,0.0,1.0,0,0,0,0,0,0,0.0,0.0,0.0,benign,0,-,CTU-IoT-Malware-Capture-1-1,0,none,none
40,17,0.0,0.0,1,0,0.0,0.0,0.0,40,40,0.0,1,0,0,0,1.0,0.0,1,1,0.0,0.0,0,1,0,0,0,0,0,1,1.0,0.0,0.0,0.0,0.0,0.0,0.0,0.0,0.0,0.0,0.0,0.0,0.0,0.0,0.0,0.0,0.0,0.0,0.0,0.0,0.0,0.0,0.0,1.0,0.0,1.0,0,0,0,0,0,0,0.0,0.0,0.0,benign,0,-,CTU-IoT-Malware-Capture-1-1,0,none,none
40,17,0.0,0.0,1,0,0.0,0.0,0.0,40,40,0.0,1,0,0,0,1.0,0.0,1,1,0.0,0.0,0,1,0,0,0,0,0,1,1.0,0.0,0.0,0.0,0.0,0.0,0.0,0.0,0.0,0.0,0.0,0.0,0.0,0.0,0.0,0.0,0.0,0.0,0.0,0.0,0.0,0.0,0.0,1.0,0.0,1.0,0,0,0,0,0,0,0.0,0.0,0.0,benign,0,-,CTU-IoT-Malware-Capture-1-1,0,none,none
179,6,118.0,2.999056,3,0,1.0003147657129443,0.0,0.0,179,179,0.0,3,0,0,0,3.0,0.0,1,1,118.0,0.0,0,1,0,0,0,0,0,1,1.0,0.0,0.0,0.0,0.0,0.0,0.0,0.0,0.0,0.0,0.0,0.0,0.0,0.0,0.0,0.0,2.999056,0.005555555555555556,0.01898016127158888,0.0,1.0,1.0,1.0,0.0,0.01898016127158888,0.0,1,1,0,1,1,1,1.8980161271588878,0.0,0.0,malicious,1,PartOfAHorizontalPortScan,CTU-IoT-Malware-Capture-1-1,1,combined,high
104,6,48.0,2.999069,3,0,1.0003104296700076,0.0,0.0,104,104,0.0,3,0,0,0,3.0,0.0,1,1,48.0,0.0,1,1,0,0,0,0,0,1,1.0,0.0,0.0,0.0,0.0,0.0,0.0,0.0,0.0,0.0,0.0,0.0,0.0,0.0,0.0,0.0,2.999069,0.4222222222222222,0.8097031241266782,0.25,1.0,1.0,1.0,0.0,0.8097031241266782,0.0,1,1,1,1,1,1,80.97031241266782,1.0,2.0,malicious,1,PartOfAHorizontalPortScan,CTU-IoT-Malware-Capture-1-1,1,combined,high
40,17,0.0,0.0,1,0,0.0,0.0,0.0,40,40,0.0,1,0,0,0,1.0,0.0,1,1,0.0,0.0,0,1,0,0,0,0,0,1,1.0,0.0,0.0,0.0,0.0,0.0,0.0,0.0,0.0,0.0,0.0,0.0,0.0,0.0,0.0,0.0,0.0,0.0,0.0,0.0,0.0,0.0,0.0,1.0,0.0,1.0,0,0,0,0,0,0,0.0,0.0,0.0,benign,0,-,CTU-IoT-Malware-Capture-1-1,0,none,none
36,6,96.0,2.998812,3,0,1.0003961568781237,0.0,0.0,36,36,0.0,3,0,0,0,3.0,0.0,1,1,96.0,0.0,4,1,0,0,0,0,0,1,1.0,0.0,0.0,0.0,0.0,0.0,0.0,0.0,0.0,0.0,0.0,0.0,0.0,0.0,0.0,0.0,2.998812,0.8,0.7564670241885115,1.0,1.0,1.0,1.0,0.0,0.7564670241885115,0.0,1,1,1,1,1,1,75.64670241885115,4.0,5.0,malicious,1,PartOfAHorizontalPortScan,CTU-IoT-Malware-Capture-1-1,1,combined,high
61,6,121.0,0.0,1,0,0.0,0.0,0.0,61,61,0.0,1,0,0,0,1.0,0.0,1,1,121.0,0.0,0,1,0,0,0,0,0,1,1.0,0.0,0.0,0.0,0.0,0.0,0.0,0.0,0.0,0.0,0.0,0.0,0.0,0.0,0.0,0.0,0.0,0.016666666666666666,1.0,0.0,1.0,1.0,1.0,0.0,1.0,0.0,1,1,0,1,1,1,100.0,0.0,0.0,malicious,1,PartOfAHorizontalPortScan,CTU-IoT-Malware-Capture-1-1,1,combined,high
40,17,0.0,0.0,1,0,0.0,0.0,0.0,40,40,0.0,1,0,0,0,1.0,0.0,1,1,0.0,0.0,0,1,0,0,0,0,0,1,1.0,0.0,0.0,0.0,0.0,0.0,0.0,0.0,0.0,0.0,0.0,0.0,0.0,0.0,0.0,0.0,0.0,0.0,0.0,0.0,0.0,0.0,0.0,1.0,0.0,1.0,0,0,0,0,0,0,0.0,0.0,0.0,benign,0,-,CTU-IoT-Malware-Capture-1-1,0,none,none
20,6,51.0,0.0,1,0,0.0,0.0,0.0,20,20,0.0,1,0,0,0,1.0,0.0,1,1,51.0,0.0,3,1,0,0,0,0,0,1,1.0,0.0,0.0,0.0,0.0,0.0,0.0,0.0,0.0,0.0,0.0,0.0,0.0,0.0,0.0,0.0,0.0,0.6666666666666666,1.0,0.75,1.0,1.0,1.0,0.0,1.0,0.0,1,1,1,1,1,1,100.0,3.0,4.0,malicious,1,PartOfAHorizontalPortScan,CTU-IoT-Malware-Capture-1-1,1,combined,high
152,17,0.0,0.003983,2,96,502.13406979663563,24102.43535023851,48.0,152,152,0.0,1,1,48,48,1.0,1.0,1,1,0.0,0.0,0,1,0,1,0,0,0,2,0.5,0.0,0.5,0.0,0.0,0.0,0.0,0.0,0.0,0.0,0.0,0.0,0.0,0.0,0.0,0.0,0.003983,0.0,0.0,0.0,0.0,0.0,0.0,1.0,0.0,1.0,0,0,0,0,0,0,0.0,0.0,0.0,benign,0,-,CTU-IoT-Malware-Capture-1-1,0,none,none
40,17,0.0,0.0,1,0,0.0,0.0,0.0,40,40,0.0,1,0,0,0,1.0,0.0,1,1,0.0,0.0,0,1,0,0,0,0,0,1,1.0,0.0,0.0,0.0,0.0,0.0,0.0,0.0,0.0,0.0,0.0,0.0,0.0,0.0,0.0,0.0,0.0,0.0,0.0,0.0,0.0,0.0,0.0,1.0,0.0,1.0,0,0,0,0,0,0,0.0,0.0,0.0,benign,0,-,CTU-IoT-Malware-Capture-1-1,0,none,none
36,6,122.0,2.998315,3,0,1.0005619823133993,0.0,0.0,36,36,0.0,3,0,0,0,3.0,0.0,1,1,122.0,0.0,4,1,0,0,0,0,0,1,1.0,0.0,0.0,0.0,0.0,0.0,0.0,0.0,0.0,0.0,0.0,0.0,0.0,0.0,0.0,0.0,2.998315,0.8,1.0,1.0,1.0,1.0,1.0,0.0,1.0,0.0,1,1,1,1,1,1,100.0,4.0,5.0,malicious,1,PartOfAHorizontalPortScan,CTU-IoT-Malware-Capture-1-1,1,combined,high
55,6,68.0,0.0,1,0,0.0,0.0,0.0,55,55,0.0,1,0,0,0,1.0,0.0,1,1,68.0,0.0,0,1,0,0,0,0,0,1,1.0,0.0,0.0,0.0,0.0,0.0,0.0,0.0,0.0,0.0,0.0,0.0,0.0,0.0,0.0,0.0,0.0,0.08333333333333333,0.9462406983919023,0.0,1.0,1.0,1.0,0.0,0.9462406983919023,0.0,1,1,0,1,1,1,94.62406983919023,0.0,0.0,malicious,1,PartOfAHorizontalPortScan,CTU-IoT-Malware-Capture-1-1,1,combined,high
40,17,0.0,0.0,1,0,0.0,0.0,0.0,40,40,0.0,1,0,0,0,1.0,0.0,1,1,0.0,0.0,0,1,0,0,0,0,0,1,1.0,0.0,0.0,0.0,0.0,0.0,0.0,0.0,0.0,0.0,0.0,0.0,0.0,0.0,0.0,0.0,0.0,0.0,0.0,0.0,0.0,0.0,0.0,1.0,0.0,1.0,0,0,0,0,0,0,0.0,0.0,0.0,benign,0,-,CTU-IoT-Malware-Capture-1-1,0,none,none
40,17,0.0,0.0,1,0,0.0,0.0,0.0,40,40,0.0,1,0,0,0,1.0,0.0,1,1,0.0,0.0,0,1,0,0,0,0,0,1,1.0,0.0,0.0,0.0,0.0,0.0,0.0,0.0,0.0,0.0,0.0,0.0,0.0,0.0,0.0,0.0,0.0,0.0,0.0,0.0,0.0,0.0,0.0,1.0,0.0,1.0,0,0,0,0,0,0,0.0,0.0,0.0,benign,0,-,CTU-IoT-Malware-Capture-1-1,0,none,none
60,6,0.0,0.0,1,0,0.0,0.0,0.0,60,60,0.0,1,0,0,0,1.0,0.0,1,1,0.0,0.0,0,1,0,0,0,0,0,1,1.0,0.0,0.0,0.0,0.0,0.0,0.0,0.0,0.0,0.0,0.0,0.0,0.0,0.0,0.0,0.0,0.0,0.0,0.0,0.0,0.0,0.0,0.0,1.0,0.0,1.0,0,0,0,0,0,0,0.0,0.0,0.0,benign,0,-,CTU-IoT-Malware-Capture-1-1,0,none,none
62,6,59.0,2.99906,3,0,1.0003134315418831,0.0,0.0,62,62,0.0,3,0,0,0,3.0,0.0,1,1,59.0,0.0,2,1,0,0,0,0,0,1,1.0,0.0,0.0,0.0,0.0,0.0,0.0,0.0,0.0,0.0,0.0,0.0,0.0,0.0,0.0,0.0,2.99906,0.6555555555555556,0.8216328820269589,0.5,1.0,1.0,1.0,0.0,0.8216328820269589,0.0,1,1,1,1,1,1,82.1632882026959,2.0,3.0,malicious,1,PartOfAHorizontalPortScan,CTU-IoT-Malware-Capture-1-1,1,combined,high
40,17,0.0,0.0,1,0,0.0,0.0,0.0,40,40,0.0,1,0,0,0,1.0,0.0,1,1,0.0,0.0,0,1,0,0,0,0,0,1,1.0,0.0,0.0,0.0,0.0,0.0,0.0,0.0,0.0,0.0,0.0,0.0,0.0,0.0,0.0,0.0,0.0,0.0,0.0,0.0,0.0,0.0,0.0,1.0,0.0,1.0,0,0,0,0,0,0,0.0,0.0,0.0,benign,0,-,CTU-IoT-Malware-Capture-1-1,0,none,none
60,6,0.0,0.0,1,0,0.0,0.0,0.0,60,60,0.0,1,0,0,0,1.0,0.0,1,1,0.0,0.0,0,1,0,0,0,0,0,1,1.0,0.0,0.0,0.0,0.0,0.0,0.0,0.0,0.0,0.0,0.0,0.0,0.0,0.0,0.0,0.0,0.0,0.0,0.0,0.0,0.0,0.0,0.0,1.0,0.0,1.0,0,0,0,0,0,0,0.0,0.0,0.0,benign,0,-,CTU-IoT-Malware-Capture-1-1,0,none,none
40,17,0.0,0.0,1,0,0.0,0.0,0.0,40,40,0.0,1,0,0,0,1.0,0.0,1,1,0.0,0.0,0,1,0,0,0,0,0,1,1.0,0.0,0.0,0.0,0.0,0.0,0.0,0.0,0.0,0.0,0.0,0.0,0.0,0.0,0.0,0.0,0.0,0.0,0.0,0.0,0.0,0.0,0.0,1.0,0.0,1.0,0,0,0,0,0,0,0.0,0.0,0.0,benign,0,-,CTU-IoT-Malware-Capture-1-1,0,none,none
188,6,53.0,2.998555,3,0,1.0004818987812463,0.0,0.0,188,188,0.0,3,0,0,0,3.0,0.0,1,1,53.0,0.0,0,1,0,0,0,0,0,1,1.0,0.0,0.0,0.0,0.0,0.0,0.0,0.0,0.0,0.0,0.0,0.0,0.0,0.0,0.0,0.0,2.998555,0.044444444444444446,0.33949741528418625,0.0,1.0,1.0,1.0,0.0,0.33949741528418625,0.0,1,1,0,1,1,1,33.94974152841863,0.0,0.0,malicious,1,PartOfAHorizontalPortScan,CTU-IoT-Malware-Capture-1-1,1,combined,high
40,17,0.0,0.0,1,0,0.0,0.0,0.0,40,40,0.0,1,0,0,0,1.0,0.0,1,1,0.0,0.0,0,1,0,0,0,0,0,1,1.0,0.0,0.0,0.0,0.0,0.0,0.0,0.0,0.0,0.0,0.0,0.0,0.0,0.0,0.0,0.0,0.0,0.0,0.0,0.0,0.0,0.0,0.0,1.0,0.0,1.0,0,0,0,0,0,0,0.0,0.0,0.0,benign,0,-,CTU-IoT-Malware-Capture-1-1,0,none,none
40,17,0.0,0.0,1,0,0.0,0.0,0.0,40,40,0.0,1,0,0,0,1.0,0.0,1,1,0.0,0.0,0,1,0,0,0,0,0,1,1.0,0.0,0.0,0.0,0.0,0.0,0.0,0.0,0.0,0.0,0.0,0.0,0.0,0.0,0.0,0.0,0.0,0.0,0.0,0.0,0.0,0.0,0.0,1.0,0.0,1.0,0,0,0,0,0,0,0.0,0.0,0.0,benign,0,-,CTU-IoT-Malware-Capture-1-1,0,none,none
40,17,0.0,0.0,1,0,0.0,0.0,0.0,40,40,0.0,1,0,0,0,1.0,0.0,1,1,0.0,0.0,0,1,0,0,0,0,0,1,1.0,0.0,0.0,0.0,0.0,0.0,0.0,0.0,0.0,0.0,0.0,0.0,0.0,0.0,0.0,0.0,0.0,0.0,0.0,0.0,0.0,0.0,0.0,1.0,0.0,1.0,0,0,0,0,0,0,0.0,0.0,0.0,benign,0,-,CTU-IoT-Malware-Capture-1-1,0,none,none
40,17,0.0,0.0,1,0,0.0,0.0,0.0,40,40,0.0,1,0,0,0,1.0,0.0,1,1,0.0,0.0,0,1,0,0,0,0,0,1,1.0,0.0,0.0,0.0,0.0,0.0,0.0,0.0,0.0,0.0,0.0,0.0,0.0,0.0,0.0,0.0,0.0,0.0,0.0,0.0,0.0,0.0,0.0,1.0,0.0,1.0,0,0,0,0,0,0,0.0,0.0,0.0,benign,0,-,CTU-IoT-Malware-Capture-1-1,0,none,none
20,6,70.0,0.0,1,0,0.0,0.0,0.0,20,20,0.0,1,0,0,0,1.0,0.0,1,1,70.0,0.0,4,1,0,0,0,0,0,1,1.0,0.0,0.0,0.0,0.0,0.0,0.0,0.0,0.0,0.0,0.0,0.0,0.0,0.0,0.0,0.0,0.0,0.6666666666666666,0.09604832996411362,1.0,1.0,1.0,1.0,0.0,0.09604832996411362,0.0,1,1,1,1,1,1,9.604832996411362,4.0,5.0,malicious,1,PartOfAHorizontalPortScan,CTU-IoT-Malware-Capture-1-1,1,combined,high
40,17,0.0,0.0,1,0,0.0,0.0,0.0,40,40,0.0,1,0,0,0,1.0,0.0,1,1,0.0,0.0,0,1,0,0,0,0,0,1,1.0,0.0,0.0,0.0,0.0,0.0,0.0,0.0,0.0,0.0,0.0,0.0,0.0,0.0,0.0,0.0,0.0,0.0,0.0,0.0,0.0,0.0,0.0,1.0,0.0,1.0,0,0,0,0,0,0,0.0,0.0,0.0,benign,0,-,CTU-IoT-Malware-Capture-1-1,0,none,none
40,17,0.0,0.0,1,0,0.0,0.0,0.0,40,40,0.0,1,0,0,0,1.0,0.0,1,1,0.0,0.0,0,1,0,0,0,0,0,1,1.0,0.0,0.0,0.0,0.0,0.0,0.0,0.0,0.0,0.0,0.0,0.0,0.0,0.0,0.0,0.0,0.0,0.0,0.0,0.0,0.0,0.0,0.0,1.0,0.0,1.0,0,0,0,0,0,0,0.0,0.0,0.0,benign,0,-,CTU-IoT-Malware-Capture-1-1,0,none,none
161,6,54.0,2.999042,3,0,1.0003194353396851,0.0,0.0,161,161,0.0,3,0,0,0,3.0,0.0,1,1,54.0,0.0,0,1,0,0,0,0,0,1,1.0,0.0,0.0,0.0,0.0,0.0,0.0,0.0,0.0,0.0,0.0,0.0,0.0,0.0,0.0,0.0,2.999042,0.10555555555555556,0.039445805425084746,0.0,1.0,1.0,1.0,0.0,0.039445805425084746,0.0,1,1,0,1,1,1,3.9445805425084743,0.0,0.0,malicious,1,PartOfAHorizontalPortScan,CTU-IoT-Malware-Capture-1-1,1,combined,high
40,17,0.0,0.0,1,0,0.0,0.0,0.0,40,40,0.0,1,0,0,0,1.0,0.0,1,1,0.0,0.0,0,1,0,0,0,0,0,1,1.0,0.0,0.0,0.0,0.0,0.0,0.0,0.0,0.0,0.0,0.0,0.0,0.0,0.0,0.0,0.0,0.0,0.0,0.0,0.0,0.0,0.0,0.0,1.0,0.0,1.0,0,0,0,0,0,0,0.0,0.0,0.0,benign,0,-,CTU-IoT-Malware-Capture-1-1,0,none,none
20,6,86.0,0.0,1,0,0.0,0.0,0.0,20,20,0.0,1,0,0,0,1.0,0.0,1,1,86.0,0.0,3,1,0,0,0,0,0,1,1.0,0.0,0.0,0.0,0.0,0.0,0.0,0.0,0.0,0.0,0.0,0.0,0.0,0.0,0.0,0.0,0.0,0.6666666666666666,0.7872096710836146,0.75,1.0,1.0,1.0,0.0,0.7872096710836146,0.0,1,1,1,1,1,1,78.72096710836146,3.0,4.0,malicious,1,PartOfAHorizontalPortScan,CTU-IoT-Malware-Capture-1-1,1,combined,high
163,6,114.0,2.99905,3,0,1.0003167669762092,0.0,0.0,163,163,0.0,3,0,0,0,3.0,0.0,1,1,114.0,0.0,0,1,0,0,0,0,0,1,1.0,0.0,0.0,0.0,0.0,0.0,0.0,0.0,0.0,0.0,0.0,0.0,0.0,0.0,0.0,0.0,2.99905,0.09444444444444444,0.5821391353648242,0.0,1.0,1.0,1.0,0.0,0.5821391353648242,0.0,1,1,0,1,1,1,58.213913536482416,0.0,0.0,malicious,1,PartOfAHorizontalPortScan,CTU-IoT-Malware-Capture-1-1,1,combined,high
20,6,43.0,0.0,1,0,0.0,0.0,0.0,20,20,0.0,1,0,0,0,1.0,0.0,1,1,43.0,0.0,4,1,0,0,0,0,0,1,1.0,0.0,0.0,0.0,0.0,0.0,0.0,0.0,0.0,0.0,0.0,0.0,0.0,0.0,0.0,0.0,0.0,0.6666666666666666,0.018485072626482784,1.0,1.0,1.0,1.0,0.0,0.018485072626482784,0.0,1,1,1,1,1,1,1.8485072626482784,4.0,5.0,malicious,1,PartOfAHorizontalPortScan,CTU-IoT-Malware-Capture-1-1,1,combined,high
26,6,72.0,0.0,1,0,0.0,0.0,0.0,26,26,0.0,1,0,0,0,1.0,0.0,1,1,72.0,0.0,1,1,0,0,0,0,0,1,1.0,0.0,0.0,0.0,0.0,0.0,0.0,0.0,0.0,0.0,0.0,0.0,0.0,0.0,0.0,0.0,0.0,0.5666666666666667,1.0,0.25,1.0,1.0,1.0,0.0,1.0,0.0,1,1,1,1,1,1,100.0,1.0,2.0,malicious,1,PartOfAHorizontalPortScan,CTU-IoT-Malware-Capture-1-1,1,combined,high
27,6,88.0,0.0,1,0,0.0,0.0,0.0,27,27,0.0,1,0,0,0,1.0,0.0,1,1,88.0,0.0,1,1,0,0,0,0,0,1,1.0,0.0,0.0,0.0,0.0,0.0,0.0,0.0,0.0,0.0,0.0,0.0,0.0,0.0,0.0,0.0,0.0,0.55,0.05383739968391965,0.25,1.0,1.0,1.0,0.0,0.05383739968391965,0.0,1,1,1,1,1,1,5.383739968391965,1.0,2.0,malicious,1,PartOfAHorizontalPortScan,CTU-IoT-Malware-Capture-1-1,1,combined,high
