packet_size,protocol,ttl,flow_duration,total_packets,total_bytes,packets_per_second,bytes_per_second,avg_packet_size,min_packet_size,max_packet_size,packet_size_std,forward_packet_count,backward_packet_count,forward_bytes,backward_bytes,packet_direction_ratio,flow_symmetry_ratio,unique_src_ports,unique_dst_ports,ttl_mean,ttl_std,ip_fragment_count,tcp_syn_count,tcp_ack_count,tcp_fin_count,tcp_rst_count,tcp_psh_count,tcp_urg_count,tcp_flag_total,tcp_syn_ratio,tcp_ack_ratio,tcp_fin_ratio,tcp_rst_ratio,tcp_psh_ratio,tcp_urg_ratio,retransmission_estimate,packet_size_entropy,timing_entropy,burstiness_score,packet_rate_variance,byte_rate_variance,payload_variability_score,inter_arrival_mean,inter_arrival_std,flow_idle_time,flow_active_time,packet_size_randomization_score,timing_jitter_score,fragmentation_anomaly_score,ttl_randomization_score,tos_randomization_score,window_randomization_score,header_consistency_score,timing_irregularity_score,flow_uniformity_score,obf_size_randomized,obf_timing_jittered,obf_fragmented,obf_ttl_randomized,obf_tos_randomized,obf_window_randomized,label,label_binary,attack_family,scenario_id,obfuscation_applied,obfuscation_type,obfuscation_severity
60,6,93.0,0.0,1,0,0.0,0.0,0.0,60,60,0.0,1,0,0,0,1.0,0.0,1,1,93.0,0.0,0,1,0,0,0,0,0,1,1.0,0.0,0.0,0.0,0.0,0.0,0.0,0.0,0.0,0.0,0.0,0.0,0.0,0.0,0.0,0.0,0.0,0.0,0.0,0.0,1.0,1.0,1.0,0.0,0.0,1.0,0,0,0,1,1,1,malicious,1,PartOfAHorizontalPortScan,CTU-IoT-Malware-Capture-1-1,1,header,high
180,6,97.0,2.999315,3,0,1.0002283854813516,0.0,0.0,180,180,0.0,3,0,0,0,3.0,0.0,1,1,97.0,0.0,0,1,0,0,0,0,0,1,1.0,0.0,0.0,0.0,0.0,0.0,0.0,0.0,0.0,0.0,0.0,0.0,0.0,0.0,0.0,0.0,2.999315,0.0,0.0,0.0,1.0,1.0,1.0,0.0,0.0,1.0,0,0,0,1,1,1,malicious,1,PartOfAHorizontalPortScan,CTU-IoT-Malware-Capture-1-1,1,header,high
40,17,0.0,0.0,1,0,0.0,0.0,0.0,40,40,0.0,1,0,0,0,1.0,0.0,1,1,0.0,0.0,0,1,0,0,0,0,0,1,1.0,0.0,0.0,0.0,0.0,0.0,0.0,0.0,0.0,0.0,0.0,0.0,0.0,0.0,0.0,0.0,0.0,0.0,0.0,0.0,0.0,0.0,0.0,1.0,0.0,1.0,0,0,0,0,0,0,benign,0,-,CTU-IoT-Malware-Capture-1-1,0,none,none
60,6,65.0,0.0,1,0,0.0,0.0,0.0,60,60,0.0,1,0,0,0,1.0,0.0,1,1,65.0,0.0,0,1,0,0,0,0,0,1,1.0,0.0,0.0,0.0,0.0,0.0,0.0,0.0,0.0,0.0,0.0,0.0,0.0,0.0,0.0,0.0,0.0,0.0,0.0,0.0,1.0,1.0,1.0,0.0,0.0,1.0,0,0,0,1,1,1,malicious,1,PartOfAHorizontalPortScan,CTU-IoT-Malware-Capture-1-1,1,header,high
180,6,64.0,2.998826,3,0,1.000391486535064,0.0,0.0,180,180,0.0,3,0,0,0,3.0,0.0,1,1,64.0,0.0,0,1,0,0,0,0,0,1,1.0,0.0,0.0,0.0,0.0,0.0,0.0,0.0,0.0,0.0,0.0,0.0,0.0,0.0,0.0,0.0,2.998826,0.0,0.0,0.0,1.0,1.0,1.0,0.0,0.0,1.0,0,0,0,1,1,1,malicious,1,PartOfAHorizontalPortScan,CTU-IoT-Malware-Capture-1-1,1,header,high
40,17,0.0,0.0,1,0,0.0,0.0,0.0,40,40,0.0,1,0,0,0,1.0,0.0,1,1,0.0,0.0,0,1,0,0,0,0,0,1,1.0,0.0,0.0,0.0,0.0,0.0,0.0,0.0,0.0,0.0,0.0,0.0,0.0,0.0,0.0,0.0,0.0,0.0,0.0,0.0,0.0,0.0,0.0,1.0,0.0,1.0,0,0,0,0,0,0,benign,0,-,CTU-IoT-Malware-Capture-1-1,0,none,none
40,17,0.0,0.0,1,0,0.0,0.0,0.0,40,40,0.0,1,0,0,0,1.0,0.0,1,1,0.0,0.0,0,1,0,0,0,0,0,1,1.0,0.0,0.0,0.0,0.0,0.0,0.0,0.0,0.0,0.0,0.0,0.0,0.0,0.0,0.0,0.0,0.0,0.0,0.0,0.0,0.0,0.0,0.0,1.0,0.0,1.0,0,0,0,0,0,0,benign,0,-,CTU-IoT-Malware-Capture-1-1,0,none,none
152,17,0.0,0.026467,2,96,75.56579891940908,3627.1583481316356,48.0,152,152,0.0,1,1,48,48,1.0,1.0,1,1,0.0,0.0,0,1,0,1,0,0,0,2,0.5,0.0,0.5,0.0,0.0,0.0,0.0,0.0,0.0,0.0,0.0,0.0,0.0,0.0,0.0,0.0,0.026467,0.0,0.0,0.0,0.0,0.0,0.0,1.0,0.0,1.0,0,0,0,0,0,0,benign,0,-,CTU-IoT-Malware-Capture-1-1,0,none,none
40,17,0.0,0.0,1,0,0.0,0.0,0.0,40,40,0.0,1,0,0,0,1.0,0.0,1,1,0.0,0.0,0,1,0,0,0,0,0,1,1.0,0.0,0.0,0.0,0.0,0.0,0.0,0.0,0.0,0.0,0.0,0.0,0.0,0.0,0.0,0.0,0.0,0.0,0.0,0.0,0.0,0.0,0.0,1.0,0.0,1.0,0,0,0,0,0,0,benign,0,-,CTU-IoT-Malware-Capture-1-1,0,none,none
180,6,86.0,2.993548,3,0,1.0021553020028406,0.0,0.0,180,180,0.0,3,0,0,0,3.0,0.0,1,1,86.0,0.0,0,1,0,0,0,0,0,1,1.0,0.0,0.0,0.0,0.0,0.0,0.0,0.0,0.0,0.0,0.0,0.0,0.0,0.0,0.0,0.0,2.993548,0.0,0.0,0.0,1.0,1.0,1.0,0.0,0.0,1.0,0,0,0,1,1,1,malicious,1,PartOfAHorizontalPortScan,CTU-IoT-Malware-Capture-1-1,1,header,high
40,17,0.0,0.0,1,0,0.0,0.0,0.0,40,40,0.0,1,0,0,0,1.0,0.0,1,1,0.0,0.0,0,1,0,0,0,0,0,1,1.0,0.0,0.0,0.0,0.0,0.0,0.0,0.0,0.0,0.0,0.0,0.0,0.0,0.0,0.0,0.0,0.0,0.0,0.0,0.0,0.0,0.0,0.0,1.0,0.0,1.0,0,0,0,0,0,0,benign,0,-,CTU-IoT-Malware-Capture-1-1,0,none,none
40,17,0.0,0.0,1,0,0.0,0.0,0.0,40,40,0.0,1,0,0,0,1.0,0.0,1,1,0.0,0.0,0,1,0,0,0,0,0,1,1.0,0.0,0.0,0.0,0.0,0.0,0.0,0.0,0.0,0.0,0.0,0.0,0.0,0.0,0.0,0.0,0.0,0.0,0.0,0.0,0.0,0.0,0.0,1.0,0.0,1.0,0,0,0,0,0,0,benign,0,-,CTU-IoT-Malware-Capture-1-1,0,none,none
40,17,0.0,0.0,1,0,0.0,0.0,0.0,40,40,0.0,1,0,0,0,1.0,0.0,1,1,0.0,0.0,0,1,0,0,0,0,0,1,1.0,0.0,0.0,0.0,0.0,0.0,0.0,0.0,0.0,0.0,0.0,0.0,0.0,0.0,0.0,0.0,0.0,0.0,0.0,0.0,0.0,0.0,0.0,1.0,0.0,1.0,0,0,0,0,0,0,benign,0,-,CTU-IoT-Malware-Capture-1-1,0,none,none
60,6,88.0,0.0,1,0,0.0,0.0,0.0,60,60,0.0,1,0,0,0,1.0,0.0,1,1,88.0,0.0,0,1,0,0,0,0,0,1,1.0,0.0,0.0,0.0,0.0,0.0,0.0,0.0,0.0,0.0,0.0,0.0,0.0,0.0,0.0,0.0,0.0,0.0,0.0,0.0,1.0,1.0,1.0,0.0,0.0,1.0,0,0,0,1,1,1,malicious,1,PartOfAHorizontalPortScan,CTU-IoT-Malware-Capture-1-1,1,header,high
60,6,116.0,0.0,1,0,0.0,0.0,0.0,60,60,0.0,1,0,0,0,1.0,0.0,1,1,116.0,0.0,0,1,0,0,0,0,0,1,1.0,0.0,0.0,0.0,0.0,0.0,0.0,0.0,0.0,0.0,0.0,0.0,0.0,0.0,0.0,0.0,0.0,0.0,0.0,0.0,1.0,1.0,1.0,0.0,0.0,1.0,0,0,0,1,1,1,malicious,1,PartOfAHorizontalPortScan,CTU-IoT-Malware-Capture-1-1,1,header,high
40,17,0.0,0.0,1,0,0.0,0.0,0.0,40,40,0.0,1,0,0,0,1.0,0.0,1,1,0.0,0.0,0,1,0,0,0,0,0,1,1.0,0.0,0.0,0.0,0.0,0.0,0.0,0.0,0.0,0.0,0.0,0.0,0.0,0.0,0.0,0.0,0.0,0.0,0.0,0.0,0.0,0.0,0.0,1.0,0.0,1.0,0,0,0,0,0,0,benign,0,-,CTU-IoT-Malware-Capture-1-1,0,none,none
40,17,0.0,0.0,1,0,0.0,0.0,0.0,40,40,0.0,1,0,0,0,1.0,0.0,1,1,0.0,0.0,0,1,0,0,0,0,0,1,1.0,0.0,0.0,0.0,0.0,0.0,0.0,0.0,0.0,0.0,0.0,0.0,0.0,0.0,0.0,0.0,0.0,0.0,0.0,0.0,0.0,0.0,0.0,1.0,0.0,1.0,0,0,0,0,0,0,benign,0,-,CTU-IoT-Malware-Capture-1-1,0,none,none
68,1,0.0,0.0,1,0,0.0,0.0,0.0,68,68,0.0,1,0,0,0,1.0,0.0,1,1,0.0,0.0,0,0,0,0,0,0,0,0,0.0,0.0,0.0,0.0,0.0,0.0,0.0,0.0,0.0,0.0,0.0,0.0,0.0,0.0,0.0,0.0,0.0,0.0,0.0,0.0,0.0,0.0,0.0,1.0,0.0,1.0,0,0,0,0,0,0,benign,0,-,CTU-IoT-Malware-Capture-1-1,0,none,none
40,17,0.0,0.0,1,0,0.0,0.0,0.0,40,40,0.0,1,0,0,0,1.0,0.0,1,1,0.0,0.0,0,1,0,0,0,0,0,1,1.0,0.0,0.0,0.0,0.0,0.0,0.0,0.0,0.0,0.0,0.0,0.0,0.0,0.0,0.0,0.0,0.0,0.0,0.0,0.0,0.0,0.0,0.0,1.0,0.0,1.0,0,0,0,0,0,0,benign,0,-,CTU-IoT-Malware-Capture-1-1,0,none,none
60,6,78.0,0.0,1,0,0.0,0.0,0.0,60,60,0.0,1,0,0,0,1.0,0.0,1,1,78.0,0.0,0,1,0,0,0,0,0,1,1.0,0.0,0.0,0.0,0.0,0.0,0.0,0.0,0.0,0.0,0.0,0.0,0.0,0.0,0.0,0.0,0.0,0.0,0.0,0.0,1.0,1.0,1.0,0.0,0.0,1.0,0,0,0,1,1,1,malicious,1,PartOfAHorizontalPortScan,CTU-IoT-Malware-Capture-1-1,1,header,high
180,6,0.0,2.998812,3,0,1.0003961568781237,0.0,0.0,180,180,0.0,3,0,0,0,3.0,0.0,1,1,0.0,0.0,0,1,0,0,0,0,0,1,1.0,0.0,0.0,0.0,0.0,0.0,0.0,0.0,0.0,0.0,0.0,0.0,0.0,0.0,0.0,0.0,2.998812,0.0,0.0,0.0,0.0,0.0,0.0,1.0,0.0,1.0,0,0,0,0,0,0,benign,0,-,CTU-IoT-Malware-Capture-1-1,0,none,none
60,6,68.0,0.0,1,0,0.0,0.0,0.0,60,60,0.0,1,0,0,0,1.0,0.0,1,1,68.0,0.0,0,1,0,0,0,0,0,1,1.0,0.0,0.0,0.0,0.0,0.0,0.0,0.0,0.0,0.0,0.0,0.0,0.0,0.0,0.0,0.0,0.0,0.0,0.0,0.0,1.0,1.0,1.0,0.0,0.0,1.0,0,0,0,1,1,1,malicious,1,PartOfAHorizontalPortScan,CTU-IoT-Malware-Capture-1-1,1,header,high
60,6,94.0,0.0,1,0,0.0,0.0,0.0,60,60,0.0,1,0,0,0,1.0,0.0,1,1,94.0,0.0,0,1,0,0,0,0,0,1,1.0,0.0,0.0,0.0,0.0,0.0,0.0,0.0,0.0,0.0,0.0,0.0,0.0,0.0,0.0,0.0,0.0,0.0,0.0,0.0,1.0,1.0,1.0,0.0,0.0,1.0,0,0,0,1,1,1,malicious,1,PartOfAHorizontalPortScan,CTU-IoT-Malware-Capture-1-1,1,header,high
60,6,40.0,0.0,1,0,0.0,0.0,0.0,60,60,0.0,1,0,0,0,1.0,0.0,1,1,40.0,0.0,0,1,0,0,0,0,0,1,1.0,0.0,0.0,0.0,0.0,0.0,0.0,0.0,0.0,0.0,0.0,0.0,0.0,0.0,0.0,0.0,0.0,0.0,0.0,0.0,1.0,1.0,1.0,0.0,0.0,1.0,0,0,0,1,1,1,malicious,1,PartOfAHorizontalPortScan,CTU-IoT-Malware-Capture-1-1,1,header,high
180,6,0.0,2.999077,3,0,1.0003077613545768,0.0,0.0,180,180,0.0,3,0,0,0,3.0,0.0,1,1,0.0,0.0,0,1,0,0,0,0,0,1,1.0,0.0,0.0,0.0,0.0,0.0,0.0,0.0,0.0,0.0,0.0,0.0,0.0,0.0,0.0,0.0,2.999077,0.0,0.0,0.0,0.0,0.0,0.0,1.0,0.0,1.0,0,0,0,0,0,0,benign,0,-,CTU-IoT-Malware-Capture-1-1,0,none,none
60,6,86.0,0.0,1,0,0.0,0.0,0.0,60,60,0.0,1,0,0,0,1.0,0.0,1,1,86.0,0.0,0,1,0,0,0,0,0,1,1.0,0.0,0.0,0.0,0.0,0.0,0.0,0.0,0.0,0.0,0.0,0.0,0.0,0.0,0.0,0.0,0.0,0.0,0.0,0.0,1.0,1.0,1.0,0.0,0.0,1.0,0,0,0,1,1,1,malicious,1,PartOfAHorizontalPortScan,CTU-IoT-Malware-Capture-1-1,1,header,high
40,17,0.0,0.0,1,0,0.0,0.0,0.0,40,40,0.0,1,0,0,0,1.0,0.0,1,1,0.0,0.0,0,1,0,0,0,0,0,1,1.0,0.0,0.0,0.0,0.0,0.0,0.0,0.0,0.0,0.0,0.0,0.0,0.0,0.0,0.0,0.0,0.0,0.0,0.0,0.0,0.0,0.0,0.0,1.0,0.0,1.0,0,0,0,0,0,0,benign,0,-,CTU-IoT-Malware-Capture-1-1,0,none,none
40,17,0.0,0.0,1,0,0.0,0.0,0.0,40,40,0.0,1,0,0,0,1.0,0.0,1,1,0.0,0.0,0,1,0,0,0,0,0,1,1.0,0.0,0.0,0.0,0.0,0.0,0.0,0.0,0.0,0.0,0.0,0.0,0.0,0.0,0.0,0.0,0.0,0.0,0.0,0.0,0.0,0.0,0.0,1.0,0.0,1.0,0,0,0,0,0,0,benign,0,-,CTU-IoT-Malware-Capture-1-1,0,none,none
60,6,52.0,0.0,1,0,0.0,0.0,0.0,60,60,0.0,1,0,0,0,1.0,0.0,1,1,52.0,0.0,0,1,0,0,0,0,0,1,1.0,0.0,0.0,0.0,0.0,0.0,0.0,0.0,0.0,0.0,0.0,0.0,0.0,0.0,0.0,0.0,0.0,0.0,0.0,0.0,1.0,1.0,1.0,0.0,0.0,1.0,0,0,0,1,1,1,malicious,1,PartOfAHorizontalPortScan,CTU-IoT-Malware-Capture-1-1,1,header,high
60,6,56.0,0.0,1,0,0.0,0.0,0.0,60,60,0.0,1,0,0,0,1.0,0.0,1,1,56.0,0.0,0,1,0,0,0,0,0,1,1.0,0.0,0.0,0.0,0.0,0.0,0.0,0.0,0.0,0.0,0.0,0.0,0.0,0.0,0.0,0.0,0.0,0.0,0.0,0.0,1.0,1.0,1.0,0.0,0.0,1.0,0,0,0,1,1,1,malicious,1,PartOfAHorizontalPortScan,CTU-IoT-Malware-Capture-1-1,1,header,high
180,6,106.0,2.998813,3,0,1.0003958232807446,0.0,0.0,180,180,0.0,3,0,0,0,3.0,0.0,1,1,106.0,0.0,0,1,0,0,0,0,0,1,1.0,0.0,0.0,0.0,0.0,0.0,0.0,0.0,0.0,0.0,0.0,0.0,0.0,0.0,0.0,0.0,2.998813,0.0,0.0,0.0,1.0,1.0,1.0,0.0,0.0,1.0,0,0,0,1,1,1,malicious,1,PartOfAHorizontalPortScan,CTU-IoT-Malware-Capture-1-1,1,header,high
60,6,78.0,0.0,1,0,0.0,0.0,0.0,60,60,0.0,1,0,0,0,1.0,0.0,1,1,78.0,0.0,0,1,0,0,0,0,0,1,1.0,0.0,0.0,0.0,0.0,0.0,0.0,0.0,0.0,0.0,0.0,0.0,0.0,0.0,0.0,0.0,0.0,0.0,0.0,0.0,1.0,1.0,1.0,0.0,0.0,1.0,0,0,0,1,1,1,malicious,1,PartOfAHorizontalPortScan,CTU-IoT-Malware-Capture-1-1,1,header,high
40,17,0.0,0.0,1,0,0.0,0.0,0.0,40,40,0.0,1,0,0,0,1.0,0.0,1,1,0.0,0.0,0,1,0,0,0,0,0,1,1.0,0.0,0.0,0.0,0.0,0.0,0.0,0.0,0.0,0.0,0.0,0.0,0.0,0.0,0.0,0.0,0.0,0.0,0.0,0.0,0.0,0.0,0.0,1.0,0.0,1.0,0,0,0,0,0,0,benign,0,-,CTU-IoT-Malware-Capture-1-1,0,none,none
40,17,0.0,0.0,1,0,0.0,0.0,0.0,40,40,0.0,1,0,0,0,1.0,0.0,1,1,0.0,0.0,0,1,0,0,0,0,0,1,1.0,0.0,0.0,0.0,0.0,0.0,0.0,0.0,0.0,0.0,0.0,0.0,0.0,0.0,0.0,0.0,0.0,0.0,0.0,0.0,0.0,0.0,0.0,1.0,0.0,1.0,0,0,0,0,0,0,benign,0,-,CTU-IoT-Malware-Capture-1-1,0,none,none
180,6,45.0,2.998796,3,0,1.0004014944664459,0.0,0.0,180,180,0.0,3,0,0,0,3.0,0.0,1,1,45.0,0.0,0,1,0,0,0,0,0,1,1.0,0.0,0.0,0.0,0.0,0.0,0.0,0.0,0.0,0.0,0.0,0.0,0.0,0.0,0.0,0.0,2.998796,0.0,0.0,0.0,1.0,1.0,1.0,0.0,0.0,1.0,0,0,0,1,1,1,malicious,1,PartOfAHorizontalPortScan,CTU-IoT-Malware-Capture-1-1,1,header,high
68,1,0.0,0.0,1,0,0.0,0.0,0.0,68,68,0.0,1,0,0,0,1.0,0.0,1,1,0.0,0.0,0,0,0,0,0,0,0,0,0.0,0.0,0.0,0.0,0.0,0.0,0.0,0.0,0.0,0.0,0.0,0.0,0.0,0.0,0.0,0.0,0.0,0.0,0.0,0.0,0.0,0.0,0.0,1.0,0.0,1.0,0,0,0,0,0,0,benign,0,-,CTU-IoT-Malware-Capture-1-1,0,none,none
60,6,119.0,0.0,1,0,0.0,0.0,0.0,60,60,0.0,1,0,0,0,1.0,0.0,1,1,119.0,0.0,0,1,0,0,0,0,0,1,1.0,0.0,0.0,0.0,0.0,0.0,0.0,0.0,0.0,0.0,0.0,0.0,0.0,0.0,0.0,0.0,0.0,0.0,0.0,0.0,1.0,1.0,1.0,0.0,0.0,1.0,0,0,0,1,1,1,malicious,1,PartOfAHorizontalPortScan,CTU-IoT-Malware-Capture-1-1,1,header,high
180,6,74.0,2.998578,3,0,1.0004742247825469,0.0,0.0,180,180,0.0,3,0,0,0,3.0,0.0,1,1,74.0,0.0,0,1,0,0,0,0,0,1,1.0,0.0,0.0,0.0,0.0,0.0,0.0,0.0,0.0,0.0,0.0,0.0,0.0,0.0,0.0,0.0,2.998578,0.0,0.0,0.0,1.0,1.0,1.0,0.0,0.0,1.0,0,0,0,1,1,1,malicious,1,PartOfAHorizontalPortScan,CTU-IoT-Malware-Capture-1-1,1,header,high
180,6,75.0,2.998815,3,0,1.0003951560866542,0.0,0.0,180,180,0.0,3,0,0,0,3.0,0.0,1,1,75.0,0.0,0,1,0,0,0,0,0,1,1.0,0.0,0.0,0.0,0.0,0.0,0.0,0.0,0.0,0.0,0.0,0.0,0.0,0.0,0.0,0.0,2.998815,0.0,0.0,0.0,1.0,1.0,1.0,0.0,0.0,1.0,0,0,0,1,1,1,malicious,1,PartOfAHorizontalPortScan,CTU-IoT-Malware-Capture-1-1,1,header,high
60,6,32.0,0.0,1,0,0.0,0.0,0.0,60,60,0.0,1,0,0,0,1.0,0.0,1,1,32.0,0.0,0,1,0,0,0,0,0,1,1.0,0.0,0.0,0.0,0.0,0.0,0.0,0.0,0.0,0.0,0.0,0.0,0.0,0.0,0.0,0.0,0.0,0.0,0.0,0.0,1.0,1.0,1.0,0.0,0.0,1.0,0,0,0,1,1,1,malicious,1,PartOfAHorizontalPortScan,CTU-IoT-Malware-Capture-1-1,1,header,high
40,17,0.0,0.0,1,0,0.0,0.0,0.0,40,40,0.0,1,0,0,0,1.0,0.0,1,1,0.0,0.0,0,1,0,0,0,0,0,1,1.0,0.0,0.0,0.0,0.0,0.0,0.0,0.0,0.0,0.0,0.0,0.0,0.0,0.0,0.0,0.0,0.0,0.0,0.0,0.0,0.0,0.0,0.0,1.0,0.0,1.0,0,0,0,0,0,0,benign,0,-,CTU-IoT-Malware-Capture-1-1,0,none,none
40,17,0.0,0.0,1,0,0.0,0.0,0.0,40,40,0.0,1,0,0,0,1.0,0.0,1,1,0.0,0.0,0,1,0,0,0,0,0,1,1.0,0.0,0.0,0.0,0.0,0.0,0.0,0.0,0.0,0.0,0.0,0.0,0.0,0.0,0.0,0.0,0.0,0.0,0.0,0.0,0.0,0.0,0.0,1.0,0.0,1.0,0,0,0,0,0,0,benign,0,-,CTU-IoT-Malware-Capture-1-1,0,none,none
180,6,74.0,2.998556,3,0,1.000481565126681,0.0,0.0,180,180,0.0,3,0,0,0,3.0,0.0,1,1,74.0,0.0,0,1,0,0,0,0,0,1,1.0,0.0,0.0,0.0,0.0,0.0,0.0,0.0,0.0,0.0,0.0,0.0,0.0,0.0,0.0,0.0,2.998556,0.0,0.0,0.0,1.0,1.0,1.0,0.0,0.0,1.0,0,0,0,1,1,1,malicious,1,PartOfAHorizontalPortScan,CTU-IoT-Malware-Capture-1-1,1,header,high
152,17,0.0,0.001232,2,96,1623.3766233766235,77922.07792207792,48.0,152,152,0.0,1,1,48,48,1.0,1.0,1,1,0.0,0.0,0,1,0,1,0,0,0,2,0.5,0.0,0.5,0.0,0.0,0.0,0.0,0.0,0.0,0.0,0.0,0.0,0.0,0.0,0.0,0.0,0.001232,0.0,0.0,0.0,0.0,0.0,0.0,1.0,0.0,1.0,0,0,0,0,0,0,benign,0,-,CTU-IoT-Malware-Capture-1-1,0,none,none
180,6,0.0,2.998808,3,0,1.0003974912698645,0.0,0.0,180,180,0.0,3,0,0,0,3.0,0.0,1,1,0.0,0.0,0,1,0,0,0,0,0,1,1.0,0.0,0.0,0.0,0.0,0.0,0.0,0.0,0.0,0.0,0.0,0.0,0.0,0.0,0.0,0.0,2.998808,0.0,0.0,0.0,0.0,0.0,0.0,1.0,0.0,1.0,0,0,0,0,0,0,benign,0,-,CTU-IoT-Malware-Capture-1-1,0,none,none
40,17,0.0,0.0,1,0,0.0,0.0,0.0,40,40,0.0,1,0,0,0,1.0,0.0,1,1,0.0,0.0,0,1,0,0,0,0,0,1,1.0,0.0,0.0,0.0,0.0,0.0,0.0,0.0,0.0,0.0,0.0,0.0,0.0,0.0,0.0,0.0,0.0,0.0,0.0,0.0,0.0,0.0,0.0,1.0,0.0,1.0,0,0,0,0,0,0,benign,0,-,CTU-IoT-Malware-Capture-1-1,0,none,none
40,17,0.0,0.0,1,0,0.0,0.0,0.0,40,40,0.0,1,0,0,0,1.0,0.0,1,1,0.0,0.0,0,1,0,0,0,0,0,1,1.0,0.0,0.0,0.0,0.0,0.0,0.0,0.0,0.0,0.0,0.0,0.0,0.0,0.0,0.0,0.0,0.0,0.0,0.0,0.0,0.0,0.0,0.0,1.0,0.0,1.0,0,0,0,0,0,0,benign,0,-,CTU-IoT-Malware-Capture-1-1,0,none,none
40,17,0.0,0.0,1,0,0.0,0.0,0.0,40,40,0.0,1,0,0,0,1.0,0.0,1,1,0.0,0.0,0,1,0,0,0,0,0,1,1.0,0.0,0.0,0.0,0.0,0.0,0.0,0.0,0.0,0.0,0.0,0.0,0.0,0.0,0.0,0.0,0.0,0.0,0.0,0.0,0.0,0.0,0.0,1.0,0.0,1.0,0,0,0,0,0,0,benign,0,-,CTU-IoT-Malware-Capture-1-1,0,none,none
60,6,109.0,0.0,1,0,0.0,0.0,0.0,60,60,0.0,1,0,0,0,1.0,0.0,1,1,109.0,0.0,0,1,0,0,0,0,0,1,1.0,0.0,0.0,0.0,0.0,0.0,0.0,0.0,0.0,0.0,0.0,0.0,0.0,0.0,0.0,0.0,0.0,0.0,0.0,0.0,1.0,1.0,1.0,0.0,0.0,1.0,0,0,0,1,1,1,malicious,1,PartOfAHorizontalPortScan,CTU-IoT-Malware-Capture-1-1,1,header,high
60,6,70.0,0.0,1,0,0.0,0.0,0.0,60,60,0.0,1,0,0,0,1.0,0.0,1,1,70.0,0.0,0,1,0,0,0,0,0,1,1.0,0.0,0.0,0.0,0.0,0.0,0.0,0.0,0.0,0.0,0.0,0.0,0.0,0.0,0.0,0.0,0.0,0.0,0.0,0.0,1.0,1.0,1.0,0.0,0.0,1.0,0,0,0,1,1,1,malicious,1,PartOfAHorizontalPortScan,CTU-IoT-Malware-Capture-1-1,1,header,high
60,6,121.0,0.0,1,0,0.0,0.0,0.0,60,60,0.0,1,0,0,0,1.0,0.0,1,1,121.0,0.0,0,1,0,0,0,0,0,1,1.0,0.0,0.0,0.0,0.0,0.0,0.0,0.0,0.0,0.0,0.0,0.0,0.0,0.0,0.0,0.0,0.0,0.0,0.0,0.0,1.0,1.0,1.0,0.0,0.0,1.0,0,0,0,1,1,1,malicious,1,PartOfAHorizontalPortScan,CTU-IoT-Malware-Capture-1-1,1,header,high
40,17,0.0,0.0,1,0,0.0,0.0,0.0,40,40,0.0,1,0,0,0,1.0,0.0,1,1,0.0,0.0,0,1,0,0,0,0,0,1,1.0,0.0,0.0,0.0,0.0,0.0,0.0,0.0,0.0,0.0,0.0,0.0,0.0,0.0,0.0,0.0,0.0,0.0,0.0,0.0,0.0,0.0,0.0,1.0,0.0,1.0,0,0,0,0,0,0,benign,0,-,CTU-IoT-Malware-Capture-1-1,0,none,none
180,6,122.0,2.998815,3,0,1.0003951560866542,0.0,0.0,180,180,0.0,3,0,0,0,3.0,0.0,1,1,122.0,0.0,0,1,0,0,0,0,0,1,1.0,0.0,0.0,0.0,0.0,0.0,0.0,0.0,0.0,0.0,0.0,0.0,0.0,0.0,0.0,0.0,2.998815,0.0,0.0,0.0,1.0,1.0,1.0,0.0,0.0,1.0,0,0,0,1,1,1,malicious,1,PartOfAHorizontalPortScan,CTU-IoT-Malware-Capture-1-1,1,header,high
40,17,0.0,0.0,1,0,0.0,0.0,0.0,40,40,0.0,1,0,0,0,1.0,0.0,1,1,0.0,0.0,0,1,0,0,0,0,0,1,1.0,0.0,0.0,0.0,0.0,0.0,0.0,0.0,0.0,0.0,0.0,0.0,0.0,0.0,0.0,0.0,0.0,0.0,0.0,0.0,0.0,0.0,0.0,1.0,0.0,1.0,0,0,0,0,0,0,benign,0,-,CTU-IoT-Malware-Capture-1-1,0,none,none
60,6,45.0,0.0,1,0,0.0,0.0,0.0,60,60,0.0,1,0,0,0,1.0,0.0,1,1,45.0,0.0,0,1,0,0,0,0,0,1,1.0,0.0,0.0,0.0,0.0,0.0,0.0,0.0,0.0,0.0,0.0,0.0,0.0,0.0,0.0,0.0,0.0,0.0,0.0,0.0,1.0,1.0,1.0,0.0,0.0,1.0,0,0,0,1,1,1,malicious,1,PartOfAHorizontalPortScan,CTU-IoT-Malware-Capture-1-1,1,header,high
40,17,0.0,0.0,1,0,0.0,0.0,0.0,40,40,0.0,1,0,0,0,1.0,0.0,1,1,0.0,0.0,0,1,0,0,0,0,0,1,1.0,0.0,0.0,0.0,0.0,0.0,0.0,0.0,0.0,0.0,0.0,0.0,0.0,0.0,0.0,0.0,0.0,0.0,0.0,0.0,0.0,0.0,0.0,1.0,0.0,1.0,0,0,0,0,0,0,benign,0,-,CTU-IoT-Malware-Capture-1-1,0,none,none
40,17,0.0,0.0,1,0,0.0,0.0,0.0,40,40,0.0,1,0,0,0,1.0,0.0,1,1,0.0,0.0,0,1,0,0,0,0,0,1,1.0,0.0,0.0,0.0,0.0,0.0,0.0,0.0,0.0,0.0,0.0,0.0,0.0,0.0,0.0,0.0,0.0,0.0,0.0,0.0,0.0,0.0,0.0,1.0,0.0,1.0,0,0,0,0,0,0,benign,0,-,CTU-IoT-Malware-Capture-1-1,0,none,none
40,17,0.0,0.0,1,0,0.0,0.0,0.0,40,40,0.0,1,0,0,0,1.0,0.0,1,1,0.0,0.0,0,1,0,0,0,0,0,1,1.0,0.0,0.0,0.0,0.0,0.0,0.0,0.0,0.0,0.0,0.0,0.0,0.0,0.0,0.0,0.0,0.0,0.0,0.0,0.0,0.0,0.0,0.0,1.0,0.0,1.0,0,0,0,0,0,0,benign,0,-,CTU-IoT-Malware-Capture-1-1,0,none,none
40,17,0.0,0.0,1,0,0.0,0.0,0.0,40,40,0.0,1,0,0,0,1.0,0.0,1,1,0.0,0.0,0,1,0,0,0,0,0,1,1.0,0.0,0.0,0.0,0.0,0.0,0.0,0.0,0.0,0.0,0.0,0.0,0.0,0.0,0.0,0.0,0.0,0.0,0.0,0.0,0.0,0.0,0.0,1.0,0.0,1.0,0,0,0,0,0,0,benign,0,-,CTU-IoT-Malware-Capture-1-1,0,none,none
180,6,85.0,2.998808,3,0,1.0003974912698645,0.0,0.0,180,180,0.0,3,0,0,0,3.0,0.0,1,1,85.0,0.0,0,1,0,0,0,0,0,1,1.0,0.0,0.0,0.0,0.0,0.0,0.0,0.0,0.0,0.0,0.0,0.0,0.0,0.0,0.0,0.0,2.998808,0.0,0.0,0.0,1.0,1.0,1.0,0.0,0.0,1.0,0,0,0,1,1,1,malicious,1,PartOfAHorizontalPortScan,CTU-IoT-Malware-Capture-1-1,1,header,high
152,17,0.0,0.014733,2,96,135.74967759451573,6515.984524536754,48.0,152,152,0.0,1,1,48,48,1.0,1.0,1,1,0.0,0.0,0,1,0,1,0,0,0,2,0.5,0.0,0.5,0.0,0.0,0.0,0.0,0.0,0.0,0.0,0.0,0.0,0.0,0.0,0.0,0.0,0.014733,0.0,0.0,0.0,0.0,0.0,0.0,1.0,0.0,1.0,0,0,0,0,0,0,benign,0,-,CTU-IoT-Malware-Capture-1-1,0,none,none
40,17,0.0,0.0,1,0,0.0,0.0,0.0,40,40,0.0,1,0,0,0,1.0,0.0,1,1,0.0,0.0,0,1,0,0,0,0,0,1,1.0,0.0,0.0,0.0,0.0,0.0,0.0,0.0,0.0,0.0,0.0,0.0,0.0,0.0,0.0,0.0,0.0,0.0,0.0,0.0,0.0,0.0,0.0,1.0,0.0,1.0,0,0,0,0,0,0,benign,0,-,CTU-IoT-Malware-Capture-1-1,0,none,none
180,6,77.0,2.998813,3,0,1.0003958232807446,0.0,0.0,180,180,0.0,3,0,0,0,3.0,0.0,1,1,77.0,0.0,0,1,0,0,0,0,0,1,1.0,0.0,0.0,0.0,0.0,0.0,0.0,0.0,0.0,0.0,0.0,0.0,0.0,0.0,0.0,0.0,2.998813,0.0,0.0,0.0,1.0,1.0,1.0,0.0,0.0,1.0,0,0,0,1,1,1,malicious,1,PartOfAHorizontalPortScan,CTU-IoT-Malware-Capture-1-1,1,header,high
40,17,0.0,0.0,1,0,0.0,0.0,0.0,40,40,0.0,1,0,0,0,1.0,0.0,1,1,0.0,0.0,0,1,0,0,0,0,0,1,1.0,0.0,0.0,0.0,0.0,0.0,0.0,0.0,0.0,0.0,0.0,0.0,0.0,0.0,0.0,0.0,0.0,0.0,0.0,0.0,0.0,0.0,0.0,1.0,0.0,1.0,0,0,0,0,0,0,benign,0,-,CTU-IoT-Malware-Capture-1-1,0,none,none
60,6,106.0,0.0,1,0,0.0,0.0,0.0,60,60,0.0,1,0,0,0,1.0,0.0,1,1,106.0,0.0,0,1,0,0,0,0,0,1,1.0,0.0,0.0,0.0,0.0,0.0,0.0,0.0,0.0,0.0,0.0,0.0,0.0,0.0,0.0,0.0,0.0,0.0,0.0,0.0,1.0,1.0,1.0,0.0,0.0,1.0,0,0,0,1,1,1,malicious,1,PartOfAHorizontalPortScan,CTU-IoT-Malware-Capture-1-1,1,header,high
40,17,0.0,0.0,1,0,0.0,0.0,0.0,40,40,0.0,1,0,0,0,1.0,0.0,1,1,0.0,0.0,0,1,0,0,0,0,0,1,1.0,0.0,0.0,0.0,0.0,0.0,0.0,0.0,0.0,0.0,0.0,0.0,0.0,0.0,0.0,0.0,0.0,0.0,0.0,0.0,0.0,0.0,0.0,1.0,0.0,1.0,0,0,0,0,0,0,benign,0,-,CTU-IoT-Malware-Capture-1-1,0,none,none
68,1,0.0,0.0,1,0,0.0,0.0,0.0,68,68,0.0,1,0,0,0,1.0,0.0,1,1,0.0,0.0,0,0,0,0,0,0,0,0,0.0,0.0,0.0,0.0,0.0,0.0,0.0,0.0,0.0,0.0,0.0,0.0,0.0,0.0,0.0,0.0,0.0,0.0,0.0,0.0,0.0,0.0,0.0,1.0,0.0,1.0,0,0,0,0,0,0,benign,0,-,CTU-IoT-Malware-Capture-1-1,0,none,none
60,6,60.0,0.0,1,0,0.0,0.0,0.0,60,60,0.0,1,0,0,0,1.0,0.0,1,1,60.0,0.0,0,1,0,0,0,0,0,1,1.0,0.0,0.0,0.0,0.0,0.0,0.0,0.0,0.0,0.0,0.0,0.0,0.0,0.0,0.0,0.0,0.0,0.0,0.0,0.0,1.0,1.0,1.0,0.0,0.0,1.0,0,0,0,1,1,1,malicious,1,PartOfAHorizontalPortScan,CTU-IoT-Malware-Capture-1-1,1,header,high
56,1,0.0,0.0,1,0,0.0,0.0,0.0,56,56,0.0,1,0,0,0,1.0,0.0,1,0,0.0,0.0,0,0,0,0,0,0,0,0,0.0,0.0,0.0,0.0,0.0,0.0,0.0,0.0,0.0,0.0,0.0,0.0,0.0,0.0,0.0,0.0,0.0,0.0,0.0,0.0,0.0,0.0,0.0,1.0,0.0,1.0,0,0,0,0,0,0,benign,0,-,CTU-IoT-Malware-Capture-1-1,0,none,none
60,6,60.0,0.0,1,0,0.0,0.0,0.0,60,60,0.0,1,0,0,0,1.0,0.0,1,1,60.0,0.0,0,1,0,0,0,0,0,1,1.0,0.0,0.0,0.0,0.0,0.0,0.0,0.0,0.0,0.0,0.0,0.0,0.0,0.0,0.0,0.0,0.0,0.0,0.0,0.0,1.0,1.0,1.0,0.0,0.0,1.0,0,0,0,1,1,1,malicious,1,PartOfAHorizontalPortScan,CTU-IoT-Malware-Capture-1-1,1,header,high
60,6,126.0,0.0,1,0,0.0,0.0,0.0,60,60,0.0,1,0,0,0,1.0,0.0,1,1,126.0,0.0,0,1,0,0,0,0,0,1,1.0,0.0,0.0,0.0,0.0,0.0,0.0,0.0,0.0,0.0,0.0,0.0,0.0,0.0,0.0,0.0,0.0,0.0,0.0,0.0,1.0,1.0,1.0,0.0,0.0,1.0,0,0,0,1,1,1,malicious,1,PartOfAHorizontalPortScan,CTU-IoT-Malware-Capture-1-1,1,header,high
60,6,123.0,0.0,1,0,0.0,0.0,0.0,60,60,0.0,1,0,0,0,1.0,0.0,1,1,123.0,0.0,0,1,0,0,0,0,0,1,1.0,0.0,0.0,0.0,0.0,0.0,0.0,0.0,0.0,0.0,0.0,0.0,0.0,0.0,0.0,0.0,0.0,0.0,0.0,0.0,1.0,1.0,1.0,0.0,0.0,1.0,0,0,0,1,1,1,malicious,1,PartOfAHorizontalPortScan,CTU-IoT-Malware-Capture-1-1,1,header,high
180,6,47.0,2.99905,3,0,1.0003167669762092,0.0,0.0,180,180,0.0,3,0,0,0,3.0,0.0,1,1,47.0,0.0,0,1,0,0,0,0,0,1,1.0,0.0,0.0,0.0,0.0,0.0,0.0,0.0,0.0,0.0,0.0,0.0,0.0,0.0,0.0,0.0,2.99905,0.0,0.0,0.0,1.0,1.0,1.0,0.0,0.0,1.0,0,0,0,1,1,1,malicious,1,PartOfAHorizontalPortScan,CTU-IoT-Malware-Capture-1-1,1,header,high
60,6,65.0,0.0,1,0,0.0,0.0,0.0,60,60,0.0,1,0,0,0,1.0,0.0,1,1,65.0,0.0,0,1,0,0,0,0,0,1,1.0,0.0,0.0,0.0,0.0,0.0,0.0,0.0,0.0,0.0,0.0,0.0,0.0,0.0,0.0,0.0,0.0,0.0,0.0,0.0,1.0,1.0,1.0,0.0,0.0,1.0,0,0,0,1,1,1,malicious,1,PartOfAHorizontalPortScan,CTU-IoT-Malware-Capture-1-1,1,header,high
40,17,0.0,0.0,1,0,0.0,0.0,0.0,40,40,0.0,1,0,0,0,1.0,0.0,1,1,0.0,0.0,0,1,0,0,0,0,0,1,1.0,0.0,0.0,0.0,0.0,0.0,0.0,0.0,0.0,0.0,0.0,0.0,0.0,0.0,0.0,0.0,0.0,0.0,0.0,0.0,0.0,0.0,0.0,1.0,0.0,1.0,0,0,0,0,0,0,benign,0,-,CTU-IoT-Malware-Capture-1-1,0,none,none
40,17,0.0,0.0,1,0,0.0,0.0,0.0,40,40,0.0,1,0,0,0,1.0,0.0,1,1,0.0,0.0,0,1,0,0,0,0,0,1,1.0,0.0,0.0,0.0,0.0,0.0,0.0,0.0,0.0,0.0,0.0,0.0,0.0,0.0,0.0,0.0,0.0,0.0,0.0,0.0,0.0,0.0,0.0,1.0,0.0,1.0,0,0,0,0,0,0,benign,0,-,CTU-IoT-Malware-Capture-1-1,0,none,none
40,17,0.0,0.0,1,0,0.0,0.0,0.0,40,40,0.0,1,0,0,0,1.0,0.0,1,1,0.0,0.0,0,1,0,0,0,0,0,1,1.0,0.0,0.0,0.0,0.0,0.0,0.0,0.0,0.0,0.0,0.0,0.0,0.0,0.0,0.0,0.0,0.0,0.0,0.0,0.0,0.0,0.0,0.0,1.0,0.0,1.0,0,0,0,0,0,0,benign,0,-,CTU-IoT-Malware-Capture-1-1,0,none,none
60,6,106.0,0.0,1,0,0.0,0.0,0.0,60,60,0.0,1,0,0,0,1.0,0.0,1,1,106.0,0.0,0,1,0,0,0,0,0,1,1.0,0.0,0.0,0.0,0.0,0.0,0.0,0.0,0.0,0.0,0.0,0.0,0.0,0.0,0.0,0.0,0.0,0.0,0.0,0.0,1.0,1.0,1.0,0.0,0.0,1.0,0,0,0,1,1,1,malicious,1,PartOfAHorizontalPortScan,CTU-IoT-Malware-Capture-1-1,1,header,high
60,6,84.0,0.0,1,0,0.0,0.0,0.0,60,60,0.0,1,0,0,0,1.0,0.0,1,1,84.0,0.0,0,1,0,0,0,0,0,1,1.0,0.0,0.0,0.0,0.0,0.0,0.0,0.0,0.0,0.0,0.0,0.0,0.0,0.0,0.0,0.0,0.0,0.0,0.0,0.0,1.0,1.0,1.0,0.0,0.0,1.0,0,0,0,1,1,1,malicious,1,PartOfAHorizontalPortScan,CTU-IoT-Malware-Capture-1-1,1,header,high
60,6,98.0,0.0,1,0,0.0,0.0,0.0,60,60,0.0,1,0,0,0,1.0,0.0,1,1,98.0,0.0,0,1,0,0,0,0,0,1,1.0,0.0,0.0,0.0,0.0,0.0,0.0,0.0,0.0,0.0,0.0,0.0,0.0,0.0,0.0,0.0,0.0,0.0,0.0,0.0,1.0,1.0,1.0,0.0,0.0,1.0,0,0,0,1,1,1,malicious,1,PartOfAHorizontalPortScan,CTU-IoT-Malware-Capture-1-1,1,header,high
40,17,0.0,0.0,1,0,0.0,0.0,0.0,40,40,0.0,1,0,0,0,1.0,0.0,1,1,0.0,0.0,0,1,0,0,0,0,0,1,1.0,0.0,0.0,0.0,0.0,0.0,0.0,0.0,0.0,0.0,0.0,0.0,0.0,0.0,0.0,0.0,0.0,0.0,0.0,0.0,0.0,0.0,0.0,1.0,0.0,1.0,0,0,0,0,0,0,benign,0,-,CTU-IoT-Malware-Capture-1-1,0,none,none
60,6,33.0,0.0,1,0,0.0,0.0,0.0,60,60,0.0,1,0,0,0,1.0,0.0,1,1,33.0,0.0,0,1,0,0,0,0,0,1,1.0,0.0,0.0,0.0,0.0,0.0,0.0,0.0,0.0,0.0,0.0,0.0,0.0,0.0,0.0,0.0,0.0,0.0,0.0,0.0,1.0,1.0,1.0,0.0,0.0,1.0,0,0,0,1,1,1,malicious,1,PartOfAHorizontalPortScan,CTU-IoT-Malware-Capture-1-1,1,header,high
40,17,0.0,0.0,1,0,0.0,0.0,0.0,40,40,0.0,1,0,0,0,1.0,0.0,1,1,0.0,0.0,0,1,0,0,0,0,0,1,1.0,0.0,0.0,0.0,0.0,0.0,0.0,0.0,0.0,0.0,0.0,0.0,0.0,0.0,0.0,0.0,0.0,0.0,0.0,0.0,0.0,0.0,0.0,1.0,0.0,1.0,0,0,0,0,0,0,benign,0,-,CTU-IoT-Malware-Capture-1-1,0,none,none
40,17,0.0,0.0,1,0,0.0,0.0,0.0,40,40,0.0,1,0,0,0,1.0,0.0,1,1,0.0,0.0,0,1,0,0,0,0,0,1,1.0,0.0,0.0,0.0,0.0,0.0,0.0,0.0,0.0,0.0,0.0,0.0,0.0,0.0,0.0,0.0,0.0,0.0,0.0,0.0,0.0,0.0,0.0,1.0,0.0,1.0,0,0,0,0,0,0,benign,0,-,CTU-IoT-Malware-Capture-1-1,0,none,none
68,1,0.0,0.0,1,0,0.0,0.0,0.0,68,68,0.0,1,0,0,0,1.0,0.0,1,1,0.0,0.0,0,0,0,0,0,0,0,0,0.0,0.0,0.0,0.0,0.0,0.0,0.0,0.0,0.0,0.0,0.0,0.0,0.0,0.0,0.0,0.0,0.0,0.0,0.0,0.0,0.0,0.0,0.0,1.0,0.0,1.0,0,0,0,0,0,0,benign,0,-,CTU-IoT-Malware-Capture-1-1,0,none,none
60,6,49.0,0.0,1,0,0.0,0.0,0.0,60,60,0.0,1,0,0,0,1.0,0.0,1,1,49.0,0.0,0,1,0,0,0,0,0,1,1.0,0.0,0.0,0.0,0.0,0.0,0.0,0.0,0.0,0.0,0.0,0.0,0.0,0.0,0.0,0.0,0.0,0.0,0.0,0.0,1.0,1.0,1.0,0.0,0.0,1.0,0,0,0,1,1,1,malicious,1,PartOfAHorizontalPortScan,CTU-IoT-Malware-Capture-1-1,1,header,high
264,1,0.0,3.000055,3,180,0.9999816670027716,59.998900020166296,60.0,264,264,0.0,3,0,180,0,3.0,180.0,1,1,0.0,0.0,0,0,0,0,0,0,0,0,0.0,0.0,0.0,0.0,0.0,0.0,0.0,0.0,0.0,0.0,0.0,0.0,0.0,0.0,0.0,0.0,3.000055,0.0,0.0,0.0,0.0,0.0,0.0,1.0,0.0,1.0,0,0,0,0,0,0,benign,0,-,CTU-IoT-Malware-Capture-1-1,0,none,none
60,6,99.0,0.0,1,0,0.0,0.0,0.0,60,60,0.0,1,0,0,0,1.0,0.0,1,1,99.0,0.0,0,1,0,0,0,0,0,1,1.0,0.0,0.0,0.0,0.0,0.0,0.0,0.0,0.0,0.0,0.0,0.0,0.0,0.0,0.0,0.0,0.0,0.0,0.0,0.0,1.0,1.0,1.0,0.0,0.0,1.0,0,0,0,1,1,1,malicious,1,PartOfAHorizontalPortScan,CTU-IoT-Malware-Capture-1-1,1,header,high
180,6,107.0,2.998824,3,0,1.00039215372426,0.0,0.0,180,180,0.0,3,0,0,0,3.0,0.0,1,1,107.0,0.0,0,1,0,0,0,0,0,1,1.0,0.0,0.0,0.0,0.0,0.0,0.0,0.0,0.0,0.0,0.0,0.0,0.0,0.0,0.0,0.0,2.998824,0.0,0.0,0.0,1.0,1.0,1.0,0.0,0.0,1.0,0,0,0,1,1,1,malicious,1,PartOfAHorizontalPortScan,CTU-IoT-Malware-Capture-1-1,1,header,high
60,6,38.0,0.0,1,0,0.0,0.0,0.0,60,60,0.0,1,0,0,0,1.0,0.0,1,1,38.0,0.0,0,1,0,0,0,0,0,1,1.0,0.0,0.0,0.0,0.0,0.0,0.0,0.0,0.0,0.0,0.0,0.0,0.0,0.0,0.0,0.0,0.0,0.0,0.0,0.0,1.0,1.0,1.0,0.0,0.0,1.0,0,0,0,1,1,1,malicious,1,PartOfAHorizontalPortScan,CTU-IoT-Malware-Capture-1-1,1,header,high
40,17,0.0,0.0,1,0,0.0,0.0,0.0,40,40,0.0,1,0,0,0,1.0,0.0,1,1,0.0,0.0,0,1,0,0,0,0,0,1,1.0,0.0,0.0,0.0,0.0,0.0,0.0,0.0,0.0,0.0,0.0,0.0,0.0,0.0,0.0,0.0,0.0,0.0,0.0,0.0,0.0,0.0,0.0,1.0,0.0,1.0,0,0,0,0,0,0,benign,0,-,CTU-IoT-Malware-Capture-1-1,0,none,none
60,6,117.0,0.0,1,0,0.0,0.0,0.0,60,60,0.0,1,0,0,0,1.0,0.0,1,1,117.0,0.0,0,1,0,0,0,0,0,1,1.0,0.0,0.0,0.0,0.0,0.0,0.0,0.0,0.0,0.0,0.0,0.0,0.0,0.0,0.0,0.0,0.0,0.0,0.0,0.0,1.0,1.0,1.0,0.0,0.0,1.0,0,0,0,1,1,1,malicious,1,PartOfAHorizontalPortScan,CTU-IoT-Malware-Capture-1-1,1,header,high
180,6,41.0,2.99907,3,0,1.0003100961298002,0.0,0.0,180,180,0.0,3,0,0,0,3.0,0.0,1,1,41.0,0.0,0,1,0,0,0,0,0,1,1.0,0.0,0.0,0.0,0.0,0.0,0.0,0.0,0.0,0.0,0.0,0.0,0.0,0.0,0.0,0.0,2.99907,0.0,0.0,0.0,1.0,1.0,1.0,0.0,0.0,1.0,0,0,0,1,1,1,malicious,1,PartOfAHorizontalPortScan,CTU-IoT-Malware-Capture-1-1,1,header,high
180,6,65.0,2.998806,3,0,1.0003981584670698,0.0,0.0,180,180,0.0,3,0,0,0,3.0,0.0,1,1,65.0,0.0,0,1,0,0,0,0,0,1,1.0,0.0,0.0,0.0,0.0,0.0,0.0,0.0,0.0,0.0,0.0,0.0,0.0,0.0,0.0,0.0,2.998806,0.0,0.0,0.0,1.0,1.0,1.0,0.0,0.0,1.0,0,0,0,1,1,1,malicious,1,PartOfAHorizontalPortScan,CTU-IoT-Malware-Capture-1-1,1,header,high
60,6,0.0,0.0,1,0,0.0,0.0,0.0,60,60,0.0,1,0,0,0,1.0,0.0,1,1,0.0,0.0,0,1,0,0,0,0,0,1,1.0,0.0,0.0,0.0,0.0,0.0,0.0,0.0,0.0,0.0,0.0,0.0,0.0,0.0,0.0,0.0,0.0,0.0,0.0,0.0,0.0,0.0,0.0,1.0,0.0,1.0,0,0,0,0,0,0,benign,0,-,CTU-IoT-Malware-Capture-1-1,0,none,none
40,17,0.0,0.0,1,0,0.0,0.0,0.0,40,40,0.0,1,0,0,0,1.0,0.0,1,1,0.0,0.0,0,1,0,0,0,0,0,1,1.0,0.0,0.0,0.0,0.0,0.0,0.0,0.0,0.0,0.0,0.0,0.0,0.0,0.0,0.0,0.0,0.0,0.0,0.0,0.0,0.0,0.0,0.0,1.0,0.0,1.0,0,0,0,0,0,0,benign,0,-,CTU-IoT-Malware-Capture-1-1,0,none,none
60,6,128.0,0.0,1,0,0.0,0.0,0.0,60,60,0.0,1,0,0,0,1.0,0.0,1,1,128.0,0.0,0,1,0,0,0,0,0,1,1.0,0.0,0.0,0.0,0.0,0.0,0.0,0.0,0.0,0.0,0.0,0.0,0.0,0.0,0.0,0.0,0.0,0.0,0.0,0.0,1.0,1.0,1.0,0.0,0.0,1.0,0,0,0,1,1,1,malicious,1,PartOfAHorizontalPortScan,CTU-IoT-Malware-Capture-1-1,1,header,high
40,17,0.0,0.0,1,0,0.0,0.0,0.0,40,40,0.0,1,0,0,0,1.0,0.0,1,1,0.0,0.0,0,1,0,0,0,0,0,1,1.0,0.0,0.0,0.0,0.0,0.0,0.0,0.0,0.0,0.0,0.0,0.0,0.0,0.0,0.0,0.0,0.0,0.0,0.0,0.0,0.0,0.0,0.0,1.0,0.0,1.0,0,0,0,0,0,0,benign,0,-,CTU-IoT-Malware-Capture-1-1,0,none,none
40,17,0.0,0.0,1,0,0.0,0.0,0.0,40,40,0.0,1,0,0,0,1.0,0.0,1,1,0.0,0.0,0,1,0,0,0,0,0,1,1.0,0.0,0.0,0.0,0.0,0.0,0.0,0.0,0.0,0.0,0.0,0.0,0.0,0.0,0.0,0.0,0.0,0.0,0.0,0.0,0.0,0.0,0.0,1.0,0.0,1.0,0,0,0,0,0,0,benign,0,-,CTU-IoT-Malware-Capture-1-1,0,none,none
60,6,41.0,0.0,1,0,0.0,0.0,0.0,60,60,0.0,1,0,0,0,1.0,0.0,1,1,41.0,0.0,0,1,0,0,0,0,0,1,1.0,0.0,0.0,0.0,0.0,0.0,0.0,0.0,0.0,0.0,0.0,0.0,0.0,0.0,0.0,0.0,0.0,0.0,0.0,0.0,1.0,1.0,1.0,0.0,0.0,1.0,0,0,0,1,1,1,malicious,1,PartOfAHorizontalPortScan,CTU-IoT-Malware-Capture-1-1,1,header,high
60,6,87.0,0.0,1,0,0.0,0.0,0.0,60,60,0.0,1,0,0,0,1.0,0.0,1,1,87.0,0.0,0,1,0,0,0,0,0,1,1.0,0.0,0.0,0.0,0.0,0.0,0.0,0.0,0.0,0.0,0.0,0.0,0.0,0.0,0.0,0.0,0.0,0.0,0.0,0.0,1.0,1.0,1.0,0.0,0.0,1.0,0,0,0,1,1,1,malicious,1,PartOfAHorizontalPortScan,CTU-IoT-Malware-Capture-1-1,1,header,high
60,6,93.0,0.0,1,0,0.0,0.0,0.0,60,60,0.0,1,0,0,0,1.0,0.0,1,1,93.0,0.0,0,1,0,0,0,0,0,1,1.0,0.0,0.0,0.0,0.0,0.0,0.0,0.0,0.0,0.0,0.0,0.0,0.0,0.0,0.0,0.0,0.0,0.0,0.0,0.0,1.0,1.0,1.0,0.0,0.0,1.0,0,0,0,1,1,1,malicious,1,PartOfAHorizontalPortScan,CTU-IoT-Malware-Capture-1-1,1,header,high
60,6,85.0,0.0,1,0,0.0,0.0,0.0,60,60,0.0,1,0,0,0,1.0,0.0,1,1,85.0,0.0,0,1,0,0,0,0,0,1,1.0,0.0,0.0,0.0,0.0,0.0,0.0,0.0,0.0,0.0,0.0,0.0,0.0,0.0,0.0,0.0,0.0,0.0,0.0,0.0,1.0,1.0,1.0,0.0,0.0,1.0,0,0,0,1,1,1,malicious,1,PartOfAHorizontalPortScan,CTU-IoT-Malware-Capture-1-1,1,header,high
40,17,0.0,0.0,1,0,0.0,0.0,0.0,40,40,0.0,1,0,0,0,1.0,0.0,1,1,0.0,0.0,0,1,0,0,0,0,0,1,1.0,0.0,0.0,0.0,0.0,0.0,0.0,0.0,0.0,0.0,0.0,0.0,0.0,0.0,0.0,0.0,0.0,0.0,0.0,0.0,0.0,0.0,0.0,1.0,0.0,1.0,0,0,0,0,0,0,benign,0,-,CTU-IoT-Malware-Capture-1-1,0,none,none
60,6,98.0,0.0,1,0,0.0,0.0,0.0,60,60,0.0,1,0,0,0,1.0,0.0,1,1,98.0,0.0,0,1,0,0,0,0,0,1,1.0,0.0,0.0,0.0,0.0,0.0,0.0,0.0,0.0,0.0,0.0,0.0,0.0,0.0,0.0,0.0,0.0,0.0,0.0,0.0,1.0,1.0,1.0,0.0,0.0,1.0,0,0,0,1,1,1,malicious,1,PartOfAHorizontalPortScan,CTU-IoT-Malware-Capture-1-1,1,header,high
40,17,0.0,0.0,1,0,0.0,0.0,0.0,40,40,0.0,1,0,0,0,1.0,0.0,1,1,0.0,0.0,0,1,0,0,0,0,0,1,1.0,0.0,0.0,0.0,0.0,0.0,0.0,0.0,0.0,0.0,0.0,0.0,0.0,0.0,0.0,0.0,0.0,0.0,0.0,0.0,0.0,0.0,0.0,1.0,0.0,1.0,0,0,0,0,0,0,benign,0,-,CTU-IoT-Malware-Capture-1-1,0,none,none
180,6,40.0,2.999319,3,0,1.0002270515406997,0.0,0.0,180,180,0.0,3,0,0,0,3.0,0.0,1,1,40.0,0.0,0,1,0,0,0,0,0,1,1.0,0.0,0.0,0.0,0.0,0.0,0.0,0.0,0.0,0.0,0.0,0.0,0.0,0.0,0.0,0.0,2.999319,0.0,0.0,0.0,1.0,1.0,1.0,0.0,0.0,1.0,0,0,0,1,1,1,malicious,1,PartOfAHorizontalPortScan,CTU-IoT-Malware-Capture-1-1,1,header,high
60,6,51.0,0.0,1,0,0.0,0.0,0.0,60,60,0.0,1,0,0,0,1.0,0.0,1,1,51.0,0.0,0,1,0,0,0,0,0,1,1.0,0.0,0.0,0.0,0.0,0.0,0.0,0.0,0.0,0.0,0.0,0.0,0.0,0.0,0.0,0.0,0.0,0.0,0.0,0.0,1.0,1.0,1.0,0.0,0.0,1.0,0,0,0,1,1,1,malicious,1,PartOfAHorizontalPortScan,CTU-IoT-Malware-Capture-1-1,1,header,high
60,6,62.0,0.0,1,0,0.0,0.0,0.0,60,60,0.0,1,0,0,0,1.0,0.0,1,1,62.0,0.0,0,1,0,0,0,0,0,1,1.0,0.0,0.0,0.0,0.0,0.0,0.0,0.0,0.0,0.0,0.0,0.0,0.0,0.0,0.0,0.0,0.0,0.0,0.0,0.0,1.0,1.0,1.0,0.0,0.0,1.0,0,0,0,1,1,1,malicious,1,PartOfAHorizontalPortScan,CTU-IoT-Malware-Capture-1-1,1,header,high
40,17,0.0,0.0,1,0,0.0,0.0,0.0,40,40,0.0,1,0,0,0,1.0,0.0,1,1,0.0,0.0,0,1,0,0,0,0,0,1,1.0,0.0,0.0,0.0,0.0,0.0,0.0,0.0,0.0,0.0,0.0,0.0,0.0,0.0,0.0,0.0,0.0,0.0,0.0,0.0,0.0,0.0,0.0,1.0,0.0,1.0,0,0,0,0,0,0,benign,0,-,CTU-IoT-Malware-Capture-1-1,0,none,none
60,6,82.0,0.0,1,0,0.0,0.0,0.0,60,60,0.0,1,0,0,0,1.0,0.0,1,1,82.0,0.0,0,1,0,0,0,0,0,1,1.0,0.0,0.0,0.0,0.0,0.0,0.0,0.0,0.0,0.0,0.0,0.0,0.0,0.0,0.0,0.0,0.0,0.0,0.0,0.0,1.0,1.0,1.0,0.0,0.0,1.0,0,0,0,1,1,1,malicious,1,PartOfAHorizontalPortScan,CTU-IoT-Malware-Capture-1-1,1,header,high
60,6,54.0,0.0,1,0,0.0,0.0,0.0,60,60,0.0,1,0,0,0,1.0,0.0,1,1,54.0,0.0,0,1,0,0,0,0,0,1,1.0,0.0,0.0,0.0,0.0,0.0,0.0,0.0,0.0,0.0,0.0,0.0,0.0,0.0,0.0,0.0,0.0,0.0,0.0,0.0,1.0,1.0,1.0,0.0,0.0,1.0,0,0,0,1,1,1,malicious,1,PartOfAHorizontalPortScan,CTU-IoT-Malware-Capture-1-1,1,header,high
40,17,0.0,0.0,1,0,0.0,0.0,0.0,40,40,0.0,1,0,0,0,1.0,0.0,1,1,0.0,0.0,0,1,0,0,0,0,0,1,1.0,0.0,0.0,0.0,0.0,0.0,0.0,0.0,0.0,0.0,0.0,0.0,0.0,0.0,0.0,0.0,0.0,0.0,0.0,0.0,0.0,0.0,0.0,1.0,0.0,1.0,0,0,0,0,0,0,benign,0,-,CTU-IoT-Malware-Capture-1-1,0,none,none
152,17,0.0,0.026718,2,96,74.85590238790328,3593.083314619358,48.0,152,152,0.0,1,1,48,48,1.0,1.0,1,1,0.0,0.0,0,1,0,1,0,0,0,2,0.5,0.0,0.5,0.0,0.0,0.0,0.0,0.0,0.0,0.0,0.0,0.0,0.0,0.0,0.0,0.0,0.026718,0.0,0.0,0.0,0.0,0.0,0.0,1.0,0.0,1.0,0,0,0,0,0,0,benign,0,-,CTU-IoT-Malware-Capture-1-1,0,none,none
40,17,0.0,0.0,1,0,0.0,0.0,0.0,40,40,0.0,1,0,0,0,1.0,0.0,1,1,0.0,0.0,0,1,0,0,0,0,0,1,1.0,0.0,0.0,0.0,0.0,0.0,0.0,0.0,0.0,0.0,0.0,0.0,0.0,0.0,0.0,0.0,0.0,0.0,0.0,0.0,0.0,0.0,0.0,1.0,0.0,1.0,0,0,0,0,0,0,benign,0,-,CTU-IoT-Malware-Capture-1-1,0,none,none
180,6,42.0,2.99882,3,0,1.0003934881053216,0.0,0.0,180,180,0.0,3,0,0,0,3.0,0.0,1,1,42.0,0.0,0,1,0,0,0,0,0,1,1.0,0.0,0.0,0.0,0.0,0.0,0.0,0.0,0.0,0.0,0.0,0.0,0.0,0.0,0.0,0.0,2.99882,0.0,0.0,0.0,1.0,1.0,1.0,0.0,0.0,1.0,0,0,0,1,1,1,malicious,1,PartOfAHorizontalPortScan,CTU-IoT-Malware-Capture-1-1,1,header,high
180,6,102.0,2.999056,3,0,1.0003147657129443,0.0,0.0,180,180,0.0,3,0,0,0,3.0,0.0,1,1,102.0,0.0,0,1,0,0,0,0,0,1,1.0,0.0,0.0,0.0,0.0,0.0,0.0,0.0,0.0,0.0,0.0,0.0,0.0,0.0,0.0,0.0,2.999056,0.0,0.0,0.0,1.0,1.0,1.0,0.0,0.0,1.0,0,0,0,1,1,1,malicious,1,PartOfAHorizontalPortScan,CTU-IoT-Malware-Capture-1-1,1,header,high
40,17,0.0,0.0,1,0,0.0,0.0,0.0,40,40,0.0,1,0,0,0,1.0,0.0,1,1,0.0,0.0,0,1,0,0,0,0,0,1,1.0,0.0,0.0,0.0,0.0,0.0,0.0,0.0,0.0,0.0,0.0,0.0,0.0,0.0,0.0,0.0,0.0,0.0,0.0,0.0,0.0,0.0,0.0,1.0,0.0,1.0,0,0,0,0,0,0,benign,0,-,CTU-IoT-Malware-Capture-1-1,0,none,none
40,17,0.0,0.0,1,0,0.0,0.0,0.0,40,40,0.0,1,0,0,0,1.0,0.0,1,1,0.0,0.0,0,1,0,0,0,0,0,1,1.0,0.0,0.0,0.0,0.0,0.0,0.0,0.0,0.0,0.0,0.0,0.0,0.0,0.0,0.0,0.0,0.0,0.0,0.0,0.0,0.0,0.0,0.0,1.0,0.0,1.0,0,0,0,0,0,0,benign,0,-,CTU-IoT-Malware-Capture-1-1,0,none,none
40,17,0.0,0.0,1,0,0.0,0.0,0.0,40,40,0.0,1,0,0,0,1.0,0.0,1,1,0.0,0.0,0,1,0,0,0,0,0,1,1.0,0.0,0.0,0.0,0.0,0.0,0.0,0.0,0.0,0.0,0.0,0.0,0.0,0.0,0.0,0.0,0.0,0.0,0.0,0.0,0.0,0.0,0.0,1.0,0.0,1.0,0,0,0,0,0,0,benign,0,-,CTU-IoT-Malware-Capture-1-1,0,none,none
180,6,42.0,2.998826,3,0,1.000391486535064,0.0,0.0,180,180,0.0,3,0,0,0,3.0,0.0,1,1,42.0,0.0,0,1,0,0,0,0,0,1,1.0,0.0,0.0,0.0,0.0,0.0,0.0,0.0,0.0,0.0,0.0,0.0,0.0,0.0,0.0,0.0,2.998826,0.0,0.0,0.0,1.0,1.0,1.0,0.0,0.0,1.0,0,0,0,1,1,1,malicious,1,PartOfAHorizontalPortScan,CTU-IoT-Malware-Capture-1-1,1,header,high
60,6,52.0,0.0,1,0,0.0,0.0,0.0,60,60,0.0,1,0,0,0,1.0,0.0,1,1,52.0,0.0,0,1,0,0,0,0,0,1,1.0,0.0,0.0,0.0,0.0,0.0,0.0,0.0,0.0,0.0,0.0,0.0,0.0,0.0,0.0,0.0,0.0,0.0,0.0,0.0,1.0,1.0,1.0,0.0,0.0,1.0,0,0,0,1,1,1,malicious,1,PartOfAHorizontalPortScan,CTU-IoT-Malware-Capture-1-1,1,header,high
68,1,0.0,0.0,1,0,0.0,0.0,0.0,68,68,0.0,1,0,0,0,1.0,0.0,1,1,0.0,0.0,0,0,0,0,0,0,0,0,0.0,0.0,0.0,0.0,0.0,0.0,0.0,0.0,0.0,0.0,0.0,0.0,0.0,0.0,0.0,0.0,0.0,0.0,0.0,0.0,0.0,0.0,0.0,1.0,0.0,1.0,0,0,0,0,0,0,benign,0,-,CTU-IoT-Malware-Capture-1-1,0,none,none
40,17,0.0,0.0,1,0,0.0,0.0,0.0,40,40,0.0,1,0,0,0,1.0,0.0,1,1,0.0,0.0,0,1,0,0,0,0,0,1,1.0,0.0,0.0,0.0,0.0,0.0,0.0,0.0,0.0,0.0,0.0,0.0,0.0,0.0,0.0,0.0,0.0,0.0,0.0,0.0,0.0,0.0,0.0,1.0,0.0,1.0,0,0,0,0,0,0,benign,0,-,CTU-IoT-Malware-Capture-1-1,0,none,none
60,6,121.0,0.0,1,0,0.0,0.0,0.0,60,60,0.0,1,0,0,0,1.0,0.0,1,1,121.0,0.0,0,1,0,0,0,0,0,1,1.0,0.0,0.0,0.0,0.0,0.0,0.0,0.0,0.0,0.0,0.0,0.0,0.0,0.0,0.0,0.0,0.0,0.0,0.0,0.0,1.0,1.0,1.0,0.0,0.0,1.0,0,0,0,1,1,1,malicious,1,PartOfAHorizontalPortScan,CTU-IoT-Malware-Capture-1-1,1,header,high
60,6,69.0,0.0,1,0,0.0,0.0,0.0,60,60,0.0,1,0,0,0,1.0,0.0,1,1,69.0,0.0,0,1,0,0,0,0,0,1,1.0,0.0,0.0,0.0,0.0,0.0,0.0,0.0,0.0,0.0,0.0,0.0,0.0,0.0,0.0,0.0,0.0,0.0,0.0,0.0,1.0,1.0,1.0,0.0,0.0,1.0,0,0,0,1,1,1,malicious,1,PartOfAHorizontalPortScan,CTU-IoT-Malware-Capture-1-1,1,header,high
40,17,0.0,0.0,1,0,0.0,0.0,0.0,40,40,0.0,1,0,0,0,1.0,0.0,1,1,0.0,0.0,0,1,0,0,0,0,0,1,1.0,0.0,0.0,0.0,0.0,0.0,0.0,0.0,0.0,0.0,0.0,0.0,0.0,0.0,0.0,0.0,0.0,0.0,0.0,0.0,0.0,0.0,0.0,1.0,0.0,1.0,0,0,0,0,0,0,benign,0,-,CTU-IoT-Malware-Capture-1-1,0,none,none
40,17,0.0,0.0,1,0,0.0,0.0,0.0,40,40,0.0,1,0,0,0,1.0,0.0,1,1,0.0,0.0,0,1,0,0,0,0,0,1,1.0,0.0,0.0,0.0,0.0,0.0,0.0,0.0,0.0,0.0,0.0,0.0,0.0,0.0,0.0,0.0,0.0,0.0,0.0,0.0,0.0,0.0,0.0,1.0,0.0,1.0,0,0,0,0,0,0,benign,0,-,CTU-IoT-Malware-Capture-1-1,0,none,none
60,6,121.0,0.0,1,0,0.0,0.0,0.0,60,60,0.0,1,0,0,0,1.0,0.0,1,1,121.0,0.0,0,1,0,0,0,0,0,1,1.0,0.0,0.0,0.0,0.0,0.0,0.0,0.0,0.0,0.0,0.0,0.0,0.0,0.0,0.0,0.0,0.0,0.0,0.0,0.0,1.0,1.0,1.0,0.0,0.0,1.0,0,0,0,1,1,1,malicious,1,PartOfAHorizontalPortScan,CTU-IoT-Malware-Capture-1-1,1,header,high
60,6,91.0,0.0,1,0,0.0,0.0,0.0,60,60,0.0,1,0,0,0,1.0,0.0,1,1,91.0,0.0,0,1,0,0,0,0,0,1,1.0,0.0,0.0,0.0,0.0,0.0,0.0,0.0,0.0,0.0,0.0,0.0,0.0,0.0,0.0,0.0,0.0,0.0,0.0,0.0,1.0,1.0,1.0,0.0,0.0,1.0,0,0,0,1,1,1,malicious,1,PartOfAHorizontalPortScan,CTU-IoT-Malware-Capture-1-1,1,header,high
40,17,0.0,0.0,1,0,0.0,0.0,0.0,40,40,0.0,1,0,0,0,1.0,0.0,1,1,0.0,0.0,0,1,0,0,0,0,0,1,1.0,0.0,0.0,0.0,0.0,0.0,0.0,0.0,0.0,0.0,0.0,0.0,0.0,0.0,0.0,0.0,0.0,0.0,0.0,0.0,0.0,0.0,0.0,1.0,0.0,1.0,0,0,0,0,0,0,benign,0,-,CTU-IoT-Malware-Capture-1-1,0,none,none
60,6,91.0,0.0,1,0,0.0,0.0,0.0,60,60,0.0,1,0,0,0,1.0,0.0,1,1,91.0,0.0,0,1,0,0,0,0,0,1,1.0,0.0,0.0,0.0,0.0,0.0,0.0,0.0,0.0,0.0,0.0,0.0,0.0,0.0,0.0,0.0,0.0,0.0,0.0,0.0,1.0,1.0,1.0,0.0,0.0,1.0,0,0,0,1,1,1,malicious,1,PartOfAHorizontalPortScan,CTU-IoT-Malware-Capture-1-1,1,header,high
180,6,93.0,2.998829,3,0,1.0003904857529389,0.0,0.0,180,180,0.0,3,0,0,0,3.0,0.0,1,1,93.0,0.0,0,1,0,0,0,0,0,1,1.0,0.0,0.0,0.0,0.0,0.0,0.0,0.0,0.0,0.0,0.0,0.0,0.0,0.0,0.0,0.0,2.998829,0.0,0.0,0.0,1.0,1.0,1.0,0.0,0.0,1.0,0,0,0,1,1,1,malicious,1,PartOfAHorizontalPortScan,CTU-IoT-Malware-Capture-1-1,1,header,high
180,6,38.0,2.99907,3,0,1.0003100961298002,0.0,0.0,180,180,0.0,3,0,0,0,3.0,0.0,1,1,38.0,0.0,0,1,0,0,0,0,0,1,1.0,0.0,0.0,0.0,0.0,0.0,0.0,0.0,0.0,0.0,0.0,0.0,0.0,0.0,0.0,0.0,2.99907,0.0,0.0,0.0,1.0,1.0,1.0,0.0,0.0,1.0,0,0,0,1,1,1,malicious,1,PartOfAHorizontalPortScan,CTU-IoT-Malware-Capture-1-1,1,header,high
60,6,100.0,0.0,1,0,0.0,0.0,0.0,60,60,0.0,1,0,0,0,1.0,0.0,1,1,100.0,0.0,0,1,0,0,0,0,0,1,1.0,0.0,0.0,0.0,0.0,0.0,0.0,0.0,0.0,0.0,0.0,0.0,0.0,0.0,0.0,0.0,0.0,0.0,0.0,0.0,1.0,1.0,1.0,0.0,0.0,1.0,0,0,0,1,1,1,malicious,1,PartOfAHorizontalPortScan,CTU-IoT-Malware-Capture-1-1,1,header,high
40,17,0.0,0.0,1,0,0.0,0.0,0.0,40,40,0.0,1,0,0,0,1.0,0.0,1,1,0.0,0.0,0,1,0,0,0,0,0,1,1.0,0.0,0.0,0.0,0.0,0.0,0.0,0.0,0.0,0.0,0.0,0.0,0.0,0.0,0.0,0.0,0.0,0.0,0.0,0.0,0.0,0.0,0.0,1.0,0.0,1.0,0,0,0,0,0,0,benign,0,-,CTU-IoT-Malware-Capture-1-1,0,none,none
180,6,102.0,2.999068,3,0,1.0003107632104373,0.0,0.0,180,180,0.0,3,0,0,0,3.0,0.0,1,1,102.0,0.0,0,1,0,0,0,0,0,1,1.0,0.0,0.0,0.0,0.0,0.0,0.0,0.0,0.0,0.0,0.0,0.0,0.0,0.0,0.0,0.0,2.999068,0.0,0.0,0.0,1.0,1.0,1.0,0.0,0.0,1.0,0,0,0,1,1,1,malicious,1,PartOfAHorizontalPortScan,CTU-IoT-Malware-Capture-1-1,1,header,high
60,6,111.0,0.0,1,0,0.0,0.0,0.0,60,60,0.0,1,0,0,0,1.0,0.0,1,1,111.0,0.0,0,1,0,0,0,0,0,1,1.0,0.0,0.0,0.0,0.0,0.0,0.0,0.0,0.0,0.0,0.0,0.0,0.0,0.0,0.0,0.0,0.0,0.0,0.0,0.0,1.0,1.0,1.0,0.0,0.0,1.0,0,0,0,1,1,1,malicious,1,PartOfAHorizontalPortScan,CTU-IoT-Malware-Capture-1-1,1,header,high
60,6,0.0,0.0,1,0,0.0,0.0,0.0,60,60,0.0,1,0,0,0,1.0,0.0,1,1,0.0,0.0,0,1,0,0,0,0,0,1,1.0,0.0,0.0,0.0,0.0,0.0,0.0,0.0,0.0,0.0,0.0,0.0,0.0,0.0,0.0,0.0,0.0,0.0,0.0,0.0,0.0,0.0,0.0,1.0,0.0,1.0,0,0,0,0,0,0,benign,0,-,CTU-IoT-Malware-Capture-1-1,0,none,none
40,17,0.0,0.0,1,0,0.0,0.0,0.0,40,40,0.0,1,0,0,0,1.0,0.0,1,1,0.0,0.0,0,1,0,0,0,0,0,1,1.0,0.0,0.0,0.0,0.0,0.0,0.0,0.0,0.0,0.0,0.0,0.0,0.0,0.0,0.0,0.0,0.0,0.0,0.0,0.0,0.0,0.0,0.0,1.0,0.0,1.0,0,0,0,0,0,0,benign,0,-,CTU-IoT-Malware-Capture-1-1,0,none,none
40,17,0.0,0.0,1,0,0.0,0.0,0.0,40,40,0.0,1,0,0,0,1.0,0.0,1,1,0.0,0.0,0,1,0,0,0,0,0,1,1.0,0.0,0.0,0.0,0.0,0.0,0.0,0.0,0.0,0.0,0.0,0.0,0.0,0.0,0.0,0.0,0.0,0.0,0.0,0.0,0.0,0.0,0.0,1.0,0.0,1.0,0,0,0,0,0,0,benign,0,-,CTU-IoT-Malware-Capture-1-1,0,none,none
180,6,118.0,2.999065,3,0,1.0003117638330614,0.0,0.0,180,180,0.0,3,0,0,0,3.0,0.0,1,1,118.0,0.0,0,1,0,0,0,0,0,1,1.0,0.0,0.0,0.0,0.0,0.0,0.0,0.0,0.0,0.0,0.0,0.0,0.0,0.0,0.0,0.0,2.999065,0.0,0.0,0.0,1.0,1.0,1.0,0.0,0.0,1.0,0,0,0,1,1,1,malicious,1,PartOfAHorizontalPortScan,CTU-IoT-Malware-Capture-1-1,1,header,high
40,17,0.0,0.0,1,0,0.0,0.0,0.0,40,40,0.0,1,0,0,0,1.0,0.0,1,1,0.0,0.0,0,1,0,0,0,0,0,1,1.0,0.0,0.0,0.0,0.0,0.0,0.0,0.0,0.0,0.0,0.0,0.0,0.0,0.0,0.0,0.0,0.0,0.0,0.0,0.0,0.0,0.0,0.0,1.0,0.0,1.0,0,0,0,0,0,0,benign,0,-,CTU-IoT-Malware-Capture-1-1,0,none,none
60,6,40.0,0.0,1,0,0.0,0.0,0.0,60,60,0.0,1,0,0,0,1.0,0.0,1,1,40.0,0.0,0,1,0,0,0,0,0,1,1.0,0.0,0.0,0.0,0.0,0.0,0.0,0.0,0.0,0.0,0.0,0.0,0.0,0.0,0.0,0.0,0.0,0.0,0.0,0.0,1.0,1.0,1.0,0.0,0.0,1.0,0,0,0,1,1,1,malicious,1,PartOfAHorizontalPortScan,CTU-IoT-Malware-Capture-1-1,1,header,high
40,17,0.0,0.0,1,0,0.0,0.0,0.0,40,40,0.0,1,0,0,0,1.0,0.0,1,1,0.0,0.0,0,1,0,0,0,0,0,1,1.0,0.0,0.0,0.0,0.0,0.0,0.0,0.0,0.0,0.0,0.0,0.0,0.0,0.0,0.0,0.0,0.0,0.0,0.0,0.0,0.0,0.0,0.0,1.0,0.0,1.0,0,0,0,0,0,0,benign,0,-,CTU-IoT-Malware-Capture-1-1,0,none,none
40,17,0.0,0.0,1,0,0.0,0.0,0.0,40,40,0.0,1,0,0,0,1.0,0.0,1,1,0.0,0.0,0,1,0,0,0,0,0,1,1.0,0.0,0.0,0.0,0.0,0.0,0.0,0.0,0.0,0.0,0.0,0.0,0.0,0.0,0.0,0.0,0.0,0.0,0.0,0.0,0.0,0.0,0.0,1.0,0.0,1.0,0,0,0,0,0,0,benign,0,-,CTU-IoT-Malware-Capture-1-1,0,none,none
40,17,0.0,0.0,1,0,0.0,0.0,0.0,40,40,0.0,1,0,0,0,1.0,0.0,1,1,0.0,0.0,0,1,0,0,0,0,0,1,1.0,0.0,0.0,0.0,0.0,0.0,0.0,0.0,0.0,0.0,0.0,0.0,0.0,0.0,0.0,0.0,0.0,0.0,0.0,0.0,0.0,0.0,0.0,1.0,0.0,1.0,0,0,0,0,0,0,benign,0,-,CTU-IoT-Malware-Capture-1-1,0,none,none
40,17,0.0,0.0,1,0,0.0,0.0,0.0,40,40,0.0,1,0,0,0,1.0,0.0,1,1,0.0,0.0,0,1,0,0,0,0,0,1,1.0,0.0,0.0,0.0,0.0,0.0,0.0,0.0,0.0,0.0,0.0,0.0,0.0,0.0,0.0,0.0,0.0,0.0,0.0,0.0,0.0,0.0,0.0,1.0,0.0,1.0,0,0,0,0,0,0,benign,0,-,CTU-IoT-Malware-Capture-1-1,0,none,none
180,6,121.0,2.998579,3,0,1.0004738911331001,0.0,0.0,180,180,0.0,3,0,0,0,3.0,0.0,1,1,121.0,0.0,0,1,0,0,0,0,0,1,1.0,0.0,0.0,0.0,0.0,0.0,0.0,0.0,0.0,0.0,0.0,0.0,0.0,0.0,0.0,0.0,2.998579,0.0,0.0,0.0,1.0,1.0,1.0,0.0,0.0,1.0,0,0,0,1,1,1,malicious,1,PartOfAHorizontalPortScan,CTU-IoT-Malware-Capture-1-1,1,header,high
40,17,0.0,0.0,1,0,0.0,0.0,0.0,40,40,0.0,1,0,0,0,1.0,0.0,1,1,0.0,0.0,0,1,0,0,0,0,0,1,1.0,0.0,0.0,0.0,0.0,0.0,0.0,0.0,0.0,0.0,0.0,0.0,0.0,0.0,0.0,0.0,0.0,0.0,0.0,0.0,0.0,0.0,0.0,1.0,0.0,1.0,0,0,0,0,0,0,benign,0,-,CTU-IoT-Malware-Capture-1-1,0,none,none
60,6,112.0,0.0,1,0,0.0,0.0,0.0,60,60,0.0,1,0,0,0,1.0,0.0,1,1,112.0,0.0,0,1,0,0,0,0,0,1,1.0,0.0,0.0,0.0,0.0,0.0,0.0,0.0,0.0,0.0,0.0,0.0,0.0,0.0,0.0,0.0,0.0,0.0,0.0,0.0,1.0,1.0,1.0,0.0,0.0,1.0,0,0,0,1,1,1,malicious,1,PartOfAHorizontalPortScan,CTU-IoT-Malware-Capture-1-1,1,header,high
152,17,0.0,0.014731,2,96,135.76810807141402,6516.869187427874,48.0,152,152,0.0,1,1,48,48,1.0,1.0,1,1,0.0,0.0,0,1,0,1,0,0,0,2,0.5,0.0,0.5,0.0,0.0,0.0,0.0,0.0,0.0,0.0,0.0,0.0,0.0,0.0,0.0,0.0,0.014731,0.0,0.0,0.0,0.0,0.0,0.0,1.0,0.0,1.0,0,0,0,0,0,0,benign,0,-,CTU-IoT-Malware-Capture-1-1,0,none,none
60,6,92.0,0.0,1,0,0.0,0.0,0.0,60,60,0.0,1,0,0,0,1.0,0.0,1,1,92.0,0.0,0,1,0,0,0,0,0,1,1.0,0.0,0.0,0.0,0.0,0.0,0.0,0.0,0.0,0.0,0.0,0.0,0.0,0.0,0.0,0.0,0.0,0.0,0.0,0.0,1.0,1.0,1.0,0.0,0.0,1.0,0,0,0,1,1,1,malicious,1,PartOfAHorizontalPortScan,CTU-IoT-Malware-Capture-1-1,1,header,high
60,6,48.0,0.0,1,0,0.0,0.0,0.0,60,60,0.0,1,0,0,0,1.0,0.0,1,1,48.0,0.0,0,1,0,0,0,0,0,1,1.0,0.0,0.0,0.0,0.0,0.0,0.0,0.0,0.0,0.0,0.0,0.0,0.0,0.0,0.0,0.0,0.0,0.0,0.0,0.0,1.0,1.0,1.0,0.0,0.0,1.0,0,0,0,1,1,1,malicious,1,PartOfAHorizontalPortScan,CTU-IoT-Malware-Capture-1-1,1,header,high
40,17,0.0,0.0,1,0,0.0,0.0,0.0,40,40,0.0,1,0,0,0,1.0,0.0,1,1,0.0,0.0,0,1,0,0,0,0,0,1,1.0,0.0,0.0,0.0,0.0,0.0,0.0,0.0,0.0,0.0,0.0,0.0,0.0,0.0,0.0,0.0,0.0,0.0,0.0,0.0,0.0,0.0,0.0,1.0,0.0,1.0,0,0,0,0,0,0,benign,0,-,CTU-IoT-Malware-Capture-1-1,0,none,none
180,6,72.0,2.99906,3,0,1.0003134315418831,0.0,0.0,180,180,0.0,3,0,0,0,3.0,0.0,1,1,72.0,0.0,0,1,0,0,0,0,0,1,1.0,0.0,0.0,0.0,0.0,0.0,0.0,0.0,0.0,0.0,0.0,0.0,0.0,0.0,0.0,0.0,2.99906,0.0,0.0,0.0,1.0,1.0,1.0,0.0,0.0,1.0,0,0,0,1,1,1,malicious,1,PartOfAHorizontalPortScan,CTU-IoT-Malware-Capture-1-1,1,header,high
40,17,0.0,0.0,1,0,0.0,0.0,0.0,40,40,0.0,1,0,0,0,1.0,0.0,1,1,0.0,0.0,0,1,0,0,0,0,0,1,1.0,0.0,0.0,0.0,0.0,0.0,0.0,0.0,0.0,0.0,0.0,0.0,0.0,0.0,0.0,0.0,0.0,0.0,0.0,0.0,0.0,0.0,0.0,1.0,0.0,1.0,0,0,0,0,0,0,benign,0,-,CTU-IoT-Malware-Capture-1-1,0,none,none
40,17,0.0,0.0,1,0,0.0,0.0,0.0,40,40,0.0,1,0,0,0,1.0,0.0,1,1,0.0,0.0,0,1,0,0,0,0,0,1,1.0,0.0,0.0,0.0,0.0,0.0,0.0,0.0,0.0,0.0,0.0,0.0,0.0,0.0,0.0,0.0,0.0,0.0,0.0,0.0,0.0,0.0,0.0,1.0,0.0,1.0,0,0,0,0,0,0,benign,0,-,CTU-IoT-Malware-Capture-1-1,0,none,none
40,17,0.0,0.0,1,0,0.0,0.0,0.0,40,40,0.0,1,0,0,0,1.0,0.0,1,1,0.0,0.0,0,1,0,0,0,0,0,1,1.0,0.0,0.0,0.0,0.0,0.0,0.0,0.0,0.0,0.0,0.0,0.0,0.0,0.0,0.0,0.0,0.0,0.0,0.0,0.0,0.0,0.0,0.0,1.0,0.0,1.0,0,0,0,0,0,0,benign,0,-,CTU-IoT-Malware-Capture-1-1,0,none,none
60,6,79.0,0.0,1,0,0.0,0.0,0.0,60,60,0.0,1,0,0,0,1.0,0.0,1,1,79.0,0.0,0,1,0,0,0,0,0,1,1.0,0.0,0.0,0.0,0.0,0.0,0.0,0.0,0.0,0.0,0.0,0.0,0.0,0.0,0.0,0.0,0.0,0.0,0.0,0.0,1.0,1.0,1.0,0.0,0.0,1.0,0,0,0,1,1,1,malicious,1,PartOfAHorizontalPortScan,CTU-IoT-Malware-Capture-1-1,1,header,high
56,1,0.0,0.0,1,0,0.0,0.0,0.0,56,56,0.0,1,0,0,0,1.0,0.0,1,1,0.0,0.0,0,0,0,0,0,0,0,0,0.0,0.0,0.0,0.0,0.0,0.0,0.0,0.0,0.0,0.0,0.0,0.0,0.0,0.0,0.0,0.0,0.0,0.0,0.0,0.0,0.0,0.0,0.0,1.0,0.0,1.0,0,0,0,0,0,0,benign,0,-,CTU-IoT-Malware-Capture-1-1,0,none,none
180,6,50.0,2.999069,3,0,1.0003104296700076,0.0,0.0,180,180,0.0,3,0,0,0,3.0,0.0,1,1,50.0,0.0,0,1,0,0,0,0,0,1,1.0,0.0,0.0,0.0,0.0,0.0,0.0,0.0,0.0,0.0,0.0,0.0,0.0,0.0,0.0,0.0,2.999069,0.0,0.0,0.0,1.0,1.0,1.0,0.0,0.0,1.0,0,0,0,1,1,1,malicious,1,PartOfAHorizontalPortScan,CTU-IoT-Malware-Capture-1-1,1,header,high
60,6,48.0,0.0,1,0,0.0,0.0,0.0,60,60,0.0,1,0,0,0,1.0,0.0,1,1,48.0,0.0,0,1,0,0,0,0,0,1,1.0,0.0,0.0,0.0,0.0,0.0,0.0,0.0,0.0,0.0,0.0,0.0,0.0,0.0,0.0,0.0,0.0,0.0,0.0,0.0,1.0,1.0,1.0,0.0,0.0,1.0,0,0,0,1,1,1,malicious,1,PartOfAHorizontalPortScan,CTU-IoT-Malware-Capture-1-1,1,header,high
180,6,0.0,2.994058,3,0,1.0019845974927675,0.0,0.0,180,180,0.0,3,0,0,0,3.0,0.0,1,1,0.0,0.0,0,1,0,0,0,0,0,1,1.0,0.0,0.0,0.0,0.0,0.0,0.0,0.0,0.0,0.0,0.0,0.0,0.0,0.0,0.0,0.0,2.994058,0.0,0.0,0.0,0.0,0.0,0.0,1.0,0.0,1.0,0,0,0,0,0,0,benign,0,-,CTU-IoT-Malware-Capture-1-1,0,none,none
40,17,0.0,0.0,1,0,0.0,0.0,0.0,40,40,0.0,1,0,0,0,1.0,0.0,1,1,0.0,0.0,0,1,0,0,0,0,0,1,1.0,0.0,0.0,0.0,0.0,0.0,0.0,0.0,0.0,0.0,0.0,0.0,0.0,0.0,0.0,0.0,0.0,0.0,0.0,0.0,0.0,0.0,0.0,1.0,0.0,1.0,0,0,0,0,0,0,benign,0,-,CTU-IoT-Malware-Capture-1-1,0,none,none
60,6,110.0,0.0,1,0,0.0,0.0,0.0,60,60,0.0,1,0,0,0,1.0,0.0,1,1,110.0,0.0,0,1,0,0,0,0,0,1,1.0,0.0,0.0,0.0,0.0,0.0,0.0,0.0,0.0,0.0,0.0,0.0,0.0,0.0,0.0,0.0,0.0,0.0,0.0,0.0,1.0,1.0,1.0,0.0,0.0,1.0,0,0,0,1,1,1,malicious,1,PartOfAHorizontalPortScan,CTU-IoT-Malware-Capture-1-1,1,header,high
40,17,0.0,0.0,1,0,0.0,0.0,0.0,40,40,0.0,1,0,0,0,1.0,0.0,1,1,0.0,0.0,0,1,0,0,0,0,0,1,1.0,0.0,0.0,0.0,0.0,0.0,0.0,0.0,0.0,0.0,0.0,0.0,0.0,0.0,0.0,0.0,0.0,0.0,0.0,0.0,0.0,0.0,0.0,1.0,0.0,1.0,0,0,0,0,0,0,benign,0,-,CTU-IoT-Malware-Capture-1-1,0,none,none
60,6,127.0,0.0,1,0,0.0,0.0,0.0,60,60,0.0,1,0,0,0,1.0,0.0,1,1,127.0,0.0,0,1,0,0,0,0,0,1,1.0,0.0,0.0,0.0,0.0,0.0,0.0,0.0,0.0,0.0,0.0,0.0,0.0,0.0,0.0,0.0,0.0,0.0,0.0,0.0,1.0,1.0,1.0,0.0,0.0,1.0,0,0,0,1,1,1,malicious,1,PartOfAHorizontalPortScan,CTU-IoT-Malware-Capture-1-1,1,header,high
60,6,114.0,0.0,1,0,0.0,0.0,0.0,60,60,0.0,1,0,0,0,1.0,0.0,1,1,114.0,0.0,0,1,0,0,0,0,0,1,1.0,0.0,0.0,0.0,0.0,0.0,0.0,0.0,0.0,0.0,0.0,0.0,0.0,0.0,0.0,0.0,0.0,0.0,0.0,0.0,1.0,1.0,1.0,0.0,0.0,1.0,0,0,0,1,1,1,malicious,1,PartOfAHorizontalPortScan,CTU-IoT-Malware-Capture-1-1,1,header,high
180,6,106.0,2.999309,3,0,1.0002303863990007,0.0,0.0,180,180,0.0,3,0,0,0,3.0,0.0,1,1,106.0,0.0,0,1,0,0,0,0,0,1,1.0,0.0,0.0,0.0,0.0,0.0,0.0,0.0,0.0,0.0,0.0,0.0,0.0,0.0,0.0,0.0,2.999309,0.0,0.0,0.0,1.0,1.0,1.0,0.0,0.0,1.0,0,0,0,1,1,1,malicious,1,PartOfAHorizontalPortScan,CTU-IoT-Malware-Capture-1-1,1,header,high
60,6,37.0,0.0,1,0,0.0,0.0,0.0,60,60,0.0,1,0,0,0,1.0,0.0,1,1,37.0,0.0,0,1,0,0,0,0,0,1,1.0,0.0,0.0,0.0,0.0,0.0,0.0,0.0,0.0,0.0,0.0,0.0,0.0,0.0,0.0,0.0,0.0,0.0,0.0,0.0,1.0,1.0,1.0,0.0,0.0,1.0,0,0,0,1,1,1,malicious,1,PartOfAHorizontalPortScan,CTU-IoT-Malware-Capture-1-1,1,header,high
56,1,0.0,0.0,1,0,0.0,0.0,0.0,56,56,0.0,1,0,0,0,1.0,0.0,1,1,0.0,0.0,0,0,0,0,0,0,0,0,0.0,0.0,0.0,0.0,0.0,0.0,0.0,0.0,0.0,0.0,0.0,0.0,0.0,0.0,0.0,0.0,0.0,0.0,0.0,0.0,0.0,0.0,0.0,1.0,0.0,1.0,0,0,0,0,0,0,benign,0,-,CTU-IoT-Malware-Capture-1-1,0,none,none
40,17,0.0,0.0,1,0,0.0,0.0,0.0,40,40,0.0,1,0,0,0,1.0,0.0,1,1,0.0,0.0,0,1,0,0,0,0,0,1,1.0,0.0,0.0,0.0,0.0,0.0,0.0,0.0,0.0,0.0,0.0,0.0,0.0,0.0,0.0,0.0,0.0,0.0,0.0,0.0,0.0,0.0,0.0,1.0,0.0,1.0,0,0,0,0,0,0,benign,0,-,CTU-IoT-Malware-Capture-1-1,0,none,none
180,6,42.0,2.999057,3,0,1.0003144321698454,0.0,0.0,180,180,0.0,3,0,0,0,3.0,0.0,1,1,42.0,0.0,0,1,0,0,0,0,0,1,1.0,0.0,0.0,0.0,0.0,0.0,0.0,0.0,0.0,0.0,0.0,0.0,0.0,0.0,0.0,0.0,2.999057,0.0,0.0,0.0,1.0,1.0,1.0,0.0,0.0,1.0,0,0,0,1,1,1,malicious,1,PartOfAHorizontalPortScan,CTU-IoT-Malware-Capture-1-1,1,header,high
56,1,0.0,0.0,1,0,0.0,0.0,0.0,56,56,0.0,1,0,0,0,1.0,0.0,1,1,0.0,0.0,0,0,0,0,0,0,0,0,0.0,0.0,0.0,0.0,0.0,0.0,0.0,0.0,0.0,0.0,0.0,0.0,0.0,0.0,0.0,0.0,0.0,0.0,0.0,0.0,0.0,0.0,0.0,1.0,0.0,1.0,0,0,0,0,0,0,benign,0,-,CTU-IoT-Malware-Capture-1-1,0,none,none
40,17,0.0,0.0,1,0,0.0,0.0,0.0,40,40,0.0,1,0,0,0,1.0,0.0,1,1,0.0,0.0,0,1,0,0,0,0,0,1,1.0,0.0,0.0,0.0,0.0,0.0,0.0,0.0,0.0,0.0,0.0,0.0,0.0,0.0,0.0,0.0,0.0,0.0,0.0,0.0,0.0,0.0,0.0,1.0,0.0,1.0,0,0,0,0,0,0,benign,0,-,CTU-IoT-Malware-Capture-1-1,0,none,none
40,17,0.0,0.0,1,0,0.0,0.0,0.0,40,40,0.0,1,0,0,0,1.0,0.0,1,1,0.0,0.0,0,1,0,0,0,0,0,1,1.0,0.0,0.0,0.0,0.0,0.0,0.0,0.0,0.0,0.0,0.0,0.0,0.0,0.0,0.0,0.0,0.0,0.0,0.0,0.0,0.0,0.0,0.0,1.0,0.0,1.0,0,0,0,0,0,0,benign,0,-,CTU-IoT-Malware-Capture-1-1,0,none,none
60,6,59.0,0.0,1,0,0.0,0.0,0.0,60,60,0.0,1,0,0,0,1.0,0.0,1,1,59.0,0.0,0,1,0,0,0,0,0,1,1.0,0.0,0.0,0.0,0.0,0.0,0.0,0.0,0.0,0.0,0.0,0.0,0.0,0.0,0.0,0.0,0.0,0.0,0.0,0.0,1.0,1.0,1.0,0.0,0.0,1.0,0,0,0,1,1,1,malicious,1,PartOfAHorizontalPortScan,CTU-IoT-Malware-Capture-1-1,1,header,high
40,17,0.0,0.0,1,0,0.0,0.0,0.0,40,40,0.0,1,0,0,0,1.0,0.0,1,1,0.0,0.0,0,1,0,0,0,0,0,1,1.0,0.0,0.0,0.0,0.0,0.0,0.0,0.0,0.0,0.0,0.0,0.0,0.0,0.0,0.0,0.0,0.0,0.0,0.0,0.0,0.0,0.0,0.0,1.0,0.0,1.0,0,0,0,0,0,0,benign,0,-,CTU-IoT-Malware-Capture-1-1,0,none,none
40,17,0.0,0.0,1,0,0.0,0.0,0.0,40,40,0.0,1,0,0,0,1.0,0.0,1,1,0.0,0.0,0,1,0,0,0,0,0,1,1.0,0.0,0.0,0.0,0.0,0.0,0.0,0.0,0.0,0.0,0.0,0.0,0.0,0.0,0.0,0.0,0.0,0.0,0.0,0.0,0.0,0.0,0.0,1.0,0.0,1.0,0,0,0,0,0,0,benign,0,-,CTU-IoT-Malware-Capture-1-1,0,none,none
40,17,0.0,0.0,1,0,0.0,0.0,0.0,40,40,0.0,1,0,0,0,1.0,0.0,1,1,0.0,0.0,0,1,0,0,0,0,0,1,1.0,0.0,0.0,0.0,0.0,0.0,0.0,0.0,0.0,0.0,0.0,0.0,0.0,0.0,0.0,0.0,0.0,0.0,0.0,0.0,0.0,0.0,0.0,1.0,0.0,1.0,0,0,0,0,0,0,benign,0,-,CTU-IoT-Malware-Capture-1-1,0,none,none
40,17,0.0,0.0,1,0,0.0,0.0,0.0,40,40,0.0,1,0,0,0,1.0,0.0,1,1,0.0,0.0,0,1,0,0,0,0,0,1,1.0,0.0,0.0,0.0,0.0,0.0,0.0,0.0,0.0,0.0,0.0,0.0,0.0,0.0,0.0,0.0,0.0,0.0,0.0,0.0,0.0,0.0,0.0,1.0,0.0,1.0,0,0,0,0,0,0,benign,0,-,CTU-IoT-Malware-Capture-1-1,0,none,none
180,6,90.0,2.998814,3,0,1.0003954896835883,0.0,0.0,180,180,0.0,3,0,0,0,3.0,0.0,1,1,90.0,0.0,0,1,0,0,0,0,0,1,1.0,0.0,0.0,0.0,0.0,0.0,0.0,0.0,0.0,0.0,0.0,0.0,0.0,0.0,0.0,0.0,2.998814,0.0,0.0,0.0,1.0,1.0,1.0,0.0,0.0,1.0,0,0,0,1,1,1,malicious,1,PartOfAHorizontalPortScan,CTU-IoT-Malware-Capture-1-1,1,header,high
180,6,62.0,2.999055,3,0,1.0003150992562657,0.0,0.0,180,180,0.0,3,0,0,0,3.0,0.0,1,1,62.0,0.0,0,1,0,0,0,0,0,1,1.0,0.0,0.0,0.0,0.0,0.0,0.0,0.0,0.0,0.0,0.0,0.0,0.0,0.0,0.0,0.0,2.999055,0.0,0.0,0.0,1.0,1.0,1.0,0.0,0.0,1.0,0,0,0,1,1,1,malicious,1,PartOfAHorizontalPortScan,CTU-IoT-Malware-Capture-1-1,1,header,high
60,6,115.0,0.0,1,0,0.0,0.0,0.0,60,60,0.0,1,0,0,0,1.0,0.0,1,1,115.0,0.0,0,1,0,0,0,0,0,1,1.0,0.0,0.0,0.0,0.0,0.0,0.0,0.0,0.0,0.0,0.0,0.0,0.0,0.0,0.0,0.0,0.0,0.0,0.0,0.0,1.0,1.0,1.0,0.0,0.0,1.0,0,0,0,1,1,1,malicious,1,PartOfAHorizontalPortScan,CTU-IoT-Malware-Capture-1-1,1,header,high
40,17,0.0,0.0,1,0,0.0,0.0,0.0,40,40,0.0,1,0,0,0,1.0,0.0,1,1,0.0,0.0,0,1,0,0,0,0,0,1,1.0,0.0,0.0,0.0,0.0,0.0,0.0,0.0,0.0,0.0,0.0,0.0,0.0,0.0,0.0,0.0,0.0,0.0,0.0,0.0,0.0,0.0,0.0,1.0,0.0,1.0,0,0,0,0,0,0,benign,0,-,CTU-IoT-Malware-Capture-1-1,0,none,none
40,17,0.0,0.0,1,0,0.0,0.0,0.0,40,40,0.0,1,0,0,0,1.0,0.0,1,1,0.0,0.0,0,1,0,0,0,0,0,1,1.0,0.0,0.0,0.0,0.0,0.0,0.0,0.0,0.0,0.0,0.0,0.0,0.0,0.0,0.0,0.0,0.0,0.0,0.0,0.0,0.0,0.0,0.0,1.0,0.0,1.0,0,0,0,0,0,0,benign,0,-,CTU-IoT-Malware-Capture-1-1,0,none,none
40,17,0.0,0.0,1,0,0.0,0.0,0.0,40,40,0.0,1,0,0,0,1.0,0.0,1,1,0.0,0.0,0,1,0,0,0,0,0,1,1.0,0.0,0.0,0.0,0.0,0.0,0.0,0.0,0.0,0.0,0.0,0.0,0.0,0.0,0.0,0.0,0.0,0.0,0.0,0.0,0.0,0.0,0.0,1.0,0.0,1.0,0,0,0,0,0,0,benign,0,-,CTU-IoT-Malware-Capture-1-1,0,none,none
152,17,0.0,0.001239,2,96,1614.2050040355125,77481.8401937046,48.0,152,152,0.0,1,1,48,48,1.0,1.0,1,1,0.0,0.0,0,1,0,1,0,0,0,2,0.5,0.0,0.5,0.0,0.0,0.0,0.0,0.0,0.0,0.0,0.0,0.0,0.0,0.0,0.0,0.0,0.001239,0.0,0.0,0.0,0.0,0.0,0.0,1.0,0.0,1.0,0,0,0,0,0,0,benign,0,-,CTU-IoT-Malware-Capture-1-1,0,none,none
180,6,102.0,2.999074,3,0,1.0003087619711952,0.0,0.0,180,180,0.0,3,0,0,0,3.0,0.0,1,1,102.0,0.0,0,1,0,0,0,0,0,1,1.0,0.0,0.0,0.0,0.0,0.0,0.0,0.0,0.0,0.0,0.0,0.0,0.0,0.0,0.0,0.0,2.999074,0.0,0.0,0.0,1.0,1.0,1.0,0.0,0.0,1.0,0,0,0,1,1,1,malicious,1,PartOfAHorizontalPortScan,CTU-IoT-Malware-Capture-1-1,1,header,high
180,6,48.0,2.999062,3,0,1.0003127644576872,0.0,0.0,180,180,0.0,3,0,0,0,3.0,0.0,1,1,48.0,0.0,0,1,0,0,0,0,0,1,1.0,0.0,0.0,0.0,0.0,0.0,0.0,0.0,0.0,0.0,0.0,0.0,0.0,0.0,0.0,0.0,2.999062,0.0,0.0,0.0,1.0,1.0,1.0,0.0,0.0,1.0,0,0,0,1,1,1,malicious,1,PartOfAHorizontalPortScan,CTU-IoT-Malware-Capture-1-1,1,header,high
60,6,78.0,0.0,1,0,0.0,0.0,0.0,60,60,0.0,1,0,0,0,1.0,0.0,1,1,78.0,0.0,0,1,0,0,0,0,0,1,1.0,0.0,0.0,0.0,0.0,0.0,0.0,0.0,0.0,0.0,0.0,0.0,0.0,0.0,0.0,0.0,0.0,0.0,0.0,0.0,1.0,1.0,1.0,0.0,0.0,1.0,0,0,0,1,1,1,malicious,1,PartOfAHorizontalPortScan,CTU-IoT-Malware-Capture-1-1,1,header,high
40,17,0.0,0.0,1,0,0.0,0.0,0.0,40,40,0.0,1,0,0,0,1.0,0.0,1,1,0.0,0.0,0,1,0,0,0,0,0,1,1.0,0.0,0.0,0.0,0.0,0.0,0.0,0.0,0.0,0.0,0.0,0.0,0.0,0.0,0.0,0.0,0.0,0.0,0.0,0.0,0.0,0.0,0.0,1.0,0.0,1.0,0,0,0,0,0,0,benign,0,-,CTU-IoT-Malware-Capture-1-1,0,none,none
180,6,72.0,2.998809,3,0,1.0003971576715955,0.0,0.0,180,180,0.0,3,0,0,0,3.0,0.0,1,1,72.0,0.0,0,1,0,0,0,0,0,1,1.0,0.0,0.0,0.0,0.0,0.0,0.0,0.0,0.0,0.0,0.0,0.0,0.0,0.0,0.0,0.0,2.998809,0.0,0.0,0.0,1.0,1.0,1.0,0.0,0.0,1.0,0,0,0,1,1,1,malicious,1,PartOfAHorizontalPortScan,CTU-IoT-Malware-Capture-1-1,1,header,high
40,17,0.0,0.0,1,0,0.0,0.0,0.0,40,40,0.0,1,0,0,0,1.0,0.0,1,1,0.0,0.0,0,1,0,0,0,0,0,1,1.0,0.0,0.0,0.0,0.0,0.0,0.0,0.0,0.0,0.0,0.0,0.0,0.0,0.0,0.0,0.0,0.0,0.0,0.0,0.0,0.0,0.0,0.0,1.0,0.0,1.0,0,0,0,0,0,0,benign,0,-,CTU-IoT-Malware-Capture-1-1,0,none,none
180,6,88.0,2.99857,3,0,1.0004768939861335,0.0,0.0,180,180,0.0,3,0,0,0,3.0,0.0,1,1,88.0,0.0,0,1,0,0,0,0,0,1,1.0,0.0,0.0,0.0,0.0,0.0,0.0,0.0,0.0,0.0,0.0,0.0,0.0,0.0,0.0,0.0,2.99857,0.0,0.0,0.0,1.0,1.0,1.0,0.0,0.0,1.0,0,0,0,1,1,1,malicious,1,PartOfAHorizontalPortScan,CTU-IoT-Malware-Capture-1-1,1,header,high
40,17,0.0,0.0,1,0,0.0,0.0,0.0,40,40,0.0,1,0,0,0,1.0,0.0,1,1,0.0,0.0,0,1,0,0,0,0,0,1,1.0,0.0,0.0,0.0,0.0,0.0,0.0,0.0,0.0,0.0,0.0,0.0,0.0,0.0,0.0,0.0,0.0,0.0,0.0,0.0,0.0,0.0,0.0,1.0,0.0,1.0,0,0,0,0,0,0,benign,0,-,CTU-IoT-Malware-Capture-1-1,0,none,none
180,6,0.0,2.999309,3,0,1.0002303863990007,0.0,0.0,180,180,0.0,3,0,0,0,3.0,0.0,1,1,0.0,0.0,0,1,0,0,0,0,0,1,1.0,0.0,0.0,0.0,0.0,0.0,0.0,0.0,0.0,0.0,0.0,0.0,0.0,0.0,0.0,0.0,2.999309,0.0,0.0,0.0,0.0,0.0,0.0,1.0,0.0,1.0,0,0,0,0,0,0,benign,0,-,CTU-IoT-Malware-Capture-1-1,0,none,none
60,6,120.0,0.0,1,0,0.0,0.0,0.0,60,60,0.0,1,0,0,0,1.0,0.0,1,1,120.0,0.0,0,1,0,0,0,0,0,1,1.0,0.0,0.0,0.0,0.0,0.0,0.0,0.0,0.0,0.0,0.0,0.0,0.0,0.0,0.0,0.0,0.0,0.0,0.0,0.0,1.0,1.0,1.0,0.0,0.0,1.0,0,0,0,1,1,1,malicious,1,PartOfAHorizontalPortScan,CTU-IoT-Malware-Capture-1-1,1,header,high
152,17,0.0,0.003737,2,96,535.1886540005352,25689.05539202569,48.0,152,152,0.0,1,1,48,48,1.0,1.0,1,1,0.0,0.0,0,1,0,1,0,0,0,2,0.5,0.0,0.5,0.0,0.0,0.0,0.0,0.0,0.0,0.0,0.0,0.0,0.0,0.0,0.0,0.0,0.003737,0.0,0.0,0.0,0.0,0.0,0.0,1.0,0.0,1.0,0,0,0,0,0,0,benign,0,-,CTU-IoT-Malware-Capture-1-1,0,none,none
40,17,0.0,0.0,1,0,0.0,0.0,0.0,40,40,0.0,1,0,0,0,1.0,0.0,1,1,0.0,0.0,0,1,0,0,0,0,0,1,1.0,0.0,0.0,0.0,0.0,0.0,0.0,0.0,0.0,0.0,0.0,0.0,0.0,0.0,0.0,0.0,0.0,0.0,0.0,0.0,0.0,0.0,0.0,1.0,0.0,1.0,0,0,0,0,0,0,benign,0,-,CTU-IoT-Malware-Capture-1-1,0,none,none
40,17,0.0,0.0,1,0,0.0,0.0,0.0,40,40,0.0,1,0,0,0,1.0,0.0,1,1,0.0,0.0,0,1,0,0,0,0,0,1,1.0,0.0,0.0,0.0,0.0,0.0,0.0,0.0,0.0,0.0,0.0,0.0,0.0,0.0,0.0,0.0,0.0,0.0,0.0,0.0,0.0,0.0,0.0,1.0,0.0,1.0,0,0,0,0,0,0,benign,0,-,CTU-IoT-Malware-Capture-1-1,0,none,none
60,6,32.0,0.0,1,0,0.0,0.0,0.0,60,60,0.0,1,0,0,0,1.0,0.0,1,1,32.0,0.0,0,1,0,0,0,0,0,1,1.0,0.0,0.0,0.0,0.0,0.0,0.0,0.0,0.0,0.0,0.0,0.0,0.0,0.0,0.0,0.0,0.0,0.0,0.0,0.0,1.0,1.0,1.0,0.0,0.0,1.0,0,0,0,1,1,1,malicious,1,PartOfAHorizontalPortScan,CTU-IoT-Malware-Capture-1-1,1,header,high
176,1,0.0,4e-06,2,120,500000.0,30000000.0,60.0,176,176,0.0,2,0,120,0,2.0,120.0,1,1,0.0,0.0,0,0,0,0,0,0,0,0,0.0,0.0,0.0,0.0,0.0,0.0,0.0,0.0,0.0,0.0,0.0,0.0,0.0,0.0,0.0,0.0,4e-06,0.0,0.0,0.0,0.0,0.0,0.0,1.0,0.0,1.0,0,0,0,0,0,0,benign,0,-,CTU-IoT-Malware-Capture-1-1,0,none,none
40,17,0.0,0.0,1,0,0.0,0.0,0.0,40,40,0.0,1,0,0,0,1.0,0.0,1,1,0.0,0.0,0,1,0,0,0,0,0,1,1.0,0.0,0.0,0.0,0.0,0.0,0.0,0.0,0.0,0.0,0.0,0.0,0.0,0.0,0.0,0.0,0.0,0.0,0.0,0.0,0.0,0.0,0.0,1.0,0.0,1.0,0,0,0,0,0,0,benign,0,-,CTU-IoT-Malware-Capture-1-1,0,none,none
60,6,33.0,0.0,1,0,0.0,0.0,0.0,60,60,0.0,1,0,0,0,1.0,0.0,1,1,33.0,0.0,0,1,0,0,0,0,0,1,1.0,0.0,0.0,0.0,0.0,0.0,0.0,0.0,0.0,0.0,0.0,0.0,0.0,0.0,0.0,0.0,0.0,0.0,0.0,0.0,1.0,1.0,1.0,0.0,0.0,1.0,0,0,0,1,1,1,malicious,1,PartOfAHorizontalPortScan,CTU-IoT-Malware-Capture-1-1,1,header,high
180,6,90.0,2.998819,3,0,1.000393821701143,0.0,0.0,180,180,0.0,3,0,0,0,3.0,0.0,1,1,90.0,0.0,0,1,0,0,0,0,0,1,1.0,0.0,0.0,0.0,0.0,0.0,0.0,0.0,0.0,0.0,0.0,0.0,0.0,0.0,0.0,0.0,2.998819,0.0,0.0,0.0,1.0,1.0,1.0,0.0,0.0,1.0,0,0,0,1,1,1,malicious,1,PartOfAHorizontalPortScan,CTU-IoT-Malware-Capture-1-1,1,header,high
40,17,0.0,0.0,1,0,0.0,0.0,0.0,40,40,0.0,1,0,0,0,1.0,0.0,1,1,0.0,0.0,0,1,0,0,0,0,0,1,1.0,0.0,0.0,0.0,0.0,0.0,0.0,0.0,0.0,0.0,0.0,0.0,0.0,0.0,0.0,0.0,0.0,0.0,0.0,0.0,0.0,0.0,0.0,1.0,0.0,1.0,0,0,0,0,0,0,benign,0,-,CTU-IoT-Malware-Capture-1-1,0,none,none
40,17,0.0,0.0,1,0,0.0,0.0,0.0,40,40,0.0,1,0,0,0,1.0,0.0,1,1,0.0,0.0,0,1,0,0,0,0,0,1,1.0,0.0,0.0,0.0,0.0,0.0,0.0,0.0,0.0,0.0,0.0,0.0,0.0,0.0,0.0,0.0,0.0,0.0,0.0,0.0,0.0,0.0,0.0,1.0,0.0,1.0,0,0,0,0,0,0,benign,0,-,CTU-IoT-Malware-Capture-1-1,0,none,none
60,6,101.0,0.0,1,0,0.0,0.0,0.0,60,60,0.0,1,0,0,0,1.0,0.0,1,1,101.0,0.0,0,1,0,0,0,0,0,1,1.0,0.0,0.0,0.0,0.0,0.0,0.0,0.0,0.0,0.0,0.0,0.0,0.0,0.0,0.0,0.0,0.0,0.0,0.0,0.0,1.0,1.0,1.0,0.0,0.0,1.0,0,0,0,1,1,1,malicious,1,PartOfAHorizontalPortScan,CTU-IoT-Malware-Capture-1-1,1,header,high
40,17,0.0,0.0,1,0,0.0,0.0,0.0,40,40,0.0,1,0,0,0,1.0,0.0,1,1,0.0,0.0,0,1,0,0,0,0,0,1,1.0,0.0,0.0,0.0,0.0,0.0,0.0,0.0,0.0,0.0,0.0,0.0,0.0,0.0,0.0,0.0,0.0,0.0,0.0,0.0,0.0,0.0,0.0,1.0,0.0,1.0,0,0,0,0,0,0,benign,0,-,CTU-IoT-Malware-Capture-1-1,0,none,none
180,6,105.0,2.998815,3,0,1.0003951560866542,0.0,0.0,180,180,0.0,3,0,0,0,3.0,0.0,1,1,105.0,0.0,0,1,0,0,0,0,0,1,1.0,0.0,0.0,0.0,0.0,0.0,0.0,0.0,0.0,0.0,0.0,0.0,0.0,0.0,0.0,0.0,2.998815,0.0,0.0,0.0,1.0,1.0,1.0,0.0,0.0,1.0,0,0,0,1,1,1,malicious,1,PartOfAHorizontalPortScan,CTU-IoT-Malware-Capture-1-1,1,header,high
60,6,39.0,0.0,1,0,0.0,0.0,0.0,60,60,0.0,1,0,0,0,1.0,0.0,1,1,39.0,0.0,0,1,0,0,0,0,0,1,1.0,0.0,0.0,0.0,0.0,0.0,0.0,0.0,0.0,0.0,0.0,0.0,0.0,0.0,0.0,0.0,0.0,0.0,0.0,0.0,1.0,1.0,1.0,0.0,0.0,1.0,0,0,0,1,1,1,malicious,1,PartOfAHorizontalPortScan,CTU-IoT-Malware-Capture-1-1,1,header,high
60,6,0.0,0.0,1,0,0.0,0.0,0.0,60,60,0.0,1,0,0,0,1.0,0.0,1,1,0.0,0.0,0,1,0,0,0,0,0,1,1.0,0.0,0.0,0.0,0.0,0.0,0.0,0.0,0.0,0.0,0.0,0.0,0.0,0.0,0.0,0.0,0.0,0.0,0.0,0.0,0.0,0.0,0.0,1.0,0.0,1.0,0,0,0,0,0,0,benign,0,-,CTU-IoT-Malware-Capture-1-1,0,none,none
40,17,0.0,0.0,1,0,0.0,0.0,0.0,40,40,0.0,1,0,0,0,1.0,0.0,1,1,0.0,0.0,0,1,0,0,0,0,0,1,1.0,0.0,0.0,0.0,0.0,0.0,0.0,0.0,0.0,0.0,0.0,0.0,0.0,0.0,0.0,0.0,0.0,0.0,0.0,0.0,0.0,0.0,0.0,1.0,0.0,1.0,0,0,0,0,0,0,benign,0,-,CTU-IoT-Malware-Capture-1-1,0,none,none
40,17,0.0,0.0,1,0,0.0,0.0,0.0,40,40,0.0,1,0,0,0,1.0,0.0,1,1,0.0,0.0,0,1,0,0,0,0,0,1,1.0,0.0,0.0,0.0,0.0,0.0,0.0,0.0,0.0,0.0,0.0,0.0,0.0,0.0,0.0,0.0,0.0,0.0,0.0,0.0,0.0,0.0,0.0,1.0,0.0,1.0,0,0,0,0,0,0,benign,0,-,CTU-IoT-Malware-Capture-1-1,0,none,none
40,17,0.0,0.0,1,0,0.0,0.0,0.0,40,40,0.0,1,0,0,0,1.0,0.0,1,1,0.0,0.0,0,1,0,0,0,0,0,1,1.0,0.0,0.0,0.0,0.0,0.0,0.0,0.0,0.0,0.0,0.0,0.0,0.0,0.0,0.0,0.0,0.0,0.0,0.0,0.0,0.0,0.0,0.0,1.0,0.0,1.0,0,0,0,0,0,0,benign,0,-,CTU-IoT-Malware-Capture-1-1,0,none,none
40,17,0.0,0.0,1,0,0.0,0.0,0.0,40,40,0.0,1,0,0,0,1.0,0.0,1,1,0.0,0.0,0,1,0,0,0,0,0,1,1.0,0.0,0.0,0.0,0.0,0.0,0.0,0.0,0.0,0.0,0.0,0.0,0.0,0.0,0.0,0.0,0.0,0.0,0.0,0.0,0.0,0.0,0.0,1.0,0.0,1.0,0,0,0,0,0,0,benign,0,-,CTU-IoT-Malware-Capture-1-1,0,none,none
60,6,0.0,0.0,1,0,0.0,0.0,0.0,60,60,0.0,1,0,0,0,1.0,0.0,1,1,0.0,0.0,0,1,0,0,0,0,0,1,1.0,0.0,0.0,0.0,0.0,0.0,0.0,0.0,0.0,0.0,0.0,0.0,0.0,0.0,0.0,0.0,0.0,0.0,0.0,0.0,0.0,0.0,0.0,1.0,0.0,1.0,0,0,0,0,0,0,benign,0,-,CTU-IoT-Malware-Capture-1-1,0,none,none
40,17,0.0,0.0,1,0,0.0,0.0,0.0,40,40,0.0,1,0,0,0,1.0,0.0,1,1,0.0,0.0,0,1,0,0,0,0,0,1,1.0,0.0,0.0,0.0,0.0,0.0,0.0,0.0,0.0,0.0,0.0,0.0,0.0,0.0,0.0,0.0,0.0,0.0,0.0,0.0,0.0,0.0,0.0,1.0,0.0,1.0,0,0,0,0,0,0,benign,0,-,CTU-IoT-Malware-Capture-1-1,0,none,none
40,17,0.0,0.0,1,0,0.0,0.0,0.0,40,40,0.0,1,0,0,0,1.0,0.0,1,1,0.0,0.0,0,1,0,0,0,0,0,1,1.0,0.0,0.0,0.0,0.0,0.0,0.0,0.0,0.0,0.0,0.0,0.0,0.0,0.0,0.0,0.0,0.0,0.0,0.0,0.0,0.0,0.0,0.0,1.0,0.0,1.0,0,0,0,0,0,0,benign,0,-,CTU-IoT-Malware-Capture-1-1,0,none,none
180,6,63.0,2.99882,3,0,1.0003934881053216,0.0,0.0,180,180,0.0,3,0,0,0,3.0,0.0,1,1,63.0,0.0,0,1,0,0,0,0,0,1,1.0,0.0,0.0,0.0,0.0,0.0,0.0,0.0,0.0,0.0,0.0,0.0,0.0,0.0,0.0,0.0,2.99882,0.0,0.0,0.0,1.0,1.0,1.0,0.0,0.0,1.0,0,0,0,1,1,1,malicious,1,PartOfAHorizontalPortScan,CTU-IoT-Malware-Capture-1-1,1,header,high
180,6,96.0,2.998828,3,0,1.000390819346758,0.0,0.0,180,180,0.0,3,0,0,0,3.0,0.0,1,1,96.0,0.0,0,1,0,0,0,0,0,1,1.0,0.0,0.0,0.0,0.0,0.0,0.0,0.0,0.0,0.0,0.0,0.0,0.0,0.0,0.0,0.0,2.998828,0.0,0.0,0.0,1.0,1.0,1.0,0.0,0.0,1.0,0,0,0,1,1,1,malicious,1,PartOfAHorizontalPortScan,CTU-IoT-Malware-Capture-1-1,1,header,high
40,17,0.0,0.0,1,0,0.0,0.0,0.0,40,40,0.0,1,0,0,0,1.0,0.0,1,1,0.0,0.0,0,1,0,0,0,0,0,1,1.0,0.0,0.0,0.0,0.0,0.0,0.0,0.0,0.0,0.0,0.0,0.0,0.0,0.0,0.0,0.0,0.0,0.0,0.0,0.0,0.0,0.0,0.0,1.0,0.0,1.0,0,0,0,0,0,0,benign,0,-,CTU-IoT-Malware-Capture-1-1,0,none,none
40,17,0.0,0.0,1,0,0.0,0.0,0.0,40,40,0.0,1,0,0,0,1.0,0.0,1,1,0.0,0.0,0,1,0,0,0,0,0,1,1.0,0.0,0.0,0.0,0.0,0.0,0.0,0.0,0.0,0.0,0.0,0.0,0.0,0.0,0.0,0.0,0.0,0.0,0.0,0.0,0.0,0.0,0.0,1.0,0.0,1.0,0,0,0,0,0,0,benign,0,-,CTU-IoT-Malware-Capture-1-1,0,none,none
60,6,35.0,0.0,1,0,0.0,0.0,0.0,60,60,0.0,1,0,0,0,1.0,0.0,1,1,35.0,0.0,0,1,0,0,0,0,0,1,1.0,0.0,0.0,0.0,0.0,0.0,0.0,0.0,0.0,0.0,0.0,0.0,0.0,0.0,0.0,0.0,0.0,0.0,0.0,0.0,1.0,1.0,1.0,0.0,0.0,1.0,0,0,0,1,1,1,malicious,1,PartOfAHorizontalPortScan,CTU-IoT-Malware-Capture-1-1,1,header,high
68,1,0.0,0.0,1,0,0.0,0.0,0.0,68,68,0.0,1,0,0,0,1.0,0.0,1,1,0.0,0.0,0,0,0,0,0,0,0,0,0.0,0.0,0.0,0.0,0.0,0.0,0.0,0.0,0.0,0.0,0.0,0.0,0.0,0.0,0.0,0.0,0.0,0.0,0.0,0.0,0.0,0.0,0.0,1.0,0.0,1.0,0,0,0,0,0,0,benign,0,-,CTU-IoT-Malware-Capture-1-1,0,none,none
40,17,0.0,0.0,1,0,0.0,0.0,0.0,40,40,0.0,1,0,0,0,1.0,0.0,1,1,0.0,0.0,0,1,0,0,0,0,0,1,1.0,0.0,0.0,0.0,0.0,0.0,0.0,0.0,0.0,0.0,0.0,0.0,0.0,0.0,0.0,0.0,0.0,0.0,0.0,0.0,0.0,0.0,0.0,1.0,0.0,1.0,0,0,0,0,0,0,benign,0,-,CTU-IoT-Malware-Capture-1-1,0,none,none
60,6,59.0,0.0,1,0,0.0,0.0,0.0,60,60,0.0,1,0,0,0,1.0,0.0,1,1,59.0,0.0,0,1,0,0,0,0,0,1,1.0,0.0,0.0,0.0,0.0,0.0,0.0,0.0,0.0,0.0,0.0,0.0,0.0,0.0,0.0,0.0,0.0,0.0,0.0,0.0,1.0,1.0,1.0,0.0,0.0,1.0,0,0,0,1,1,1,malicious,1,PartOfAHorizontalPortScan,CTU-IoT-Malware-Capture-1-1,1,header,high
40,17,0.0,0.0,1,0,0.0,0.0,0.0,40,40,0.0,1,0,0,0,1.0,0.0,1,1,0.0,0.0,0,1,0,0,0,0,0,1,1.0,0.0,0.0,0.0,0.0,0.0,0.0,0.0,0.0,0.0,0.0,0.0,0.0,0.0,0.0,0.0,0.0,0.0,0.0,0.0,0.0,0.0,0.0,1.0,0.0,1.0,0,0,0,0,0,0,benign,0,-,CTU-IoT-Malware-Capture-1-1,0,none,none
180,6,98.0,2.998816,3,0,1.0003948224899426,0.0,0.0,180,180,0.0,3,0,0,0,3.0,0.0,1,1,98.0,0.0,0,1,0,0,0,0,0,1,1.0,0.0,0.0,0.0,0.0,0.0,0.0,0.0,0.0,0.0,0.0,0.0,0.0,0.0,0.0,0.0,2.998816,0.0,0.0,0.0,1.0,1.0,1.0,0.0,0.0,1.0,0,0,0,1,1,1,malicious,1,PartOfAHorizontalPortScan,CTU-IoT-Malware-Capture-1-1,1,header,high
40,17,0.0,0.0,1,0,0.0,0.0,0.0,40,40,0.0,1,0,0,0,1.0,0.0,1,1,0.0,0.0,0,1,0,0,0,0,0,1,1.0,0.0,0.0,0.0,0.0,0.0,0.0,0.0,0.0,0.0,0.0,0.0,0.0,0.0,0.0,0.0,0.0,0.0,0.0,0.0,0.0,0.0,0.0,1.0,0.0,1.0,0,0,0,0,0,0,benign,0,-,CTU-IoT-Malware-Capture-1-1,0,none,none
40,17,0.0,0.0,1,0,0.0,0.0,0.0,40,40,0.0,1,0,0,0,1.0,0.0,1,1,0.0,0.0,0,1,0,0,0,0,0,1,1.0,0.0,0.0,0.0,0.0,0.0,0.0,0.0,0.0,0.0,0.0,0.0,0.0,0.0,0.0,0.0,0.0,0.0,0.0,0.0,0.0,0.0,0.0,1.0,0.0,1.0,0,0,0,0,0,0,benign,0,-,CTU-IoT-Malware-Capture-1-1,0,none,none
40,17,0.0,0.0,1,0,0.0,0.0,0.0,40,40,0.0,1,0,0,0,1.0,0.0,1,1,0.0,0.0,0,1,0,0,0,0,0,1,1.0,0.0,0.0,0.0,0.0,0.0,0.0,0.0,0.0,0.0,0.0,0.0,0.0,0.0,0.0,0.0,0.0,0.0,0.0,0.0,0.0,0.0,0.0,1.0,0.0,1.0,0,0,0,0,0,0,benign,0,-,CTU-IoT-Malware-Capture-1-1,0,none,none
40,17,0.0,0.0,1,0,0.0,0.0,0.0,40,40,0.0,1,0,0,0,1.0,0.0,1,1,0.0,0.0,0,1,0,0,0,0,0,1,1.0,0.0,0.0,0.0,0.0,0.0,0.0,0.0,0.0,0.0,0.0,0.0,0.0,0.0,0.0,0.0,0.0,0.0,0.0,0.0,0.0,0.0,0.0,1.0,0.0,1.0,0,0,0,0,0,0,benign,0,-,CTU-IoT-Malware-Capture-1-1,0,none,none
60,6,54.0,0.0,1,0,0.0,0.0,0.0,60,60,0.0,1,0,0,0,1.0,0.0,1,1,54.0,0.0,0,1,0,0,0,0,0,1,1.0,0.0,0.0,0.0,0.0,0.0,0.0,0.0,0.0,0.0,0.0,0.0,0.0,0.0,0.0,0.0,0.0,0.0,0.0,0.0,1.0,1.0,1.0,0.0,0.0,1.0,0,0,0,1,1,1,malicious,1,PartOfAHorizontalPortScan,CTU-IoT-Malware-Capture-1-1,1,header,high
60,6,78.0,0.0,1,0,0.0,0.0,0.0,60,60,0.0,1,0,0,0,1.0,0.0,1,1,78.0,0.0,0,1,0,0,0,0,0,1,1.0,0.0,0.0,0.0,0.0,0.0,0.0,0.0,0.0,0.0,0.0,0.0,0.0,0.0,0.0,0.0,0.0,0.0,0.0,0.0,1.0,1.0,1.0,0.0,0.0,1.0,0,0,0,1,1,1,malicious,1,PartOfAHorizontalPortScan,CTU-IoT-Malware-Capture-1-1,1,header,high
40,17,0.0,0.0,1,0,0.0,0.0,0.0,40,40,0.0,1,0,0,0,1.0,0.0,1,1,0.0,0.0,0,1,0,0,0,0,0,1,1.0,0.0,0.0,0.0,0.0,0.0,0.0,0.0,0.0,0.0,0.0,0.0,0.0,0.0,0.0,0.0,0.0,0.0,0.0,0.0,0.0,0.0,0.0,1.0,0.0,1.0,0,0,0,0,0,0,benign,0,-,CTU-IoT-Malware-Capture-1-1,0,none,none
60,6,81.0,0.0,1,0,0.0,0.0,0.0,60,60,0.0,1,0,0,0,1.0,0.0,1,1,81.0,0.0,0,1,0,0,0,0,0,1,1.0,0.0,0.0,0.0,0.0,0.0,0.0,0.0,0.0,0.0,0.0,0.0,0.0,0.0,0.0,0.0,0.0,0.0,0.0,0.0,1.0,1.0,1.0,0.0,0.0,1.0,0,0,0,1,1,1,malicious,1,PartOfAHorizontalPortScan,CTU-IoT-Malware-Capture-1-1,1,header,high
40,17,0.0,0.0,1,0,0.0,0.0,0.0,40,40,0.0,1,0,0,0,1.0,0.0,1,1,0.0,0.0,0,1,0,0,0,0,0,1,1.0,0.0,0.0,0.0,0.0,0.0,0.0,0.0,0.0,0.0,0.0,0.0,0.0,0.0,0.0,0.0,0.0,0.0,0.0,0.0,0.0,0.0,0.0,1.0,0.0,1.0,0,0,0,0,0,0,benign,0,-,CTU-IoT-Malware-Capture-1-1,0,none,none
180,6,71.0,2.999062,3,0,1.0003127644576872,0.0,0.0,180,180,0.0,3,0,0,0,3.0,0.0,1,1,71.0,0.0,0,1,0,0,0,0,0,1,1.0,0.0,0.0,0.0,0.0,0.0,0.0,0.0,0.0,0.0,0.0,0.0,0.0,0.0,0.0,0.0,2.999062,0.0,0.0,0.0,1.0,1.0,1.0,0.0,0.0,1.0,0,0,0,1,1,1,malicious,1,PartOfAHorizontalPortScan,CTU-IoT-Malware-Capture-1-1,1,header,high
100,6,112.0,0.128447,2,0,15.570624459893963,0.0,0.0,100,100,0.0,1,1,0,0,1.0,0.0,1,1,112.0,0.0,0,0,0,0,1,0,0,1,0.0,0.0,0.0,1.0,0.0,0.0,0.0,0.0,0.0,0.0,0.0,0.0,0.0,0.0,0.0,0.0,0.128447,0.0,0.0,0.0,1.0,1.0,1.0,0.0,0.0,1.0,0,0,0,1,1,1,malicious,1,PartOfAHorizontalPortScan,CTU-IoT-Malware-Capture-1-1,1,header,high
180,6,53.0,2.998814,3,0,1.0003954896835883,0.0,0.0,180,180,0.0,3,0,0,0,3.0,0.0,1,1,53.0,0.0,0,1,0,0,0,0,0,1,1.0,0.0,0.0,0.0,0.0,0.0,0.0,0.0,0.0,0.0,0.0,0.0,0.0,0.0,0.0,0.0,2.998814,0.0,0.0,0.0,1.0,1.0,1.0,0.0,0.0,1.0,0,0,0,1,1,1,malicious,1,PartOfAHorizontalPortScan,CTU-IoT-Malware-Capture-1-1,1,header,high
68,1,0.0,0.0,1,0,0.0,0.0,0.0,68,68,0.0,1,0,0,0,1.0,0.0,1,1,0.0,0.0,0,0,0,0,0,0,0,0,0.0,0.0,0.0,0.0,0.0,0.0,0.0,0.0,0.0,0.0,0.0,0.0,0.0,0.0,0.0,0.0,0.0,0.0,0.0,0.0,0.0,0.0,0.0,1.0,0.0,1.0,0,0,0,0,0,0,benign,0,-,CTU-IoT-Malware-Capture-1-1,0,none,none
60,6,123.0,0.0,1,0,0.0,0.0,0.0,60,60,0.0,1,0,0,0,1.0,0.0,1,1,123.0,0.0,0,1,0,0,0,0,0,1,1.0,0.0,0.0,0.0,0.0,0.0,0.0,0.0,0.0,0.0,0.0,0.0,0.0,0.0,0.0,0.0,0.0,0.0,0.0,0.0,1.0,1.0,1.0,0.0,0.0,1.0,0,0,0,1,1,1,malicious,1,PartOfAHorizontalPortScan,CTU-IoT-Malware-Capture-1-1,1,header,high
180,6,90.0,2.999075,3,0,1.0003084284321,0.0,0.0,180,180,0.0,3,0,0,0,3.0,0.0,1,1,90.0,0.0,0,1,0,0,0,0,0,1,1.0,0.0,0.0,0.0,0.0,0.0,0.0,0.0,0.0,0.0,0.0,0.0,0.0,0.0,0.0,0.0,2.999075,0.0,0.0,0.0,1.0,1.0,1.0,0.0,0.0,1.0,0,0,0,1,1,1,malicious,1,PartOfAHorizontalPortScan,CTU-IoT-Malware-Capture-1-1,1,header,high
60,6,60.0,0.0,1,0,0.0,0.0,0.0,60,60,0.0,1,0,0,0,1.0,0.0,1,1,60.0,0.0,0,1,0,0,0,0,0,1,1.0,0.0,0.0,0.0,0.0,0.0,0.0,0.0,0.0,0.0,0.0,0.0,0.0,0.0,0.0,0.0,0.0,0.0,0.0,0.0,1.0,1.0,1.0,0.0,0.0,1.0,0,0,0,1,1,1,malicious,1,PartOfAHorizontalPortScan,CTU-IoT-Malware-Capture-1-1,1,header,high
40,17,0.0,0.0,1,0,0.0,0.0,0.0,40,40,0.0,1,0,0,0,1.0,0.0,1,1,0.0,0.0,0,1,0,0,0,0,0,1,1.0,0.0,0.0,0.0,0.0,0.0,0.0,0.0,0.0,0.0,0.0,0.0,0.0,0.0,0.0,0.0,0.0,0.0,0.0,0.0,0.0,0.0,0.0,1.0,0.0,1.0,0,0,0,0,0,0,benign,0,-,CTU-IoT-Malware-Capture-1-1,0,none,none
40,17,0.0,0.0,1,0,0.0,0.0,0.0,40,40,0.0,1,0,0,0,1.0,0.0,1,1,0.0,0.0,0,1,0,0,0,0,0,1,1.0,0.0,0.0,0.0,0.0,0.0,0.0,0.0,0.0,0.0,0.0,0.0,0.0,0.0,0.0,0.0,0.0,0.0,0.0,0.0,0.0,0.0,0.0,1.0,0.0,1.0,0,0,0,0,0,0,benign,0,-,CTU-IoT-Malware-Capture-1-1,0,none,none
40,17,0.0,0.0,1,0,0.0,0.0,0.0,40,40,0.0,1,0,0,0,1.0,0.0,1,1,0.0,0.0,0,1,0,0,0,0,0,1,1.0,0.0,0.0,0.0,0.0,0.0,0.0,0.0,0.0,0.0,0.0,0.0,0.0,0.0,0.0,0.0,0.0,0.0,0.0,0.0,0.0,0.0,0.0,1.0,0.0,1.0,0,0,0,0,0,0,benign,0,-,CTU-IoT-Malware-Capture-1-1,0,none,none
60,6,87.0,0.0,1,0,0.0,0.0,0.0,60,60,0.0,1,0,0,0,1.0,0.0,1,1,87.0,0.0,0,1,0,0,0,0,0,1,1.0,0.0,0.0,0.0,0.0,0.0,0.0,0.0,0.0,0.0,0.0,0.0,0.0,0.0,0.0,0.0,0.0,0.0,0.0,0.0,1.0,1.0,1.0,0.0,0.0,1.0,0,0,0,1,1,1,malicious,1,PartOfAHorizontalPortScan,CTU-IoT-Malware-Capture-1-1,1,header,high
180,6,127.0,2.998805,3,0,1.0003984920660063,0.0,0.0,180,180,0.0,3,0,0,0,3.0,0.0,1,1,127.0,0.0,0,1,0,0,0,0,0,1,1.0,0.0,0.0,0.0,0.0,0.0,0.0,0.0,0.0,0.0,0.0,0.0,0.0,0.0,0.0,0.0,2.998805,0.0,0.0,0.0,1.0,1.0,1.0,0.0,0.0,1.0,0,0,0,1,1,1,malicious,1,PartOfAHorizontalPortScan,CTU-IoT-Malware-Capture-1-1,1,header,high
180,6,67.0,2.999068,3,0,1.0003107632104373,0.0,0.0,180,180,0.0,3,0,0,0,3.0,0.0,1,1,67.0,0.0,0,1,0,0,0,0,0,1,1.0,0.0,0.0,0.0,0.0,0.0,0.0,0.0,0.0,0.0,0.0,0.0,0.0,0.0,0.0,0.0,2.999068,0.0,0.0,0.0,1.0,1.0,1.0,0.0,0.0,1.0,0,0,0,1,1,1,malicious,1,PartOfAHorizontalPortScan,CTU-IoT-Malware-Capture-1-1,1,header,high
40,17,0.0,0.0,1,0,0.0,0.0,0.0,40,40,0.0,1,0,0,0,1.0,0.0,1,1,0.0,0.0,0,1,0,0,0,0,0,1,1.0,0.0,0.0,0.0,0.0,0.0,0.0,0.0,0.0,0.0,0.0,0.0,0.0,0.0,0.0,0.0,0.0,0.0,0.0,0.0,0.0,0.0,0.0,1.0,0.0,1.0,0,0,0,0,0,0,benign,0,-,CTU-IoT-Malware-Capture-1-1,0,none,none
60,6,128.0,0.0,1,0,0.0,0.0,0.0,60,60,0.0,1,0,0,0,1.0,0.0,1,1,128.0,0.0,0,1,0,0,0,0,0,1,1.0,0.0,0.0,0.0,0.0,0.0,0.0,0.0,0.0,0.0,0.0,0.0,0.0,0.0,0.0,0.0,0.0,0.0,0.0,0.0,1.0,1.0,1.0,0.0,0.0,1.0,0,0,0,1,1,1,malicious,1,PartOfAHorizontalPortScan,CTU-IoT-Malware-Capture-1-1,1,header,high
60,6,99.0,0.0,1,0,0.0,0.0,0.0,60,60,0.0,1,0,0,0,1.0,0.0,1,1,99.0,0.0,0,1,0,0,0,0,0,1,1.0,0.0,0.0,0.0,0.0,0.0,0.0,0.0,0.0,0.0,0.0,0.0,0.0,0.0,0.0,0.0,0.0,0.0,0.0,0.0,1.0,1.0,1.0,0.0,0.0,1.0,0,0,0,1,1,1,malicious,1,PartOfAHorizontalPortScan,CTU-IoT-Malware-Capture-1-1,1,header,high
60,6,48.0,0.0,1,0,0.0,0.0,0.0,60,60,0.0,1,0,0,0,1.0,0.0,1,1,48.0,0.0,0,1,0,0,0,0,0,1,1.0,0.0,0.0,0.0,0.0,0.0,0.0,0.0,0.0,0.0,0.0,0.0,0.0,0.0,0.0,0.0,0.0,0.0,0.0,0.0,1.0,1.0,1.0,0.0,0.0,1.0,0,0,0,1,1,1,malicious,1,PartOfAHorizontalPortScan,CTU-IoT-Malware-Capture-1-1,1,header,high
60,6,108.0,0.0,1,0,0.0,0.0,0.0,60,60,0.0,1,0,0,0,1.0,0.0,1,1,108.0,0.0,0,1,0,0,0,0,0,1,1.0,0.0,0.0,0.0,0.0,0.0,0.0,0.0,0.0,0.0,0.0,0.0,0.0,0.0,0.0,0.0,0.0,0.0,0.0,0.0,1.0,1.0,1.0,0.0,0.0,1.0,0,0,0,1,1,1,malicious,1,PartOfAHorizontalPortScan,CTU-IoT-Malware-Capture-1-1,1,header,high
60,6,100.0,0.0,1,0,0.0,0.0,0.0,60,60,0.0,1,0,0,0,1.0,0.0,1,1,100.0,0.0,0,1,0,0,0,0,0,1,1.0,0.0,0.0,0.0,0.0,0.0,0.0,0.0,0.0,0.0,0.0,0.0,0.0,0.0,0.0,0.0,0.0,0.0,0.0,0.0,1.0,1.0,1.0,0.0,0.0,1.0,0,0,0,1,1,1,malicious,1,PartOfAHorizontalPortScan,CTU-IoT-Malware-Capture-1-1,1,header,high
180,6,108.0,2.998566,3,0,1.0004782285932676,0.0,0.0,180,180,0.0,3,0,0,0,3.0,0.0,1,1,108.0,0.0,0,1,0,0,0,0,0,1,1.0,0.0,0.0,0.0,0.0,0.0,0.0,0.0,0.0,0.0,0.0,0.0,0.0,0.0,0.0,0.0,2.998566,0.0,0.0,0.0,1.0,1.0,1.0,0.0,0.0,1.0,0,0,0,1,1,1,malicious,1,PartOfAHorizontalPortScan,CTU-IoT-Malware-Capture-1-1,1,header,high
60,6,79.0,0.0,1,0,0.0,0.0,0.0,60,60,0.0,1,0,0,0,1.0,0.0,1,1,79.0,0.0,0,1,0,0,0,0,0,1,1.0,0.0,0.0,0.0,0.0,0.0,0.0,0.0,0.0,0.0,0.0,0.0,0.0,0.0,0.0,0.0,0.0,0.0,0.0,0.0,1.0,1.0,1.0,0.0,0.0,1.0,0,0,0,1,1,1,malicious,1,PartOfAHorizontalPortScan,CTU-IoT-Malware-Capture-1-1,1,header,high
40,17,0.0,0.0,1,0,0.0,0.0,0.0,40,40,0.0,1,0,0,0,1.0,0.0,1,1,0.0,0.0,0,1,0,0,0,0,0,1,1.0,0.0,0.0,0.0,0.0,0.0,0.0,0.0,0.0,0.0,0.0,0.0,0.0,0.0,0.0,0.0,0.0,0.0,0.0,0.0,0.0,0.0,0.0,1.0,0.0,1.0,0,0,0,0,0,0,benign,0,-,CTU-IoT-Malware-Capture-1-1,0,none,none
60,6,101.0,0.0,1,0,0.0,0.0,0.0,60,60,0.0,1,0,0,0,1.0,0.0,1,1,101.0,0.0,0,1,0,0,0,0,0,1,1.0,0.0,0.0,0.0,0.0,0.0,0.0,0.0,0.0,0.0,0.0,0.0,0.0,0.0,0.0,0.0,0.0,0.0,0.0,0.0,1.0,1.0,1.0,0.0,0.0,1.0,0,0,0,1,1,1,malicious,1,PartOfAHorizontalPortScan,CTU-IoT-Malware-Capture-1-1,1,header,high
40,17,0.0,0.0,1,0,0.0,0.0,0.0,40,40,0.0,1,0,0,0,1.0,0.0,1,1,0.0,0.0,0,1,0,0,0,0,0,1,1.0,0.0,0.0,0.0,0.0,0.0,0.0,0.0,0.0,0.0,0.0,0.0,0.0,0.0,0.0,0.0,0.0,0.0,0.0,0.0,0.0,0.0,0.0,1.0,0.0,1.0,0,0,0,0,0,0,benign,0,-,CTU-IoT-Malware-Capture-1-1,0,none,none
40,17,0.0,0.0,1,0,0.0,0.0,0.0,40,40,0.0,1,0,0,0,1.0,0.0,1,1,0.0,0.0,0,1,0,0,0,0,0,1,1.0,0.0,0.0,0.0,0.0,0.0,0.0,0.0,0.0,0.0,0.0,0.0,0.0,0.0,0.0,0.0,0.0,0.0,0.0,0.0,0.0,0.0,0.0,1.0,0.0,1.0,0,0,0,0,0,0,benign,0,-,CTU-IoT-Malware-Capture-1-1,0,none,none
180,6,116.0,2.999057,3,0,1.0003144321698454,0.0,0.0,180,180,0.0,3,0,0,0,3.0,0.0,1,1,116.0,0.0,0,1,0,0,0,0,0,1,1.0,0.0,0.0,0.0,0.0,0.0,0.0,0.0,0.0,0.0,0.0,0.0,0.0,0.0,0.0,0.0,2.999057,0.0,0.0,0.0,1.0,1.0,1.0,0.0,0.0,1.0,0,0,0,1,1,1,malicious,1,PartOfAHorizontalPortScan,CTU-IoT-Malware-Capture-1-1,1,header,high
60,6,122.0,0.0,1,0,0.0,0.0,0.0,60,60,0.0,1,0,0,0,1.0,0.0,1,1,122.0,0.0,0,1,0,0,0,0,0,1,1.0,0.0,0.0,0.0,0.0,0.0,0.0,0.0,0.0,0.0,0.0,0.0,0.0,0.0,0.0,0.0,0.0,0.0,0.0,0.0,1.0,1.0,1.0,0.0,0.0,1.0,0,0,0,1,1,1,malicious,1,PartOfAHorizontalPortScan,CTU-IoT-Malware-Capture-1-1,1,header,high
40,17,0.0,0.0,1,0,0.0,0.0,0.0,40,40,0.0,1,0,0,0,1.0,0.0,1,1,0.0,0.0,0,1,0,0,0,0,0,1,1.0,0.0,0.0,0.0,0.0,0.0,0.0,0.0,0.0,0.0,0.0,0.0,0.0,0.0,0.0,0.0,0.0,0.0,0.0,0.0,0.0,0.0,0.0,1.0,0.0,1.0,0,0,0,0,0,0,benign,0,-,CTU-IoT-Malware-Capture-1-1,0,none,none
180,6,48.0,2.998812,3,0,1.0003961568781237,0.0,0.0,180,180,0.0,3,0,0,0,3.0,0.0,1,1,48.0,0.0,0,1,0,0,0,0,0,1,1.0,0.0,0.0,0.0,0.0,0.0,0.0,0.0,0.0,0.0,0.0,0.0,0.0,0.0,0.0,0.0,2.998812,0.0,0.0,0.0,1.0,1.0,1.0,0.0,0.0,1.0,0,0,0,1,1,1,malicious,1,PartOfAHorizontalPortScan,CTU-IoT-Malware-Capture-1-1,1,header,high
68,1,0.0,0.0,1,0,0.0,0.0,0.0,68,68,0.0,1,0,0,0,1.0,0.0,1,1,0.0,0.0,0,0,0,0,0,0,0,0,0.0,0.0,0.0,0.0,0.0,0.0,0.0,0.0,0.0,0.0,0.0,0.0,0.0,0.0,0.0,0.0,0.0,0.0,0.0,0.0,0.0,0.0,0.0,1.0,0.0,1.0,0,0,0,0,0,0,benign,0,-,CTU-IoT-Malware-Capture-1-1,0,none,none
60,6,66.0,0.0,1,0,0.0,0.0,0.0,60,60,0.0,1,0,0,0,1.0,0.0,1,1,66.0,0.0,0,1,0,0,0,0,0,1,1.0,0.0,0.0,0.0,0.0,0.0,0.0,0.0,0.0,0.0,0.0,0.0,0.0,0.0,0.0,0.0,0.0,0.0,0.0,0.0,1.0,1.0,1.0,0.0,0.0,1.0,0,0,0,1,1,1,malicious,1,PartOfAHorizontalPortScan,CTU-IoT-Malware-Capture-1-1,1,header,high
68,1,0.0,0.0,1,0,0.0,0.0,0.0,68,68,0.0,1,0,0,0,1.0,0.0,1,1,0.0,0.0,0,0,0,0,0,0,0,0,0.0,0.0,0.0,0.0,0.0,0.0,0.0,0.0,0.0,0.0,0.0,0.0,0.0,0.0,0.0,0.0,0.0,0.0,0.0,0.0,0.0,0.0,0.0,1.0,0.0,1.0,0,0,0,0,0,0,benign,0,-,CTU-IoT-Malware-Capture-1-1,0,none,none
40,17,0.0,0.0,1,0,0.0,0.0,0.0,40,40,0.0,1,0,0,0,1.0,0.0,1,1,0.0,0.0,0,1,0,0,0,0,0,1,1.0,0.0,0.0,0.0,0.0,0.0,0.0,0.0,0.0,0.0,0.0,0.0,0.0,0.0,0.0,0.0,0.0,0.0,0.0,0.0,0.0,0.0,0.0,1.0,0.0,1.0,0,0,0,0,0,0,benign,0,-,CTU-IoT-Malware-Capture-1-1,0,none,none
60,6,61.0,0.0,1,0,0.0,0.0,0.0,60,60,0.0,1,0,0,0,1.0,0.0,1,1,61.0,0.0,0,1,0,0,0,0,0,1,1.0,0.0,0.0,0.0,0.0,0.0,0.0,0.0,0.0,0.0,0.0,0.0,0.0,0.0,0.0,0.0,0.0,0.0,0.0,0.0,1.0,1.0,1.0,0.0,0.0,1.0,0,0,0,1,1,1,malicious,1,PartOfAHorizontalPortScan,CTU-IoT-Malware-Capture-1-1,1,header,high
180,6,116.0,2.999078,3,0,1.0003074278161488,0.0,0.0,180,180,0.0,3,0,0,0,3.0,0.0,1,1,116.0,0.0,0,1,0,0,0,0,0,1,1.0,0.0,0.0,0.0,0.0,0.0,0.0,0.0,0.0,0.0,0.0,0.0,0.0,0.0,0.0,0.0,2.999078,0.0,0.0,0.0,1.0,1.0,1.0,0.0,0.0,1.0,0,0,0,1,1,1,malicious,1,PartOfAHorizontalPortScan,CTU-IoT-Malware-Capture-1-1,1,header,high
180,6,75.0,2.998819,3,0,1.000393821701143,0.0,0.0,180,180,0.0,3,0,0,0,3.0,0.0,1,1,75.0,0.0,0,1,0,0,0,0,0,1,1.0,0.0,0.0,0.0,0.0,0.0,0.0,0.0,0.0,0.0,0.0,0.0,0.0,0.0,0.0,0.0,2.998819,0.0,0.0,0.0,1.0,1.0,1.0,0.0,0.0,1.0,0,0,0,1,1,1,malicious,1,PartOfAHorizontalPortScan,CTU-IoT-Malware-Capture-1-1,1,header,high
60,6,91.0,0.0,1,0,0.0,0.0,0.0,60,60,0.0,1,0,0,0,1.0,0.0,1,1,91.0,0.0,0,1,0,0,0,0,0,1,1.0,0.0,0.0,0.0,0.0,0.0,0.0,0.0,0.0,0.0,0.0,0.0,0.0,0.0,0.0,0.0,0.0,0.0,0.0,0.0,1.0,1.0,1.0,0.0,0.0,1.0,0,0,0,1,1,1,malicious,1,PartOfAHorizontalPortScan,CTU-IoT-Malware-Capture-1-1,1,header,high
60,6,35.0,0.0,1,0,0.0,0.0,0.0,60,60,0.0,1,0,0,0,1.0,0.0,1,1,35.0,0.0,0,1,0,0,0,0,0,1,1.0,0.0,0.0,0.0,0.0,0.0,0.0,0.0,0.0,0.0,0.0,0.0,0.0,0.0,0.0,0.0,0.0,0.0,0.0,0.0,1.0,1.0,1.0,0.0,0.0,1.0,0,0,0,1,1,1,malicious,1,PartOfAHorizontalPortScan,CTU-IoT-Malware-Capture-1-1,1,header,high
180,6,99.0,2.99905,3,0,1.0003167669762092,0.0,0.0,180,180,0.0,3,0,0,0,3.0,0.0,1,1,99.0,0.0,0,1,0,0,0,0,0,1,1.0,0.0,0.0,0.0,0.0,0.0,0.0,0.0,0.0,0.0,0.0,0.0,0.0,0.0,0.0,0.0,2.99905,0.0,0.0,0.0,1.0,1.0,1.0,0.0,0.0,1.0,0,0,0,1,1,1,malicious,1,PartOfAHorizontalPortScan,CTU-IoT-Malware-Capture-1-1,1,header,high
40,17,0.0,0.0,1,0,0.0,0.0,0.0,40,40,0.0,1,0,0,0,1.0,0.0,1,1,0.0,0.0,0,1,0,0,0,0,0,1,1.0,0.0,0.0,0.0,0.0,0.0,0.0,0.0,0.0,0.0,0.0,0.0,0.0,0.0,0.0,0.0,0.0,0.0,0.0,0.0,0.0,0.0,0.0,1.0,0.0,1.0,0,0,0,0,0,0,benign,0,-,CTU-IoT-Malware-Capture-1-1,0,none,none
40,17,0.0,0.0,1,0,0.0,0.0,0.0,40,40,0.0,1,0,0,0,1.0,0.0,1,1,0.0,0.0,0,1,0,0,0,0,0,1,1.0,0.0,0.0,0.0,0.0,0.0,0.0,0.0,0.0,0.0,0.0,0.0,0.0,0.0,0.0,0.0,0.0,0.0,0.0,0.0,0.0,0.0,0.0,1.0,0.0,1.0,0,0,0,0,0,0,benign,0,-,CTU-IoT-Malware-Capture-1-1,0,none,none
180,6,52.0,2.99906,3,0,1.0003134315418831,0.0,0.0,180,180,0.0,3,0,0,0,3.0,0.0,1,1,52.0,0.0,0,1,0,0,0,0,0,1,1.0,0.0,0.0,0.0,0.0,0.0,0.0,0.0,0.0,0.0,0.0,0.0,0.0,0.0,0.0,0.0,2.99906,0.0,0.0,0.0,1.0,1.0,1.0,0.0,0.0,1.0,0,0,0,1,1,1,malicious,1,PartOfAHorizontalPortScan,CTU-IoT-Malware-Capture-1-1,1,header,high
180,6,40.0,2.999067,3,0,1.0003110967510895,0.0,0.0,180,180,0.0,3,0,0,0,3.0,0.0,1,1,40.0,0.0,0,1,0,0,0,0,0,1,1.0,0.0,0.0,0.0,0.0,0.0,0.0,0.0,0.0,0.0,0.0,0.0,0.0,0.0,0.0,0.0,2.999067,0.0,0.0,0.0,1.0,1.0,1.0,0.0,0.0,1.0,0,0,0,1,1,1,malicious,1,PartOfAHorizontalPortScan,CTU-IoT-Malware-Capture-1-1,1,header,high
40,17,0.0,0.0,1,0,0.0,0.0,0.0,40,40,0.0,1,0,0,0,1.0,0.0,1,1,0.0,0.0,0,1,0,0,0,0,0,1,1.0,0.0,0.0,0.0,0.0,0.0,0.0,0.0,0.0,0.0,0.0,0.0,0.0,0.0,0.0,0.0,0.0,0.0,0.0,0.0,0.0,0.0,0.0,1.0,0.0,1.0,0,0,0,0,0,0,benign,0,-,CTU-IoT-Malware-Capture-1-1,0,none,none
180,6,48.0,2.998828,3,0,1.000390819346758,0.0,0.0,180,180,0.0,3,0,0,0,3.0,0.0,1,1,48.0,0.0,0,1,0,0,0,0,0,1,1.0,0.0,0.0,0.0,0.0,0.0,0.0,0.0,0.0,0.0,0.0,0.0,0.0,0.0,0.0,0.0,2.998828,0.0,0.0,0.0,1.0,1.0,1.0,0.0,0.0,1.0,0,0,0,1,1,1,malicious,1,PartOfAHorizontalPortScan,CTU-IoT-Malware-Capture-1-1,1,header,high
60,6,0.0,0.0,1,0,0.0,0.0,0.0,60,60,0.0,1,0,0,0,1.0,0.0,1,1,0.0,0.0,0,1,0,0,0,0,0,1,1.0,0.0,0.0,0.0,0.0,0.0,0.0,0.0,0.0,0.0,0.0,0.0,0.0,0.0,0.0,0.0,0.0,0.0,0.0,0.0,0.0,0.0,0.0,1.0,0.0,1.0,0,0,0,0,0,0,benign,0,-,CTU-IoT-Malware-Capture-1-1,0,none,none
40,17,0.0,0.0,1,0,0.0,0.0,0.0,40,40,0.0,1,0,0,0,1.0,0.0,1,1,0.0,0.0,0,1,0,0,0,0,0,1,1.0,0.0,0.0,0.0,0.0,0.0,0.0,0.0,0.0,0.0,0.0,0.0,0.0,0.0,0.0,0.0,0.0,0.0,0.0,0.0,0.0,0.0,0.0,1.0,0.0,1.0,0,0,0,0,0,0,benign,0,-,CTU-IoT-Malware-Capture-1-1,0,none,none
40,17,0.0,0.0,1,0,0.0,0.0,0.0,40,40,0.0,1,0,0,0,1.0,0.0,1,1,0.0,0.0,0,1,0,0,0,0,0,1,1.0,0.0,0.0,0.0,0.0,0.0,0.0,0.0,0.0,0.0,0.0,0.0,0.0,0.0,0.0,0.0,0.0,0.0,0.0,0.0,0.0,0.0,0.0,1.0,0.0,1.0,0,0,0,0,0,0,benign,0,-,CTU-IoT-Malware-Capture-1-1,0,none,none
180,6,32.0,2.998817,3,0,1.0003944888934537,0.0,0.0,180,180,0.0,3,0,0,0,3.0,0.0,1,1,32.0,0.0,0,1,0,0,0,0,0,1,1.0,0.0,0.0,0.0,0.0,0.0,0.0,0.0,0.0,0.0,0.0,0.0,0.0,0.0,0.0,0.0,2.998817,0.0,0.0,0.0,1.0,1.0,1.0,0.0,0.0,1.0,0,0,0,1,1,1,malicious,1,PartOfAHorizontalPortScan,CTU-IoT-Malware-Capture-1-1,1,header,high
60,6,83.0,0.0,1,0,0.0,0.0,0.0,60,60,0.0,1,0,0,0,1.0,0.0,1,1,83.0,0.0,0,1,0,0,0,0,0,1,1.0,0.0,0.0,0.0,0.0,0.0,0.0,0.0,0.0,0.0,0.0,0.0,0.0,0.0,0.0,0.0,0.0,0.0,0.0,0.0,1.0,1.0,1.0,0.0,0.0,1.0,0,0,0,1,1,1,malicious,1,PartOfAHorizontalPortScan,CTU-IoT-Malware-Capture-1-1,1,header,high
40,17,0.0,0.0,1,0,0.0,0.0,0.0,40,40,0.0,1,0,0,0,1.0,0.0,1,1,0.0,0.0,0,1,0,0,0,0,0,1,1.0,0.0,0.0,0.0,0.0,0.0,0.0,0.0,0.0,0.0,0.0,0.0,0.0,0.0,0.0,0.0,0.0,0.0,0.0,0.0,0.0,0.0,0.0,1.0,0.0,1.0,0,0,0,0,0,0,benign,0,-,CTU-IoT-Malware-Capture-1-1,0,none,none
60,6,85.0,0.0,1,0,0.0,0.0,0.0,60,60,0.0,1,0,0,0,1.0,0.0,1,1,85.0,0.0,0,1,0,0,0,0,0,1,1.0,0.0,0.0,0.0,0.0,0.0,0.0,0.0,0.0,0.0,0.0,0.0,0.0,0.0,0.0,0.0,0.0,0.0,0.0,0.0,1.0,1.0,1.0,0.0,0.0,1.0,0,0,0,1,1,1,malicious,1,PartOfAHorizontalPortScan,CTU-IoT-Malware-Capture-1-1,1,header,high
60,6,102.0,0.0,1,0,0.0,0.0,0.0,60,60,0.0,1,0,0,0,1.0,0.0,1,1,102.0,0.0,0,1,0,0,0,0,0,1,1.0,0.0,0.0,0.0,0.0,0.0,0.0,0.0,0.0,0.0,0.0,0.0,0.0,0.0,0.0,0.0,0.0,0.0,0.0,0.0,1.0,1.0,1.0,0.0,0.0,1.0,0,0,0,1,1,1,malicious,1,PartOfAHorizontalPortScan,CTU-IoT-Malware-Capture-1-1,1,header,high
40,17,0.0,0.0,1,0,0.0,0.0,0.0,40,40,0.0,1,0,0,0,1.0,0.0,1,1,0.0,0.0,0,1,0,0,0,0,0,1,1.0,0.0,0.0,0.0,0.0,0.0,0.0,0.0,0.0,0.0,0.0,0.0,0.0,0.0,0.0,0.0,0.0,0.0,0.0,0.0,0.0,0.0,0.0,1.0,0.0,1.0,0,0,0,0,0,0,benign,0,-,CTU-IoT-Malware-Capture-1-1,0,none,none
60,6,40.0,0.0,1,0,0.0,0.0,0.0,60,60,0.0,1,0,0,0,1.0,0.0,1,1,40.0,0.0,0,1,0,0,0,0,0,1,1.0,0.0,0.0,0.0,0.0,0.0,0.0,0.0,0.0,0.0,0.0,0.0,0.0,0.0,0.0,0.0,0.0,0.0,0.0,0.0,1.0,1.0,1.0,0.0,0.0,1.0,0,0,0,1,1,1,malicious,1,PartOfAHorizontalPortScan,CTU-IoT-Malware-Capture-1-1,1,header,high
160,6,94.0,1.746782,3,0,1.717443848173384,0.0,0.0,160,160,0.0,2,1,0,0,2.0,0.0,1,1,94.0,0.0,0,0,0,0,1,0,0,1,0.0,0.0,0.0,1.0,0.0,0.0,0.0,0.0,0.0,0.0,0.0,0.0,0.0,0.0,0.0,0.0,1.746782,0.0,0.0,0.0,1.0,1.0,1.0,0.0,0.0,1.0,0,0,0,1,1,1,malicious,1,PartOfAHorizontalPortScan,CTU-IoT-Malware-Capture-1-1,1,header,high
40,17,0.0,0.0,1,0,0.0,0.0,0.0,40,40,0.0,1,0,0,0,1.0,0.0,1,1,0.0,0.0,0,1,0,0,0,0,0,1,1.0,0.0,0.0,0.0,0.0,0.0,0.0,0.0,0.0,0.0,0.0,0.0,0.0,0.0,0.0,0.0,0.0,0.0,0.0,0.0,0.0,0.0,0.0,1.0,0.0,1.0,0,0,0,0,0,0,benign,0,-,CTU-IoT-Malware-Capture-1-1,0,none,none
180,6,47.0,2.999069,3,0,1.0003104296700076,0.0,0.0,180,180,0.0,3,0,0,0,3.0,0.0,1,1,47.0,0.0,0,1,0,0,0,0,0,1,1.0,0.0,0.0,0.0,0.0,0.0,0.0,0.0,0.0,0.0,0.0,0.0,0.0,0.0,0.0,0.0,2.999069,0.0,0.0,0.0,1.0,1.0,1.0,0.0,0.0,1.0,0,0,0,1,1,1,malicious,1,PartOfAHorizontalPortScan,CTU-IoT-Malware-Capture-1-1,1,header,high
40,17,0.0,0.0,1,0,0.0,0.0,0.0,40,40,0.0,1,0,0,0,1.0,0.0,1,1,0.0,0.0,0,1,0,0,0,0,0,1,1.0,0.0,0.0,0.0,0.0,0.0,0.0,0.0,0.0,0.0,0.0,0.0,0.0,0.0,0.0,0.0,0.0,0.0,0.0,0.0,0.0,0.0,0.0,1.0,0.0,1.0,0,0,0,0,0,0,benign,0,-,CTU-IoT-Malware-Capture-1-1,0,none,none
60,6,40.0,0.0,1,0,0.0,0.0,0.0,60,60,0.0,1,0,0,0,1.0,0.0,1,1,40.0,0.0,0,1,0,0,0,0,0,1,1.0,0.0,0.0,0.0,0.0,0.0,0.0,0.0,0.0,0.0,0.0,0.0,0.0,0.0,0.0,0.0,0.0,0.0,0.0,0.0,1.0,1.0,1.0,0.0,0.0,1.0,0,0,0,1,1,1,malicious,1,PartOfAHorizontalPortScan,CTU-IoT-Malware-Capture-1-1,1,header,high
40,17,0.0,0.0,1,0,0.0,0.0,0.0,40,40,0.0,1,0,0,0,1.0,0.0,1,1,0.0,0.0,0,1,0,0,0,0,0,1,1.0,0.0,0.0,0.0,0.0,0.0,0.0,0.0,0.0,0.0,0.0,0.0,0.0,0.0,0.0,0.0,0.0,0.0,0.0,0.0,0.0,0.0,0.0,1.0,0.0,1.0,0,0,0,0,0,0,benign,0,-,CTU-IoT-Malware-Capture-1-1,0,none,none
60,6,51.0,0.0,1,0,0.0,0.0,0.0,60,60,0.0,1,0,0,0,1.0,0.0,1,1,51.0,0.0,0,1,0,0,0,0,0,1,1.0,0.0,0.0,0.0,0.0,0.0,0.0,0.0,0.0,0.0,0.0,0.0,0.0,0.0,0.0,0.0,0.0,0.0,0.0,0.0,1.0,1.0,1.0,0.0,0.0,1.0,0,0,0,1,1,1,malicious,1,PartOfAHorizontalPortScan,CTU-IoT-Malware-Capture-1-1,1,header,high
60,6,116.0,0.0,1,0,0.0,0.0,0.0,60,60,0.0,1,0,0,0,1.0,0.0,1,1,116.0,0.0,0,1,0,0,0,0,0,1,1.0,0.0,0.0,0.0,0.0,0.0,0.0,0.0,0.0,0.0,0.0,0.0,0.0,0.0,0.0,0.0,0.0,0.0,0.0,0.0,1.0,1.0,1.0,0.0,0.0,1.0,0,0,0,1,1,1,malicious,1,PartOfAHorizontalPortScan,CTU-IoT-Malware-Capture-1-1,1,header,high
180,6,73.0,2.999062,3,0,1.0003127644576872,0.0,0.0,180,180,0.0,3,0,0,0,3.0,0.0,1,1,73.0,0.0,0,1,0,0,0,0,0,1,1.0,0.0,0.0,0.0,0.0,0.0,0.0,0.0,0.0,0.0,0.0,0.0,0.0,0.0,0.0,0.0,2.999062,0.0,0.0,0.0,1.0,1.0,1.0,0.0,0.0,1.0,0,0,0,1,1,1,malicious,1,PartOfAHorizontalPortScan,CTU-IoT-Malware-Capture-1-1,1,header,high
56,1,0.0,0.0,1,0,0.0,0.0,0.0,56,56,0.0,1,0,0,0,1.0,0.0,1,1,0.0,0.0,0,0,0,0,0,0,0,0,0.0,0.0,0.0,0.0,0.0,0.0,0.0,0.0,0.0,0.0,0.0,0.0,0.0,0.0,0.0,0.0,0.0,0.0,0.0,0.0,0.0,0.0,0.0,1.0,0.0,1.0,0,0,0,0,0,0,benign,0,-,CTU-IoT-Malware-Capture-1-1,0,none,none
60,6,87.0,0.0,1,0,0.0,0.0,0.0,60,60,0.0,1,0,0,0,1.0,0.0,1,1,87.0,0.0,0,1,0,0,0,0,0,1,1.0,0.0,0.0,0.0,0.0,0.0,0.0,0.0,0.0,0.0,0.0,0.0,0.0,0.0,0.0,0.0,0.0,0.0,0.0,0.0,1.0,1.0,1.0,0.0,0.0,1.0,0,0,0,1,1,1,malicious,1,PartOfAHorizontalPortScan,CTU-IoT-Malware-Capture-1-1,1,header,high
40,17,0.0,0.0,1,0,0.0,0.0,0.0,40,40,0.0,1,0,0,0,1.0,0.0,1,1,0.0,0.0,0,1,0,0,0,0,0,1,1.0,0.0,0.0,0.0,0.0,0.0,0.0,0.0,0.0,0.0,0.0,0.0,0.0,0.0,0.0,0.0,0.0,0.0,0.0,0.0,0.0,0.0,0.0,1.0,0.0,1.0,0,0,0,0,0,0,benign,0,-,CTU-IoT-Malware-Capture-1-1,0,none,none
40,17,0.0,0.0,1,0,0.0,0.0,0.0,40,40,0.0,1,0,0,0,1.0,0.0,1,1,0.0,0.0,0,1,0,0,0,0,0,1,1.0,0.0,0.0,0.0,0.0,0.0,0.0,0.0,0.0,0.0,0.0,0.0,0.0,0.0,0.0,0.0,0.0,0.0,0.0,0.0,0.0,0.0,0.0,1.0,0.0,1.0,0,0,0,0,0,0,benign,0,-,CTU-IoT-Malware-Capture-1-1,0,none,none
40,17,0.0,0.0,1,0,0.0,0.0,0.0,40,40,0.0,1,0,0,0,1.0,0.0,1,1,0.0,0.0,0,1,0,0,0,0,0,1,1.0,0.0,0.0,0.0,0.0,0.0,0.0,0.0,0.0,0.0,0.0,0.0,0.0,0.0,0.0,0.0,0.0,0.0,0.0,0.0,0.0,0.0,0.0,1.0,0.0,1.0,0,0,0,0,0,0,benign,0,-,CTU-IoT-Malware-Capture-1-1,0,none,none
60,6,92.0,0.0,1,0,0.0,0.0,0.0,60,60,0.0,1,0,0,0,1.0,0.0,1,1,92.0,0.0,0,1,0,0,0,0,0,1,1.0,0.0,0.0,0.0,0.0,0.0,0.0,0.0,0.0,0.0,0.0,0.0,0.0,0.0,0.0,0.0,0.0,0.0,0.0,0.0,1.0,1.0,1.0,0.0,0.0,1.0,0,0,0,1,1,1,malicious,1,PartOfAHorizontalPortScan,CTU-IoT-Malware-Capture-1-1,1,header,high
40,17,0.0,0.0,1,0,0.0,0.0,0.0,40,40,0.0,1,0,0,0,1.0,0.0,1,1,0.0,0.0,0,1,0,0,0,0,0,1,1.0,0.0,0.0,0.0,0.0,0.0,0.0,0.0,0.0,0.0,0.0,0.0,0.0,0.0,0.0,0.0,0.0,0.0,0.0,0.0,0.0,0.0,0.0,1.0,0.0,1.0,0,0,0,0,0,0,benign,0,-,CTU-IoT-Malware-Capture-1-1,0,none,none
40,17,0.0,0.0,1,0,0.0,0.0,0.0,40,40,0.0,1,0,0,0,1.0,0.0,1,1,0.0,0.0,0,1,0,0,0,0,0,1,1.0,0.0,0.0,0.0,0.0,0.0,0.0,0.0,0.0,0.0,0.0,0.0,0.0,0.0,0.0,0.0,0.0,0.0,0.0,0.0,0.0,0.0,0.0,1.0,0.0,1.0,0,0,0,0,0,0,benign,0,-,CTU-IoT-Malware-Capture-1-1,0,none,none
40,17,0.0,0.0,1,0,0.0,0.0,0.0,40,40,0.0,1,0,0,0,1.0,0.0,1,1,0.0,0.0,0,1,0,0,0,0,0,1,1.0,0.0,0.0,0.0,0.0,0.0,0.0,0.0,0.0,0.0,0.0,0.0,0.0,0.0,0.0,0.0,0.0,0.0,0.0,0.0,0.0,0.0,0.0,1.0,0.0,1.0,0,0,0,0,0,0,benign,0,-,CTU-IoT-Malware-Capture-1-1,0,none,none
180,6,59.0,2.998565,3,0,1.0004785622456074,0.0,0.0,180,180,0.0,3,0,0,0,3.0,0.0,1,1,59.0,0.0,0,1,0,0,0,0,0,1,1.0,0.0,0.0,0.0,0.0,0.0,0.0,0.0,0.0,0.0,0.0,0.0,0.0,0.0,0.0,0.0,2.998565,0.0,0.0,0.0,1.0,1.0,1.0,0.0,0.0,1.0,0,0,0,1,1,1,malicious,1,PartOfAHorizontalPortScan,CTU-IoT-Malware-Capture-1-1,1,header,high
180,6,62.0,2.999078,3,0,1.0003074278161488,0.0,0.0,180,180,0.0,3,0,0,0,3.0,0.0,1,1,62.0,0.0,0,1,0,0,0,0,0,1,1.0,0.0,0.0,0.0,0.0,0.0,0.0,0.0,0.0,0.0,0.0,0.0,0.0,0.0,0.0,0.0,2.999078,0.0,0.0,0.0,1.0,1.0,1.0,0.0,0.0,1.0,0,0,0,1,1,1,malicious,1,PartOfAHorizontalPortScan,CTU-IoT-Malware-Capture-1-1,1,header,high
40,17,0.0,0.0,1,0,0.0,0.0,0.0,40,40,0.0,1,0,0,0,1.0,0.0,1,1,0.0,0.0,0,1,0,0,0,0,0,1,1.0,0.0,0.0,0.0,0.0,0.0,0.0,0.0,0.0,0.0,0.0,0.0,0.0,0.0,0.0,0.0,0.0,0.0,0.0,0.0,0.0,0.0,0.0,1.0,0.0,1.0,0,0,0,0,0,0,benign,0,-,CTU-IoT-Malware-Capture-1-1,0,none,none
100,6,127.0,0.120683,2,0,16.572342417739037,0.0,0.0,100,100,0.0,1,1,0,0,1.0,0.0,1,1,127.0,0.0,0,0,0,0,1,0,0,1,0.0,0.0,0.0,1.0,0.0,0.0,0.0,0.0,0.0,0.0,0.0,0.0,0.0,0.0,0.0,0.0,0.120683,0.0,0.0,0.0,1.0,1.0,1.0,0.0,0.0,1.0,0,0,0,1,1,1,malicious,1,PartOfAHorizontalPortScan,CTU-IoT-Malware-Capture-1-1,1,header,high
40,17,0.0,0.0,1,0,0.0,0.0,0.0,40,40,0.0,1,0,0,0,1.0,0.0,1,1,0.0,0.0,0,1,0,0,0,0,0,1,1.0,0.0,0.0,0.0,0.0,0.0,0.0,0.0,0.0,0.0,0.0,0.0,0.0,0.0,0.0,0.0,0.0,0.0,0.0,0.0,0.0,0.0,0.0,1.0,0.0,1.0,0,0,0,0,0,0,benign,0,-,CTU-IoT-Malware-Capture-1-1,0,none,none
60,6,84.0,0.0,1,0,0.0,0.0,0.0,60,60,0.0,1,0,0,0,1.0,0.0,1,1,84.0,0.0,0,1,0,0,0,0,0,1,1.0,0.0,0.0,0.0,0.0,0.0,0.0,0.0,0.0,0.0,0.0,0.0,0.0,0.0,0.0,0.0,0.0,0.0,0.0,0.0,1.0,1.0,1.0,0.0,0.0,1.0,0,0,0,1,1,1,malicious,1,PartOfAHorizontalPortScan,CTU-IoT-Malware-Capture-1-1,1,header,high
60,6,95.0,0.0,1,0,0.0,0.0,0.0,60,60,0.0,1,0,0,0,1.0,0.0,1,1,95.0,0.0,0,1,0,0,0,0,0,1,1.0,0.0,0.0,0.0,0.0,0.0,0.0,0.0,0.0,0.0,0.0,0.0,0.0,0.0,0.0,0.0,0.0,0.0,0.0,0.0,1.0,1.0,1.0,0.0,0.0,1.0,0,0,0,1,1,1,malicious,1,PartOfAHorizontalPortScan,CTU-IoT-Malware-Capture-1-1,1,header,high
60,6,116.0,0.0,1,0,0.0,0.0,0.0,60,60,0.0,1,0,0,0,1.0,0.0,1,1,116.0,0.0,0,1,0,0,0,0,0,1,1.0,0.0,0.0,0.0,0.0,0.0,0.0,0.0,0.0,0.0,0.0,0.0,0.0,0.0,0.0,0.0,0.0,0.0,0.0,0.0,1.0,1.0,1.0,0.0,0.0,1.0,0,0,0,1,1,1,malicious,1,PartOfAHorizontalPortScan,CTU-IoT-Malware-Capture-1-1,1,header,high
40,17,0.0,0.0,1,0,0.0,0.0,0.0,40,40,0.0,1,0,0,0,1.0,0.0,1,1,0.0,0.0,0,1,0,0,0,0,0,1,1.0,0.0,0.0,0.0,0.0,0.0,0.0,0.0,0.0,0.0,0.0,0.0,0.0,0.0,0.0,0.0,0.0,0.0,0.0,0.0,0.0,0.0,0.0,1.0,0.0,1.0,0,0,0,0,0,0,benign,0,-,CTU-IoT-Malware-Capture-1-1,0,none,none
40,17,0.0,0.0,1,0,0.0,0.0,0.0,40,40,0.0,1,0,0,0,1.0,0.0,1,1,0.0,0.0,0,1,0,0,0,0,0,1,1.0,0.0,0.0,0.0,0.0,0.0,0.0,0.0,0.0,0.0,0.0,0.0,0.0,0.0,0.0,0.0,0.0,0.0,0.0,0.0,0.0,0.0,0.0,1.0,0.0,1.0,0,0,0,0,0,0,benign,0,-,CTU-IoT-Malware-Capture-1-1,0,none,none
60,6,127.0,0.0,1,0,0.0,0.0,0.0,60,60,0.0,1,0,0,0,1.0,0.0,1,1,127.0,0.0,0,1,0,0,0,0,0,1,1.0,0.0,0.0,0.0,0.0,0.0,0.0,0.0,0.0,0.0,0.0,0.0,0.0,0.0,0.0,0.0,0.0,0.0,0.0,0.0,1.0,1.0,1.0,0.0,0.0,1.0,0,0,0,1,1,1,malicious,1,PartOfAHorizontalPortScan,CTU-IoT-Malware-Capture-1-1,1,header,high
60,6,32.0,0.0,1,0,0.0,0.0,0.0,60,60,0.0,1,0,0,0,1.0,0.0,1,1,32.0,0.0,0,1,0,0,0,0,0,1,1.0,0.0,0.0,0.0,0.0,0.0,0.0,0.0,0.0,0.0,0.0,0.0,0.0,0.0,0.0,0.0,0.0,0.0,0.0,0.0,1.0,1.0,1.0,0.0,0.0,1.0,0,0,0,1,1,1,malicious,1,PartOfAHorizontalPortScan,CTU-IoT-Malware-Capture-1-1,1,header,high
40,17,0.0,0.0,1,0,0.0,0.0,0.0,40,40,0.0,1,0,0,0,1.0,0.0,1,1,0.0,0.0,0,1,0,0,0,0,0,1,1.0,0.0,0.0,0.0,0.0,0.0,0.0,0.0,0.0,0.0,0.0,0.0,0.0,0.0,0.0,0.0,0.0,0.0,0.0,0.0,0.0,0.0,0.0,1.0,0.0,1.0,0,0,0,0,0,0,benign,0,-,CTU-IoT-Malware-Capture-1-1,0,none,none
60,6,102.0,0.0,1,0,0.0,0.0,0.0,60,60,0.0,1,0,0,0,1.0,0.0,1,1,102.0,0.0,0,1,0,0,0,0,0,1,1.0,0.0,0.0,0.0,0.0,0.0,0.0,0.0,0.0,0.0,0.0,0.0,0.0,0.0,0.0,0.0,0.0,0.0,0.0,0.0,1.0,1.0,1.0,0.0,0.0,1.0,0,0,0,1,1,1,malicious,1,PartOfAHorizontalPortScan,CTU-IoT-Malware-Capture-1-1,1,header,high
60,6,0.0,0.0,1,0,0.0,0.0,0.0,60,60,0.0,1,0,0,0,1.0,0.0,1,1,0.0,0.0,0,1,0,0,0,0,0,1,1.0,0.0,0.0,0.0,0.0,0.0,0.0,0.0,0.0,0.0,0.0,0.0,0.0,0.0,0.0,0.0,0.0,0.0,0.0,0.0,0.0,0.0,0.0,1.0,0.0,1.0,0,0,0,0,0,0,benign,0,-,CTU-IoT-Malware-Capture-1-1,0,none,none
40,17,0.0,0.0,1,0,0.0,0.0,0.0,40,40,0.0,1,0,0,0,1.0,0.0,1,1,0.0,0.0,0,1,0,0,0,0,0,1,1.0,0.0,0.0,0.0,0.0,0.0,0.0,0.0,0.0,0.0,0.0,0.0,0.0,0.0,0.0,0.0,0.0,0.0,0.0,0.0,0.0,0.0,0.0,1.0,0.0,1.0,0,0,0,0,0,0,benign,0,-,CTU-IoT-Malware-Capture-1-1,0,none,none
60,6,64.0,0.0,1,0,0.0,0.0,0.0,60,60,0.0,1,0,0,0,1.0,0.0,1,1,64.0,0.0,0,1,0,0,0,0,0,1,1.0,0.0,0.0,0.0,0.0,0.0,0.0,0.0,0.0,0.0,0.0,0.0,0.0,0.0,0.0,0.0,0.0,0.0,0.0,0.0,1.0,1.0,1.0,0.0,0.0,1.0,0,0,0,1,1,1,malicious,1,PartOfAHorizontalPortScan,CTU-IoT-Malware-Capture-1-1,1,header,high
60,6,36.0,0.0,1,0,0.0,0.0,0.0,60,60,0.0,1,0,0,0,1.0,0.0,1,1,36.0,0.0,0,1,0,0,0,0,0,1,1.0,0.0,0.0,0.0,0.0,0.0,0.0,0.0,0.0,0.0,0.0,0.0,0.0,0.0,0.0,0.0,0.0,0.0,0.0,0.0,1.0,1.0,1.0,0.0,0.0,1.0,0,0,0,1,1,1,malicious,1,PartOfAHorizontalPortScan,CTU-IoT-Malware-Capture-1-1,1,header,high
60,6,37.0,0.0,1,0,0.0,0.0,0.0,60,60,0.0,1,0,0,0,1.0,0.0,1,1,37.0,0.0,0,1,0,0,0,0,0,1,1.0,0.0,0.0,0.0,0.0,0.0,0.0,0.0,0.0,0.0,0.0,0.0,0.0,0.0,0.0,0.0,0.0,0.0,0.0,0.0,1.0,1.0,1.0,0.0,0.0,1.0,0,0,0,1,1,1,malicious,1,PartOfAHorizontalPortScan,CTU-IoT-Malware-Capture-1-1,1,header,high
60,6,68.0,0.0,1,0,0.0,0.0,0.0,60,60,0.0,1,0,0,0,1.0,0.0,1,1,68.0,0.0,0,1,0,0,0,0,0,1,1.0,0.0,0.0,0.0,0.0,0.0,0.0,0.0,0.0,0.0,0.0,0.0,0.0,0.0,0.0,0.0,0.0,0.0,0.0,0.0,1.0,1.0,1.0,0.0,0.0,1.0,0,0,0,1,1,1,malicious,1,PartOfAHorizontalPortScan,CTU-IoT-Malware-Capture-1-1,1,header,high
40,17,0.0,0.0,1,0,0.0,0.0,0.0,40,40,0.0,1,0,0,0,1.0,0.0,1,1,0.0,0.0,0,1,0,0,0,0,0,1,1.0,0.0,0.0,0.0,0.0,0.0,0.0,0.0,0.0,0.0,0.0,0.0,0.0,0.0,0.0,0.0,0.0,0.0,0.0,0.0,0.0,0.0,0.0,1.0,0.0,1.0,0,0,0,0,0,0,benign,0,-,CTU-IoT-Malware-Capture-1-1,0,none,none
40,17,0.0,0.0,1,0,0.0,0.0,0.0,40,40,0.0,1,0,0,0,1.0,0.0,1,1,0.0,0.0,0,1,0,0,0,0,0,1,1.0,0.0,0.0,0.0,0.0,0.0,0.0,0.0,0.0,0.0,0.0,0.0,0.0,0.0,0.0,0.0,0.0,0.0,0.0,0.0,0.0,0.0,0.0,1.0,0.0,1.0,0,0,0,0,0,0,benign,0,-,CTU-IoT-Malware-Capture-1-1,0,none,none
40,17,0.0,0.0,1,0,0.0,0.0,0.0,40,40,0.0,1,0,0,0,1.0,0.0,1,1,0.0,0.0,0,1,0,0,0,0,0,1,1.0,0.0,0.0,0.0,0.0,0.0,0.0,0.0,0.0,0.0,0.0,0.0,0.0,0.0,0.0,0.0,0.0,0.0,0.0,0.0,0.0,0.0,0.0,1.0,0.0,1.0,0,0,0,0,0,0,benign,0,-,CTU-IoT-Malware-Capture-1-1,0,none,none
40,17,0.0,0.0,1,0,0.0,0.0,0.0,40,40,0.0,1,0,0,0,1.0,0.0,1,1,0.0,0.0,0,1,0,0,0,0,0,1,1.0,0.0,0.0,0.0,0.0,0.0,0.0,0.0,0.0,0.0,0.0,0.0,0.0,0.0,0.0,0.0,0.0,0.0,0.0,0.0,0.0,0.0,0.0,1.0,0.0,1.0,0,0,0,0,0,0,benign,0,-,CTU-IoT-Malware-Capture-1-1,0,none,none
180,6,48.0,2.998805,3,0,1.0003984920660063,0.0,0.0,180,180,0.0,3,0,0,0,3.0,0.0,1,1,48.0,0.0,0,1,0,0,0,0,0,1,1.0,0.0,0.0,0.0,0.0,0.0,0.0,0.0,0.0,0.0,0.0,0.0,0.0,0.0,0.0,0.0,2.998805,0.0,0.0,0.0,1.0,1.0,1.0,0.0,0.0,1.0,0,0,0,1,1,1,malicious,1,PartOfAHorizontalPortScan,CTU-IoT-Malware-Capture-1-1,1,header,high
40,17,0.0,0.0,1,0,0.0,0.0,0.0,40,40,0.0,1,0,0,0,1.0,0.0,1,1,0.0,0.0,0,1,0,0,0,0,0,1,1.0,0.0,0.0,0.0,0.0,0.0,0.0,0.0,0.0,0.0,0.0,0.0,0.0,0.0,0.0,0.0,0.0,0.0,0.0,0.0,0.0,0.0,0.0,1.0,0.0,1.0,0,0,0,0,0,0,benign,0,-,CTU-IoT-Malware-Capture-1-1,0,none,none
180,6,119.0,2.998828,3,0,1.000390819346758,0.0,0.0,180,180,0.0,3,0,0,0,3.0,0.0,1,1,119.0,0.0,0,1,0,0,0,0,0,1,1.0,0.0,0.0,0.0,0.0,0.0,0.0,0.0,0.0,0.0,0.0,0.0,0.0,0.0,0.0,0.0,2.998828,0.0,0.0,0.0,1.0,1.0,1.0,0.0,0.0,1.0,0,0,0,1,1,1,malicious,1,PartOfAHorizontalPortScan,CTU-IoT-Malware-Capture-1-1,1,header,high
60,6,115.0,0.0,1,0,0.0,0.0,0.0,60,60,0.0,1,0,0,0,1.0,0.0,1,1,115.0,0.0,0,1,0,0,0,0,0,1,1.0,0.0,0.0,0.0,0.0,0.0,0.0,0.0,0.0,0.0,0.0,0.0,0.0,0.0,0.0,0.0,0.0,0.0,0.0,0.0,1.0,1.0,1.0,0.0,0.0,1.0,0,0,0,1,1,1,malicious,1,PartOfAHorizontalPortScan,CTU-IoT-Malware-Capture-1-1,1,header,high
60,6,121.0,0.0,1,0,0.0,0.0,0.0,60,60,0.0,1,0,0,0,1.0,0.0,1,1,121.0,0.0,0,1,0,0,0,0,0,1,1.0,0.0,0.0,0.0,0.0,0.0,0.0,0.0,0.0,0.0,0.0,0.0,0.0,0.0,0.0,0.0,0.0,0.0,0.0,0.0,1.0,1.0,1.0,0.0,0.0,1.0,0,0,0,1,1,1,malicious,1,PartOfAHorizontalPortScan,CTU-IoT-Malware-Capture-1-1,1,header,high
60,6,121.0,0.0,1,0,0.0,0.0,0.0,60,60,0.0,1,0,0,0,1.0,0.0,1,1,121.0,0.0,0,1,0,0,0,0,0,1,1.0,0.0,0.0,0.0,0.0,0.0,0.0,0.0,0.0,0.0,0.0,0.0,0.0,0.0,0.0,0.0,0.0,0.0,0.0,0.0,1.0,1.0,1.0,0.0,0.0,1.0,0,0,0,1,1,1,malicious,1,PartOfAHorizontalPortScan,CTU-IoT-Malware-Capture-1-1,1,header,high
60,6,112.0,0.0,1,0,0.0,0.0,0.0,60,60,0.0,1,0,0,0,1.0,0.0,1,1,112.0,0.0,0,1,0,0,0,0,0,1,1.0,0.0,0.0,0.0,0.0,0.0,0.0,0.0,0.0,0.0,0.0,0.0,0.0,0.0,0.0,0.0,0.0,0.0,0.0,0.0,1.0,1.0,1.0,0.0,0.0,1.0,0,0,0,1,1,1,malicious,1,PartOfAHorizontalPortScan,CTU-IoT-Malware-Capture-1-1,1,header,high
180,6,0.0,2.999056,3,0,1.0003147657129443,0.0,0.0,180,180,0.0,3,0,0,0,3.0,0.0,1,1,0.0,0.0,0,1,0,0,0,0,0,1,1.0,0.0,0.0,0.0,0.0,0.0,0.0,0.0,0.0,0.0,0.0,0.0,0.0,0.0,0.0,0.0,2.999056,0.0,0.0,0.0,0.0,0.0,0.0,1.0,0.0,1.0,0,0,0,0,0,0,benign,0,-,CTU-IoT-Malware-Capture-1-1,0,none,none
40,17,0.0,0.0,1,0,0.0,0.0,0.0,40,40,0.0,1,0,0,0,1.0,0.0,1,1,0.0,0.0,0,1,0,0,0,0,0,1,1.0,0.0,0.0,0.0,0.0,0.0,0.0,0.0,0.0,0.0,0.0,0.0,0.0,0.0,0.0,0.0,0.0,0.0,0.0,0.0,0.0,0.0,0.0,1.0,0.0,1.0,0,0,0,0,0,0,benign,0,-,CTU-IoT-Malware-Capture-1-1,0,none,none
60,6,40.0,0.0,1,0,0.0,0.0,0.0,60,60,0.0,1,0,0,0,1.0,0.0,1,1,40.0,0.0,0,1,0,0,0,0,0,1,1.0,0.0,0.0,0.0,0.0,0.0,0.0,0.0,0.0,0.0,0.0,0.0,0.0,0.0,0.0,0.0,0.0,0.0,0.0,0.0,1.0,1.0,1.0,0.0,0.0,1.0,0,0,0,1,1,1,malicious,1,PartOfAHorizontalPortScan,CTU-IoT-Malware-Capture-1-1,1,header,high
68,1,0.0,0.0,1,0,0.0,0.0,0.0,68,68,0.0,1,0,0,0,1.0,0.0,1,1,0.0,0.0,0,0,0,0,0,0,0,0,0.0,0.0,0.0,0.0,0.0,0.0,0.0,0.0,0.0,0.0,0.0,0.0,0.0,0.0,0.0,0.0,0.0,0.0,0.0,0.0,0.0,0.0,0.0,1.0,0.0,1.0,0,0,0,0,0,0,benign,0,-,CTU-IoT-Malware-Capture-1-1,0,none,none
180,6,65.0,2.999065,3,0,1.0003117638330614,0.0,0.0,180,180,0.0,3,0,0,0,3.0,0.0,1,1,65.0,0.0,0,1,0,0,0,0,0,1,1.0,0.0,0.0,0.0,0.0,0.0,0.0,0.0,0.0,0.0,0.0,0.0,0.0,0.0,0.0,0.0,2.999065,0.0,0.0,0.0,1.0,1.0,1.0,0.0,0.0,1.0,0,0,0,1,1,1,malicious,1,PartOfAHorizontalPortScan,CTU-IoT-Malware-Capture-1-1,1,header,high
40,17,0.0,0.0,1,0,0.0,0.0,0.0,40,40,0.0,1,0,0,0,1.0,0.0,1,1,0.0,0.0,0,1,0,0,0,0,0,1,1.0,0.0,0.0,0.0,0.0,0.0,0.0,0.0,0.0,0.0,0.0,0.0,0.0,0.0,0.0,0.0,0.0,0.0,0.0,0.0,0.0,0.0,0.0,1.0,0.0,1.0,0,0,0,0,0,0,benign,0,-,CTU-IoT-Malware-Capture-1-1,0,none,none
40,17,0.0,0.0,1,0,0.0,0.0,0.0,40,40,0.0,1,0,0,0,1.0,0.0,1,1,0.0,0.0,0,1,0,0,0,0,0,1,1.0,0.0,0.0,0.0,0.0,0.0,0.0,0.0,0.0,0.0,0.0,0.0,0.0,0.0,0.0,0.0,0.0,0.0,0.0,0.0,0.0,0.0,0.0,1.0,0.0,1.0,0,0,0,0,0,0,benign,0,-,CTU-IoT-Malware-Capture-1-1,0,none,none
40,17,0.0,0.0,1,0,0.0,0.0,0.0,40,40,0.0,1,0,0,0,1.0,0.0,1,1,0.0,0.0,0,1,0,0,0,0,0,1,1.0,0.0,0.0,0.0,0.0,0.0,0.0,0.0,0.0,0.0,0.0,0.0,0.0,0.0,0.0,0.0,0.0,0.0,0.0,0.0,0.0,0.0,0.0,1.0,0.0,1.0,0,0,0,0,0,0,benign,0,-,CTU-IoT-Malware-Capture-1-1,0,none,none
60,6,72.0,0.0,1,0,0.0,0.0,0.0,60,60,0.0,1,0,0,0,1.0,0.0,1,1,72.0,0.0,0,1,0,0,0,0,0,1,1.0,0.0,0.0,0.0,0.0,0.0,0.0,0.0,0.0,0.0,0.0,0.0,0.0,0.0,0.0,0.0,0.0,0.0,0.0,0.0,1.0,1.0,1.0,0.0,0.0,1.0,0,0,0,1,1,1,malicious,1,PartOfAHorizontalPortScan,CTU-IoT-Malware-Capture-1-1,1,header,high
180,6,100.0,2.998826,3,0,1.000391486535064,0.0,0.0,180,180,0.0,3,0,0,0,3.0,0.0,1,1,100.0,0.0,0,1,0,0,0,0,0,1,1.0,0.0,0.0,0.0,0.0,0.0,0.0,0.0,0.0,0.0,0.0,0.0,0.0,0.0,0.0,0.0,2.998826,0.0,0.0,0.0,1.0,1.0,1.0,0.0,0.0,1.0,0,0,0,1,1,1,malicious,1,PartOfAHorizontalPortScan,CTU-IoT-Malware-Capture-1-1,1,header,high
60,6,73.0,0.0,1,0,0.0,0.0,0.0,60,60,0.0,1,0,0,0,1.0,0.0,1,1,73.0,0.0,0,1,0,0,0,0,0,1,1.0,0.0,0.0,0.0,0.0,0.0,0.0,0.0,0.0,0.0,0.0,0.0,0.0,0.0,0.0,0.0,0.0,0.0,0.0,0.0,1.0,1.0,1.0,0.0,0.0,1.0,0,0,0,1,1,1,malicious,1,PartOfAHorizontalPortScan,CTU-IoT-Malware-Capture-1-1,1,header,high
60,6,47.0,0.0,1,0,0.0,0.0,0.0,60,60,0.0,1,0,0,0,1.0,0.0,1,1,47.0,0.0,0,1,0,0,0,0,0,1,1.0,0.0,0.0,0.0,0.0,0.0,0.0,0.0,0.0,0.0,0.0,0.0,0.0,0.0,0.0,0.0,0.0,0.0,0.0,0.0,1.0,1.0,1.0,0.0,0.0,1.0,0,0,0,1,1,1,malicious,1,PartOfAHorizontalPortScan,CTU-IoT-Malware-Capture-1-1,1,header,high
60,6,0.0,0.0,1,0,0.0,0.0,0.0,60,60,0.0,1,0,0,0,1.0,0.0,1,1,0.0,0.0,0,1,0,0,0,0,0,1,1.0,0.0,0.0,0.0,0.0,0.0,0.0,0.0,0.0,0.0,0.0,0.0,0.0,0.0,0.0,0.0,0.0,0.0,0.0,0.0,0.0,0.0,0.0,1.0,0.0,1.0,0,0,0,0,0,0,benign,0,-,CTU-IoT-Malware-Capture-1-1,0,none,none
60,6,51.0,0.0,1,0,0.0,0.0,0.0,60,60,0.0,1,0,0,0,1.0,0.0,1,1,51.0,0.0,0,1,0,0,0,0,0,1,1.0,0.0,0.0,0.0,0.0,0.0,0.0,0.0,0.0,0.0,0.0,0.0,0.0,0.0,0.0,0.0,0.0,0.0,0.0,0.0,1.0,1.0,1.0,0.0,0.0,1.0,0,0,0,1,1,1,malicious,1,PartOfAHorizontalPortScan,CTU-IoT-Malware-Capture-1-1,1,header,high
180,6,47.0,2.998567,3,0,1.0004778949411501,0.0,0.0,180,180,0.0,3,0,0,0,3.0,0.0,1,1,47.0,0.0,0,1,0,0,0,0,0,1,1.0,0.0,0.0,0.0,0.0,0.0,0.0,0.0,0.0,0.0,0.0,0.0,0.0,0.0,0.0,0.0,2.998567,0.0,0.0,0.0,1.0,1.0,1.0,0.0,0.0,1.0,0,0,0,1,1,1,malicious,1,PartOfAHorizontalPortScan,CTU-IoT-Malware-Capture-1-1,1,header,high
60,6,88.0,0.0,1,0,0.0,0.0,0.0,60,60,0.0,1,0,0,0,1.0,0.0,1,1,88.0,0.0,0,1,0,0,0,0,0,1,1.0,0.0,0.0,0.0,0.0,0.0,0.0,0.0,0.0,0.0,0.0,0.0,0.0,0.0,0.0,0.0,0.0,0.0,0.0,0.0,1.0,1.0,1.0,0.0,0.0,1.0,0,0,0,1,1,1,malicious,1,PartOfAHorizontalPortScan,CTU-IoT-Malware-Capture-1-1,1,header,high
40,17,0.0,0.0,1,0,0.0,0.0,0.0,40,40,0.0,1,0,0,0,1.0,0.0,1,1,0.0,0.0,0,1,0,0,0,0,0,1,1.0,0.0,0.0,0.0,0.0,0.0,0.0,0.0,0.0,0.0,0.0,0.0,0.0,0.0,0.0,0.0,0.0,0.0,0.0,0.0,0.0,0.0,0.0,1.0,0.0,1.0,0,0,0,0,0,0,benign,0,-,CTU-IoT-Malware-Capture-1-1,0,none,none
40,17,0.0,0.0,1,0,0.0,0.0,0.0,40,40,0.0,1,0,0,0,1.0,0.0,1,1,0.0,0.0,0,1,0,0,0,0,0,1,1.0,0.0,0.0,0.0,0.0,0.0,0.0,0.0,0.0,0.0,0.0,0.0,0.0,0.0,0.0,0.0,0.0,0.0,0.0,0.0,0.0,0.0,0.0,1.0,0.0,1.0,0,0,0,0,0,0,benign,0,-,CTU-IoT-Malware-Capture-1-1,0,none,none
60,6,70.0,0.0,1,0,0.0,0.0,0.0,60,60,0.0,1,0,0,0,1.0,0.0,1,1,70.0,0.0,0,1,0,0,0,0,0,1,1.0,0.0,0.0,0.0,0.0,0.0,0.0,0.0,0.0,0.0,0.0,0.0,0.0,0.0,0.0,0.0,0.0,0.0,0.0,0.0,1.0,1.0,1.0,0.0,0.0,1.0,0,0,0,1,1,1,malicious,1,PartOfAHorizontalPortScan,CTU-IoT-Malware-Capture-1-1,1,header,high
60,6,75.0,0.0,1,0,0.0,0.0,0.0,60,60,0.0,1,0,0,0,1.0,0.0,1,1,75.0,0.0,0,1,0,0,0,0,0,1,1.0,0.0,0.0,0.0,0.0,0.0,0.0,0.0,0.0,0.0,0.0,0.0,0.0,0.0,0.0,0.0,0.0,0.0,0.0,0.0,1.0,1.0,1.0,0.0,0.0,1.0,0,0,0,1,1,1,malicious,1,PartOfAHorizontalPortScan,CTU-IoT-Malware-Capture-1-1,1,header,high
40,17,0.0,0.0,1,0,0.0,0.0,0.0,40,40,0.0,1,0,0,0,1.0,0.0,1,1,0.0,0.0,0,1,0,0,0,0,0,1,1.0,0.0,0.0,0.0,0.0,0.0,0.0,0.0,0.0,0.0,0.0,0.0,0.0,0.0,0.0,0.0,0.0,0.0,0.0,0.0,0.0,0.0,0.0,1.0,0.0,1.0,0,0,0,0,0,0,benign,0,-,CTU-IoT-Malware-Capture-1-1,0,none,none
60,6,33.0,0.0,1,0,0.0,0.0,0.0,60,60,0.0,1,0,0,0,1.0,0.0,1,1,33.0,0.0,0,1,0,0,0,0,0,1,1.0,0.0,0.0,0.0,0.0,0.0,0.0,0.0,0.0,0.0,0.0,0.0,0.0,0.0,0.0,0.0,0.0,0.0,0.0,0.0,1.0,1.0,1.0,0.0,0.0,1.0,0,0,0,1,1,1,malicious,1,PartOfAHorizontalPortScan,CTU-IoT-Malware-Capture-1-1,1,header,high
60,6,0.0,0.0,1,0,0.0,0.0,0.0,60,60,0.0,1,0,0,0,1.0,0.0,1,1,0.0,0.0,0,1,0,0,0,0,0,1,1.0,0.0,0.0,0.0,0.0,0.0,0.0,0.0,0.0,0.0,0.0,0.0,0.0,0.0,0.0,0.0,0.0,0.0,0.0,0.0,0.0,0.0,0.0,1.0,0.0,1.0,0,0,0,0,0,0,benign,0,-,CTU-IoT-Malware-Capture-1-1,0,none,none
40,17,0.0,0.0,1,0,0.0,0.0,0.0,40,40,0.0,1,0,0,0,1.0,0.0,1,1,0.0,0.0,0,1,0,0,0,0,0,1,1.0,0.0,0.0,0.0,0.0,0.0,0.0,0.0,0.0,0.0,0.0,0.0,0.0,0.0,0.0,0.0,0.0,0.0,0.0,0.0,0.0,0.0,0.0,1.0,0.0,1.0,0,0,0,0,0,0,benign,0,-,CTU-IoT-Malware-Capture-1-1,0,none,none
180,6,0.0,2.998825,3,0,1.0003918201295507,0.0,0.0,180,180,0.0,3,0,0,0,3.0,0.0,1,1,0.0,0.0,0,1,0,0,0,0,0,1,1.0,0.0,0.0,0.0,0.0,0.0,0.0,0.0,0.0,0.0,0.0,0.0,0.0,0.0,0.0,0.0,2.998825,0.0,0.0,0.0,0.0,0.0,0.0,1.0,0.0,1.0,0,0,0,0,0,0,benign,0,-,CTU-IoT-Malware-Capture-1-1,0,none,none
60,6,96.0,0.0,1,0,0.0,0.0,0.0,60,60,0.0,1,0,0,0,1.0,0.0,1,1,96.0,0.0,0,1,0,0,0,0,0,1,1.0,0.0,0.0,0.0,0.0,0.0,0.0,0.0,0.0,0.0,0.0,0.0,0.0,0.0,0.0,0.0,0.0,0.0,0.0,0.0,1.0,1.0,1.0,0.0,0.0,1.0,0,0,0,1,1,1,malicious,1,PartOfAHorizontalPortScan,CTU-IoT-Malware-Capture-1-1,1,header,high
40,17,0.0,0.0,1,0,0.0,0.0,0.0,40,40,0.0,1,0,0,0,1.0,0.0,1,1,0.0,0.0,0,1,0,0,0,0,0,1,1.0,0.0,0.0,0.0,0.0,0.0,0.0,0.0,0.0,0.0,0.0,0.0,0.0,0.0,0.0,0.0,0.0,0.0,0.0,0.0,0.0,0.0,0.0,1.0,0.0,1.0,0,0,0,0,0,0,benign,0,-,CTU-IoT-Malware-Capture-1-1,0,none,none
40,17,0.0,0.0,1,0,0.0,0.0,0.0,40,40,0.0,1,0,0,0,1.0,0.0,1,1,0.0,0.0,0,1,0,0,0,0,0,1,1.0,0.0,0.0,0.0,0.0,0.0,0.0,0.0,0.0,0.0,0.0,0.0,0.0,0.0,0.0,0.0,0.0,0.0,0.0,0.0,0.0,0.0,0.0,1.0,0.0,1.0,0,0,0,0,0,0,benign,0,-,CTU-IoT-Malware-Capture-1-1,0,none,none
60,6,58.0,0.0,1,0,0.0,0.0,0.0,60,60,0.0,1,0,0,0,1.0,0.0,1,1,58.0,0.0,0,1,0,0,0,0,0,1,1.0,0.0,0.0,0.0,0.0,0.0,0.0,0.0,0.0,0.0,0.0,0.0,0.0,0.0,0.0,0.0,0.0,0.0,0.0,0.0,1.0,1.0,1.0,0.0,0.0,1.0,0,0,0,1,1,1,malicious,1,PartOfAHorizontalPortScan,CTU-IoT-Malware-Capture-1-1,1,header,high
180,6,37.0,2.999063,3,0,1.0003124309159228,0.0,0.0,180,180,0.0,3,0,0,0,3.0,0.0,1,1,37.0,0.0,0,1,0,0,0,0,0,1,1.0,0.0,0.0,0.0,0.0,0.0,0.0,0.0,0.0,0.0,0.0,0.0,0.0,0.0,0.0,0.0,2.999063,0.0,0.0,0.0,1.0,1.0,1.0,0.0,0.0,1.0,0,0,0,1,1,1,malicious,1,PartOfAHorizontalPortScan,CTU-IoT-Malware-Capture-1-1,1,header,high
180,6,80.0,2.998578,3,0,1.0004742247825469,0.0,0.0,180,180,0.0,3,0,0,0,3.0,0.0,1,1,80.0,0.0,0,1,0,0,0,0,0,1,1.0,0.0,0.0,0.0,0.0,0.0,0.0,0.0,0.0,0.0,0.0,0.0,0.0,0.0,0.0,0.0,2.998578,0.0,0.0,0.0,1.0,1.0,1.0,0.0,0.0,1.0,0,0,0,1,1,1,malicious,1,PartOfAHorizontalPortScan,CTU-IoT-Malware-Capture-1-1,1,header,high
60,6,102.0,0.0,1,0,0.0,0.0,0.0,60,60,0.0,1,0,0,0,1.0,0.0,1,1,102.0,0.0,0,1,0,0,0,0,0,1,1.0,0.0,0.0,0.0,0.0,0.0,0.0,0.0,0.0,0.0,0.0,0.0,0.0,0.0,0.0,0.0,0.0,0.0,0.0,0.0,1.0,1.0,1.0,0.0,0.0,1.0,0,0,0,1,1,1,malicious,1,PartOfAHorizontalPortScan,CTU-IoT-Malware-Capture-1-1,1,header,high
180,6,100.0,2.998315,3,0,1.0005619823133993,0.0,0.0,180,180,0.0,3,0,0,0,3.0,0.0,1,1,100.0,0.0,0,1,0,0,0,0,0,1,1.0,0.0,0.0,0.0,0.0,0.0,0.0,0.0,0.0,0.0,0.0,0.0,0.0,0.0,0.0,0.0,2.998315,0.0,0.0,0.0,1.0,1.0,1.0,0.0,0.0,1.0,0,0,0,1,1,1,malicious,1,PartOfAHorizontalPortScan,CTU-IoT-Malware-Capture-1-1,1,header,high
60,6,43.0,0.0,1,0,0.0,0.0,0.0,60,60,0.0,1,0,0,0,1.0,0.0,1,1,43.0,0.0,0,1,0,0,0,0,0,1,1.0,0.0,0.0,0.0,0.0,0.0,0.0,0.0,0.0,0.0,0.0,0.0,0.0,0.0,0.0,0.0,0.0,0.0,0.0,0.0,1.0,1.0,1.0,0.0,0.0,1.0,0,0,0,1,1,1,malicious,1,PartOfAHorizontalPortScan,CTU-IoT-Malware-Capture-1-1,1,header,high
180,6,63.0,2.998811,3,0,1.0003964904757252,0.0,0.0,180,180,0.0,3,0,0,0,3.0,0.0,1,1,63.0,0.0,0,1,0,0,0,0,0,1,1.0,0.0,0.0,0.0,0.0,0.0,0.0,0.0,0.0,0.0,0.0,0.0,0.0,0.0,0.0,0.0,2.998811,0.0,0.0,0.0,1.0,1.0,1.0,0.0,0.0,1.0,0,0,0,1,1,1,malicious,1,PartOfAHorizontalPortScan,CTU-IoT-Malware-Capture-1-1,1,header,high
60,6,87.0,0.0,1,0,0.0,0.0,0.0,60,60,0.0,1,0,0,0,1.0,0.0,1,1,87.0,0.0,0,1,0,0,0,0,0,1,1.0,0.0,0.0,0.0,0.0,0.0,0.0,0.0,0.0,0.0,0.0,0.0,0.0,0.0,0.0,0.0,0.0,0.0,0.0,0.0,1.0,1.0,1.0,0.0,0.0,1.0,0,0,0,1,1,1,malicious,1,PartOfAHorizontalPortScan,CTU-IoT-Malware-Capture-1-1,1,header,high
40,17,0.0,0.0,1,0,0.0,0.0,0.0,40,40,0.0,1,0,0,0,1.0,0.0,1,1,0.0,0.0,0,1,0,0,0,0,0,1,1.0,0.0,0.0,0.0,0.0,0.0,0.0,0.0,0.0,0.0,0.0,0.0,0.0,0.0,0.0,0.0,0.0,0.0,0.0,0.0,0.0,0.0,0.0,1.0,0.0,1.0,0,0,0,0,0,0,benign,0,-,CTU-IoT-Malware-Capture-1-1,0,none,none
40,17,0.0,0.0,1,0,0.0,0.0,0.0,40,40,0.0,1,0,0,0,1.0,0.0,1,1,0.0,0.0,0,1,0,0,0,0,0,1,1.0,0.0,0.0,0.0,0.0,0.0,0.0,0.0,0.0,0.0,0.0,0.0,0.0,0.0,0.0,0.0,0.0,0.0,0.0,0.0,0.0,0.0,0.0,1.0,0.0,1.0,0,0,0,0,0,0,benign,0,-,CTU-IoT-Malware-Capture-1-1,0,none,none
180,6,106.0,2.999057,3,0,1.0003144321698454,0.0,0.0,180,180,0.0,3,0,0,0,3.0,0.0,1,1,106.0,0.0,0,1,0,0,0,0,0,1,1.0,0.0,0.0,0.0,0.0,0.0,0.0,0.0,0.0,0.0,0.0,0.0,0.0,0.0,0.0,0.0,2.999057,0.0,0.0,0.0,1.0,1.0,1.0,0.0,0.0,1.0,0,0,0,1,1,1,malicious,1,PartOfAHorizontalPortScan,CTU-IoT-Malware-Capture-1-1,1,header,high
40,17,0.0,0.0,1,0,0.0,0.0,0.0,40,40,0.0,1,0,0,0,1.0,0.0,1,1,0.0,0.0,0,1,0,0,0,0,0,1,1.0,0.0,0.0,0.0,0.0,0.0,0.0,0.0,0.0,0.0,0.0,0.0,0.0,0.0,0.0,0.0,0.0,0.0,0.0,0.0,0.0,0.0,0.0,1.0,0.0,1.0,0,0,0,0,0,0,benign,0,-,CTU-IoT-Malware-Capture-1-1,0,none,none
40,17,0.0,0.0,1,0,0.0,0.0,0.0,40,40,0.0,1,0,0,0,1.0,0.0,1,1,0.0,0.0,0,1,0,0,0,0,0,1,1.0,0.0,0.0,0.0,0.0,0.0,0.0,0.0,0.0,0.0,0.0,0.0,0.0,0.0,0.0,0.0,0.0,0.0,0.0,0.0,0.0,0.0,0.0,1.0,0.0,1.0,0,0,0,0,0,0,benign,0,-,CTU-IoT-Malware-Capture-1-1,0,none,none
40,17,0.0,0.0,1,0,0.0,0.0,0.0,40,40,0.0,1,0,0,0,1.0,0.0,1,1,0.0,0.0,0,1,0,0,0,0,0,1,1.0,0.0,0.0,0.0,0.0,0.0,0.0,0.0,0.0,0.0,0.0,0.0,0.0,0.0,0.0,0.0,0.0,0.0,0.0,0.0,0.0,0.0,0.0,1.0,0.0,1.0,0,0,0,0,0,0,benign,0,-,CTU-IoT-Malware-Capture-1-1,0,none,none
180,6,88.0,2.998831,3,0,1.0003898185659679,0.0,0.0,180,180,0.0,3,0,0,0,3.0,0.0,1,1,88.0,0.0,0,1,0,0,0,0,0,1,1.0,0.0,0.0,0.0,0.0,0.0,0.0,0.0,0.0,0.0,0.0,0.0,0.0,0.0,0.0,0.0,2.998831,0.0,0.0,0.0,1.0,1.0,1.0,0.0,0.0,1.0,0,0,0,1,1,1,malicious,1,PartOfAHorizontalPortScan,CTU-IoT-Malware-Capture-1-1,1,header,high
60,6,0.0,0.0,1,0,0.0,0.0,0.0,60,60,0.0,1,0,0,0,1.0,0.0,1,1,0.0,0.0,0,1,0,0,0,0,0,1,1.0,0.0,0.0,0.0,0.0,0.0,0.0,0.0,0.0,0.0,0.0,0.0,0.0,0.0,0.0,0.0,0.0,0.0,0.0,0.0,0.0,0.0,0.0,1.0,0.0,1.0,0,0,0,0,0,0,benign,0,-,CTU-IoT-Malware-Capture-1-1,0,none,none
40,17,0.0,0.0,1,0,0.0,0.0,0.0,40,40,0.0,1,0,0,0,1.0,0.0,1,1,0.0,0.0,0,1,0,0,0,0,0,1,1.0,0.0,0.0,0.0,0.0,0.0,0.0,0.0,0.0,0.0,0.0,0.0,0.0,0.0,0.0,0.0,0.0,0.0,0.0,0.0,0.0,0.0,0.0,1.0,0.0,1.0,0,0,0,0,0,0,benign,0,-,CTU-IoT-Malware-Capture-1-1,0,none,none
60,6,37.0,0.0,1,0,0.0,0.0,0.0,60,60,0.0,1,0,0,0,1.0,0.0,1,1,37.0,0.0,0,1,0,0,0,0,0,1,1.0,0.0,0.0,0.0,0.0,0.0,0.0,0.0,0.0,0.0,0.0,0.0,0.0,0.0,0.0,0.0,0.0,0.0,0.0,0.0,1.0,1.0,1.0,0.0,0.0,1.0,0,0,0,1,1,1,malicious,1,PartOfAHorizontalPortScan,CTU-IoT-Malware-Capture-1-1,1,header,high
60,6,43.0,0.0,1,0,0.0,0.0,0.0,60,60,0.0,1,0,0,0,1.0,0.0,1,1,43.0,0.0,0,1,0,0,0,0,0,1,1.0,0.0,0.0,0.0,0.0,0.0,0.0,0.0,0.0,0.0,0.0,0.0,0.0,0.0,0.0,0.0,0.0,0.0,0.0,0.0,1.0,1.0,1.0,0.0,0.0,1.0,0,0,0,1,1,1,malicious,1,PartOfAHorizontalPortScan,CTU-IoT-Malware-Capture-1-1,1,header,high
40,17,0.0,0.0,1,0,0.0,0.0,0.0,40,40,0.0,1,0,0,0,1.0,0.0,1,1,0.0,0.0,0,1,0,0,0,0,0,1,1.0,0.0,0.0,0.0,0.0,0.0,0.0,0.0,0.0,0.0,0.0,0.0,0.0,0.0,0.0,0.0,0.0,0.0,0.0,0.0,0.0,0.0,0.0,1.0,0.0,1.0,0,0,0,0,0,0,benign,0,-,CTU-IoT-Malware-Capture-1-1,0,none,none
60,6,127.0,0.0,1,0,0.0,0.0,0.0,60,60,0.0,1,0,0,0,1.0,0.0,1,1,127.0,0.0,0,1,0,0,0,0,0,1,1.0,0.0,0.0,0.0,0.0,0.0,0.0,0.0,0.0,0.0,0.0,0.0,0.0,0.0,0.0,0.0,0.0,0.0,0.0,0.0,1.0,1.0,1.0,0.0,0.0,1.0,0,0,0,1,1,1,malicious,1,PartOfAHorizontalPortScan,CTU-IoT-Malware-Capture-1-1,1,header,high
180,6,40.0,2.999066,3,0,1.0003114302919642,0.0,0.0,180,180,0.0,3,0,0,0,3.0,0.0,1,1,40.0,0.0,0,1,0,0,0,0,0,1,1.0,0.0,0.0,0.0,0.0,0.0,0.0,0.0,0.0,0.0,0.0,0.0,0.0,0.0,0.0,0.0,2.999066,0.0,0.0,0.0,1.0,1.0,1.0,0.0,0.0,1.0,0,0,0,1,1,1,malicious,1,PartOfAHorizontalPortScan,CTU-IoT-Malware-Capture-1-1,1,header,high
40,17,0.0,0.0,1,0,0.0,0.0,0.0,40,40,0.0,1,0,0,0,1.0,0.0,1,1,0.0,0.0,0,1,0,0,0,0,0,1,1.0,0.0,0.0,0.0,0.0,0.0,0.0,0.0,0.0,0.0,0.0,0.0,0.0,0.0,0.0,0.0,0.0,0.0,0.0,0.0,0.0,0.0,0.0,1.0,0.0,1.0,0,0,0,0,0,0,benign,0,-,CTU-IoT-Malware-Capture-1-1,0,none,none
180,6,102.0,2.999058,3,0,1.000314098626969,0.0,0.0,180,180,0.0,3,0,0,0,3.0,0.0,1,1,102.0,0.0,0,1,0,0,0,0,0,1,1.0,0.0,0.0,0.0,0.0,0.0,0.0,0.0,0.0,0.0,0.0,0.0,0.0,0.0,0.0,0.0,2.999058,0.0,0.0,0.0,1.0,1.0,1.0,0.0,0.0,1.0,0,0,0,1,1,1,malicious,1,PartOfAHorizontalPortScan,CTU-IoT-Malware-Capture-1-1,1,header,high
40,17,0.0,0.0,1,0,0.0,0.0,0.0,40,40,0.0,1,0,0,0,1.0,0.0,1,1,0.0,0.0,0,1,0,0,0,0,0,1,1.0,0.0,0.0,0.0,0.0,0.0,0.0,0.0,0.0,0.0,0.0,0.0,0.0,0.0,0.0,0.0,0.0,0.0,0.0,0.0,0.0,0.0,0.0,1.0,0.0,1.0,0,0,0,0,0,0,benign,0,-,CTU-IoT-Malware-Capture-1-1,0,none,none
60,6,0.0,0.0,1,0,0.0,0.0,0.0,60,60,0.0,1,0,0,0,1.0,0.0,1,1,0.0,0.0,0,1,0,0,0,0,0,1,1.0,0.0,0.0,0.0,0.0,0.0,0.0,0.0,0.0,0.0,0.0,0.0,0.0,0.0,0.0,0.0,0.0,0.0,0.0,0.0,0.0,0.0,0.0,1.0,0.0,1.0,0,0,0,0,0,0,benign,0,-,CTU-IoT-Malware-Capture-1-1,0,none,none
60,6,65.0,0.0,1,0,0.0,0.0,0.0,60,60,0.0,1,0,0,0,1.0,0.0,1,1,65.0,0.0,0,1,0,0,0,0,0,1,1.0,0.0,0.0,0.0,0.0,0.0,0.0,0.0,0.0,0.0,0.0,0.0,0.0,0.0,0.0,0.0,0.0,0.0,0.0,0.0,1.0,1.0,1.0,0.0,0.0,1.0,0,0,0,1,1,1,malicious,1,PartOfAHorizontalPortScan,CTU-IoT-Malware-Capture-1-1,1,header,high
60,6,40.0,0.0,1,0,0.0,0.0,0.0,60,60,0.0,1,0,0,0,1.0,0.0,1,1,40.0,0.0,0,1,0,0,0,0,0,1,1.0,0.0,0.0,0.0,0.0,0.0,0.0,0.0,0.0,0.0,0.0,0.0,0.0,0.0,0.0,0.0,0.0,0.0,0.0,0.0,1.0,1.0,1.0,0.0,0.0,1.0,0,0,0,1,1,1,malicious,1,PartOfAHorizontalPortScan,CTU-IoT-Malware-Capture-1-1,1,header,high
60,6,102.0,0.0,1,0,0.0,0.0,0.0,60,60,0.0,1,0,0,0,1.0,0.0,1,1,102.0,0.0,0,1,0,0,0,0,0,1,1.0,0.0,0.0,0.0,0.0,0.0,0.0,0.0,0.0,0.0,0.0,0.0,0.0,0.0,0.0,0.0,0.0,0.0,0.0,0.0,1.0,1.0,1.0,0.0,0.0,1.0,0,0,0,1,1,1,malicious,1,PartOfAHorizontalPortScan,CTU-IoT-Malware-Capture-1-1,1,header,high
60,6,63.0,0.0,1,0,0.0,0.0,0.0,60,60,0.0,1,0,0,0,1.0,0.0,1,1,63.0,0.0,0,1,0,0,0,0,0,1,1.0,0.0,0.0,0.0,0.0,0.0,0.0,0.0,0.0,0.0,0.0,0.0,0.0,0.0,0.0,0.0,0.0,0.0,0.0,0.0,1.0,1.0,1.0,0.0,0.0,1.0,0,0,0,1,1,1,malicious,1,PartOfAHorizontalPortScan,CTU-IoT-Malware-Capture-1-1,1,header,high
40,17,0.0,0.0,1,0,0.0,0.0,0.0,40,40,0.0,1,0,0,0,1.0,0.0,1,1,0.0,0.0,0,1,0,0,0,0,0,1,1.0,0.0,0.0,0.0,0.0,0.0,0.0,0.0,0.0,0.0,0.0,0.0,0.0,0.0,0.0,0.0,0.0,0.0,0.0,0.0,0.0,0.0,0.0,1.0,0.0,1.0,0,0,0,0,0,0,benign,0,-,CTU-IoT-Malware-Capture-1-1,0,none,none
40,17,0.0,0.0,1,0,0.0,0.0,0.0,40,40,0.0,1,0,0,0,1.0,0.0,1,1,0.0,0.0,0,1,0,0,0,0,0,1,1.0,0.0,0.0,0.0,0.0,0.0,0.0,0.0,0.0,0.0,0.0,0.0,0.0,0.0,0.0,0.0,0.0,0.0,0.0,0.0,0.0,0.0,0.0,1.0,0.0,1.0,0,0,0,0,0,0,benign,0,-,CTU-IoT-Malware-Capture-1-1,0,none,none
40,17,0.0,0.0,1,0,0.0,0.0,0.0,40,40,0.0,1,0,0,0,1.0,0.0,1,1,0.0,0.0,0,1,0,0,0,0,0,1,1.0,0.0,0.0,0.0,0.0,0.0,0.0,0.0,0.0,0.0,0.0,0.0,0.0,0.0,0.0,0.0,0.0,0.0,0.0,0.0,0.0,0.0,0.0,1.0,0.0,1.0,0,0,0,0,0,0,benign,0,-,CTU-IoT-Malware-Capture-1-1,0,none,none
60,6,0.0,0.0,1,0,0.0,0.0,0.0,60,60,0.0,1,0,0,0,1.0,0.0,1,1,0.0,0.0,0,1,0,0,0,0,0,1,1.0,0.0,0.0,0.0,0.0,0.0,0.0,0.0,0.0,0.0,0.0,0.0,0.0,0.0,0.0,0.0,0.0,0.0,0.0,0.0,0.0,0.0,0.0,1.0,0.0,1.0,0,0,0,0,0,0,benign,0,-,CTU-IoT-Malware-Capture-1-1,0,none,none
40,17,0.0,0.0,1,0,0.0,0.0,0.0,40,40,0.0,1,0,0,0,1.0,0.0,1,1,0.0,0.0,0,1,0,0,0,0,0,1,1.0,0.0,0.0,0.0,0.0,0.0,0.0,0.0,0.0,0.0,0.0,0.0,0.0,0.0,0.0,0.0,0.0,0.0,0.0,0.0,0.0,0.0,0.0,1.0,0.0,1.0,0,0,0,0,0,0,benign,0,-,CTU-IoT-Malware-Capture-1-1,0,none,none
40,17,0.0,0.0,1,0,0.0,0.0,0.0,40,40,0.0,1,0,0,0,1.0,0.0,1,1,0.0,0.0,0,1,0,0,0,0,0,1,1.0,0.0,0.0,0.0,0.0,0.0,0.0,0.0,0.0,0.0,0.0,0.0,0.0,0.0,0.0,0.0,0.0,0.0,0.0,0.0,0.0,0.0,0.0,1.0,0.0,1.0,0,0,0,0,0,0,benign,0,-,CTU-IoT-Malware-Capture-1-1,0,none,none
40,17,0.0,0.0,1,0,0.0,0.0,0.0,40,40,0.0,1,0,0,0,1.0,0.0,1,1,0.0,0.0,0,1,0,0,0,0,0,1,1.0,0.0,0.0,0.0,0.0,0.0,0.0,0.0,0.0,0.0,0.0,0.0,0.0,0.0,0.0,0.0,0.0,0.0,0.0,0.0,0.0,0.0,0.0,1.0,0.0,1.0,0,0,0,0,0,0,benign,0,-,CTU-IoT-Malware-Capture-1-1,0,none,none
60,6,33.0,0.0,1,0,0.0,0.0,0.0,60,60,0.0,1,0,0,0,1.0,0.0,1,1,33.0,0.0,0,1,0,0,0,0,0,1,1.0,0.0,0.0,0.0,0.0,0.0,0.0,0.0,0.0,0.0,0.0,0.0,0.0,0.0,0.0,0.0,0.0,0.0,0.0,0.0,1.0,1.0,1.0,0.0,0.0,1.0,0,0,0,1,1,1,malicious,1,PartOfAHorizontalPortScan,CTU-IoT-Malware-Capture-1-1,1,header,high
40,17,0.0,0.0,1,0,0.0,0.0,0.0,40,40,0.0,1,0,0,0,1.0,0.0,1,1,0.0,0.0,0,1,0,0,0,0,0,1,1.0,0.0,0.0,0.0,0.0,0.0,0.0,0.0,0.0,0.0,0.0,0.0,0.0,0.0,0.0,0.0,0.0,0.0,0.0,0.0,0.0,0.0,0.0,1.0,0.0,1.0,0,0,0,0,0,0,benign,0,-,CTU-IoT-Malware-Capture-1-1,0,none,none
180,6,56.0,2.999302,3,0,1.0002327208130424,0.0,0.0,180,180,0.0,3,0,0,0,3.0,0.0,1,1,56.0,0.0,0,1,0,0,0,0,0,1,1.0,0.0,0.0,0.0,0.0,0.0,0.0,0.0,0.0,0.0,0.0,0.0,0.0,0.0,0.0,0.0,2.999302,0.0,0.0,0.0,1.0,1.0,1.0,0.0,0.0,1.0,0,0,0,1,1,1,malicious,1,PartOfAHorizontalPortScan,CTU-IoT-Malware-Capture-1-1,1,header,high
60,6,118.0,0.0,1,0,0.0,0.0,0.0,60,60,0.0,1,0,0,0,1.0,0.0,1,1,118.0,0.0,0,1,0,0,0,0,0,1,1.0,0.0,0.0,0.0,0.0,0.0,0.0,0.0,0.0,0.0,0.0,0.0,0.0,0.0,0.0,0.0,0.0,0.0,0.0,0.0,1.0,1.0,1.0,0.0,0.0,1.0,0,0,0,1,1,1,malicious,1,PartOfAHorizontalPortScan,CTU-IoT-Malware-Capture-1-1,1,header,high
60,6,80.0,0.0,1,0,0.0,0.0,0.0,60,60,0.0,1,0,0,0,1.0,0.0,1,1,80.0,0.0,0,1,0,0,0,0,0,1,1.0,0.0,0.0,0.0,0.0,0.0,0.0,0.0,0.0,0.0,0.0,0.0,0.0,0.0,0.0,0.0,0.0,0.0,0.0,0.0,1.0,1.0,1.0,0.0,0.0,1.0,0,0,0,1,1,1,malicious,1,PartOfAHorizontalPortScan,CTU-IoT-Malware-Capture-1-1,1,header,high
40,17,0.0,0.0,1,0,0.0,0.0,0.0,40,40,0.0,1,0,0,0,1.0,0.0,1,1,0.0,0.0,0,1,0,0,0,0,0,1,1.0,0.0,0.0,0.0,0.0,0.0,0.0,0.0,0.0,0.0,0.0,0.0,0.0,0.0,0.0,0.0,0.0,0.0,0.0,0.0,0.0,0.0,0.0,1.0,0.0,1.0,0,0,0,0,0,0,benign,0,-,CTU-IoT-Malware-Capture-1-1,0,none,none
40,17,0.0,0.0,1,0,0.0,0.0,0.0,40,40,0.0,1,0,0,0,1.0,0.0,1,1,0.0,0.0,0,1,0,0,0,0,0,1,1.0,0.0,0.0,0.0,0.0,0.0,0.0,0.0,0.0,0.0,0.0,0.0,0.0,0.0,0.0,0.0,0.0,0.0,0.0,0.0,0.0,0.0,0.0,1.0,0.0,1.0,0,0,0,0,0,0,benign,0,-,CTU-IoT-Malware-Capture-1-1,0,none,none
60,6,0.0,0.0,1,0,0.0,0.0,0.0,60,60,0.0,1,0,0,0,1.0,0.0,1,1,0.0,0.0,0,1,0,0,0,0,0,1,1.0,0.0,0.0,0.0,0.0,0.0,0.0,0.0,0.0,0.0,0.0,0.0,0.0,0.0,0.0,0.0,0.0,0.0,0.0,0.0,0.0,0.0,0.0,1.0,0.0,1.0,0,0,0,0,0,0,benign,0,-,CTU-IoT-Malware-Capture-1-1,0,none,none
40,17,0.0,0.0,1,0,0.0,0.0,0.0,40,40,0.0,1,0,0,0,1.0,0.0,1,1,0.0,0.0,0,1,0,0,0,0,0,1,1.0,0.0,0.0,0.0,0.0,0.0,0.0,0.0,0.0,0.0,0.0,0.0,0.0,0.0,0.0,0.0,0.0,0.0,0.0,0.0,0.0,0.0,0.0,1.0,0.0,1.0,0,0,0,0,0,0,benign,0,-,CTU-IoT-Malware-Capture-1-1,0,none,none
60,6,65.0,0.0,1,0,0.0,0.0,0.0,60,60,0.0,1,0,0,0,1.0,0.0,1,1,65.0,0.0,0,1,0,0,0,0,0,1,1.0,0.0,0.0,0.0,0.0,0.0,0.0,0.0,0.0,0.0,0.0,0.0,0.0,0.0,0.0,0.0,0.0,0.0,0.0,0.0,1.0,1.0,1.0,0.0,0.0,1.0,0,0,0,1,1,1,malicious,1,PartOfAHorizontalPortScan,CTU-IoT-Malware-Capture-1-1,1,header,high
40,17,0.0,0.0,1,0,0.0,0.0,0.0,40,40,0.0,1,0,0,0,1.0,0.0,1,1,0.0,0.0,0,1,0,0,0,0,0,1,1.0,0.0,0.0,0.0,0.0,0.0,0.0,0.0,0.0,0.0,0.0,0.0,0.0,0.0,0.0,0.0,0.0,0.0,0.0,0.0,0.0,0.0,0.0,1.0,0.0,1.0,0,0,0,0,0,0,benign,0,-,CTU-IoT-Malware-Capture-1-1,0,none,none
68,1,0.0,0.0,1,0,0.0,0.0,0.0,68,68,0.0,1,0,0,0,1.0,0.0,1,1,0.0,0.0,0,0,0,0,0,0,0,0,0.0,0.0,0.0,0.0,0.0,0.0,0.0,0.0,0.0,0.0,0.0,0.0,0.0,0.0,0.0,0.0,0.0,0.0,0.0,0.0,0.0,0.0,0.0,1.0,0.0,1.0,0,0,0,0,0,0,benign,0,-,CTU-IoT-Malware-Capture-1-1,0,none,none
60,6,63.0,0.0,1,0,0.0,0.0,0.0,60,60,0.0,1,0,0,0,1.0,0.0,1,1,63.0,0.0,0,1,0,0,0,0,0,1,1.0,0.0,0.0,0.0,0.0,0.0,0.0,0.0,0.0,0.0,0.0,0.0,0.0,0.0,0.0,0.0,0.0,0.0,0.0,0.0,1.0,1.0,1.0,0.0,0.0,1.0,0,0,0,1,1,1,malicious,1,PartOfAHorizontalPortScan,CTU-IoT-Malware-Capture-1-1,1,header,high
180,6,0.0,2.998804,3,0,1.0003988256651652,0.0,0.0,180,180,0.0,3,0,0,0,3.0,0.0,1,1,0.0,0.0,0,1,0,0,0,0,0,1,1.0,0.0,0.0,0.0,0.0,0.0,0.0,0.0,0.0,0.0,0.0,0.0,0.0,0.0,0.0,0.0,2.998804,0.0,0.0,0.0,0.0,0.0,0.0,1.0,0.0,1.0,0,0,0,0,0,0,benign,0,-,CTU-IoT-Malware-Capture-1-1,0,none,none
60,6,0.0,0.0,1,0,0.0,0.0,0.0,60,60,0.0,1,0,0,0,1.0,0.0,1,1,0.0,0.0,0,1,0,0,0,0,0,1,1.0,0.0,0.0,0.0,0.0,0.0,0.0,0.0,0.0,0.0,0.0,0.0,0.0,0.0,0.0,0.0,0.0,0.0,0.0,0.0,0.0,0.0,0.0,1.0,0.0,1.0,0,0,0,0,0,0,benign,0,-,CTU-IoT-Malware-Capture-1-1,0,none,none
40,17,0.0,0.0,1,0,0.0,0.0,0.0,40,40,0.0,1,0,0,0,1.0,0.0,1,1,0.0,0.0,0,1,0,0,0,0,0,1,1.0,0.0,0.0,0.0,0.0,0.0,0.0,0.0,0.0,0.0,0.0,0.0,0.0,0.0,0.0,0.0,0.0,0.0,0.0,0.0,0.0,0.0,0.0,1.0,0.0,1.0,0,0,0,0,0,0,benign,0,-,CTU-IoT-Malware-Capture-1-1,0,none,none
40,17,0.0,0.0,1,0,0.0,0.0,0.0,40,40,0.0,1,0,0,0,1.0,0.0,1,1,0.0,0.0,0,1,0,0,0,0,0,1,1.0,0.0,0.0,0.0,0.0,0.0,0.0,0.0,0.0,0.0,0.0,0.0,0.0,0.0,0.0,0.0,0.0,0.0,0.0,0.0,0.0,0.0,0.0,1.0,0.0,1.0,0,0,0,0,0,0,benign,0,-,CTU-IoT-Malware-Capture-1-1,0,none,none
40,17,0.0,0.0,1,0,0.0,0.0,0.0,40,40,0.0,1,0,0,0,1.0,0.0,1,1,0.0,0.0,0,1,0,0,0,0,0,1,1.0,0.0,0.0,0.0,0.0,0.0,0.0,0.0,0.0,0.0,0.0,0.0,0.0,0.0,0.0,0.0,0.0,0.0,0.0,0.0,0.0,0.0,0.0,1.0,0.0,1.0,0,0,0,0,0,0,benign,0,-,CTU-IoT-Malware-Capture-1-1,0,none,none
60,6,76.0,0.0,1,0,0.0,0.0,0.0,60,60,0.0,1,0,0,0,1.0,0.0,1,1,76.0,0.0,0,1,0,0,0,0,0,1,1.0,0.0,0.0,0.0,0.0,0.0,0.0,0.0,0.0,0.0,0.0,0.0,0.0,0.0,0.0,0.0,0.0,0.0,0.0,0.0,1.0,1.0,1.0,0.0,0.0,1.0,0,0,0,1,1,1,malicious,1,PartOfAHorizontalPortScan,CTU-IoT-Malware-Capture-1-1,1,header,high
180,6,91.0,2.998806,3,0,1.0003981584670698,0.0,0.0,180,180,0.0,3,0,0,0,3.0,0.0,1,1,91.0,0.0,0,1,0,0,0,0,0,1,1.0,0.0,0.0,0.0,0.0,0.0,0.0,0.0,0.0,0.0,0.0,0.0,0.0,0.0,0.0,0.0,2.998806,0.0,0.0,0.0,1.0,1.0,1.0,0.0,0.0,1.0,0,0,0,1,1,1,malicious,1,PartOfAHorizontalPortScan,CTU-IoT-Malware-Capture-1-1,1,header,high
40,17,0.0,0.0,1,0,0.0,0.0,0.0,40,40,0.0,1,0,0,0,1.0,0.0,1,1,0.0,0.0,0,1,0,0,0,0,0,1,1.0,0.0,0.0,0.0,0.0,0.0,0.0,0.0,0.0,0.0,0.0,0.0,0.0,0.0,0.0,0.0,0.0,0.0,0.0,0.0,0.0,0.0,0.0,1.0,0.0,1.0,0,0,0,0,0,0,benign,0,-,CTU-IoT-Malware-Capture-1-1,0,none,none
60,6,95.0,0.0,1,0,0.0,0.0,0.0,60,60,0.0,1,0,0,0,1.0,0.0,1,1,95.0,0.0,0,1,0,0,0,0,0,1,1.0,0.0,0.0,0.0,0.0,0.0,0.0,0.0,0.0,0.0,0.0,0.0,0.0,0.0,0.0,0.0,0.0,0.0,0.0,0.0,1.0,1.0,1.0,0.0,0.0,1.0,0,0,0,1,1,1,malicious,1,PartOfAHorizontalPortScan,CTU-IoT-Malware-Capture-1-1,1,header,high
180,6,45.0,2.998808,3,0,1.0003974912698645,0.0,0.0,180,180,0.0,3,0,0,0,3.0,0.0,1,1,45.0,0.0,0,1,0,0,0,0,0,1,1.0,0.0,0.0,0.0,0.0,0.0,0.0,0.0,0.0,0.0,0.0,0.0,0.0,0.0,0.0,0.0,2.998808,0.0,0.0,0.0,1.0,1.0,1.0,0.0,0.0,1.0,0,0,0,1,1,1,malicious,1,PartOfAHorizontalPortScan,CTU-IoT-Malware-Capture-1-1,1,header,high
40,17,0.0,0.0,1,0,0.0,0.0,0.0,40,40,0.0,1,0,0,0,1.0,0.0,1,1,0.0,0.0,0,1,0,0,0,0,0,1,1.0,0.0,0.0,0.0,0.0,0.0,0.0,0.0,0.0,0.0,0.0,0.0,0.0,0.0,0.0,0.0,0.0,0.0,0.0,0.0,0.0,0.0,0.0,1.0,0.0,1.0,0,0,0,0,0,0,benign,0,-,CTU-IoT-Malware-Capture-1-1,0,none,none
60,6,53.0,0.0,1,0,0.0,0.0,0.0,60,60,0.0,1,0,0,0,1.0,0.0,1,1,53.0,0.0,0,1,0,0,0,0,0,1,1.0,0.0,0.0,0.0,0.0,0.0,0.0,0.0,0.0,0.0,0.0,0.0,0.0,0.0,0.0,0.0,0.0,0.0,0.0,0.0,1.0,1.0,1.0,0.0,0.0,1.0,0,0,0,1,1,1,malicious,1,PartOfAHorizontalPortScan,CTU-IoT-Malware-Capture-1-1,1,header,high
60,6,61.0,0.0,1,0,0.0,0.0,0.0,60,60,0.0,1,0,0,0,1.0,0.0,1,1,61.0,0.0,0,1,0,0,0,0,0,1,1.0,0.0,0.0,0.0,0.0,0.0,0.0,0.0,0.0,0.0,0.0,0.0,0.0,0.0,0.0,0.0,0.0,0.0,0.0,0.0,1.0,1.0,1.0,0.0,0.0,1.0,0,0,0,1,1,1,malicious,1,PartOfAHorizontalPortScan,CTU-IoT-Malware-Capture-1-1,1,header,high
180,6,91.0,2.998821,3,0,1.0003931545097224,0.0,0.0,180,180,0.0,3,0,0,0,3.0,0.0,1,1,91.0,0.0,0,1,0,0,0,0,0,1,1.0,0.0,0.0,0.0,0.0,0.0,0.0,0.0,0.0,0.0,0.0,0.0,0.0,0.0,0.0,0.0,2.998821,0.0,0.0,0.0,1.0,1.0,1.0,0.0,0.0,1.0,0,0,0,1,1,1,malicious,1,PartOfAHorizontalPortScan,CTU-IoT-Malware-Capture-1-1,1,header,high
68,1,0.0,0.0,1,0,0.0,0.0,0.0,68,68,0.0,1,0,0,0,1.0,0.0,1,1,0.0,0.0,0,0,0,0,0,0,0,0,0.0,0.0,0.0,0.0,0.0,0.0,0.0,0.0,0.0,0.0,0.0,0.0,0.0,0.0,0.0,0.0,0.0,0.0,0.0,0.0,0.0,0.0,0.0,1.0,0.0,1.0,0,0,0,0,0,0,benign,0,-,CTU-IoT-Malware-Capture-1-1,0,none,none
40,17,0.0,0.0,1,0,0.0,0.0,0.0,40,40,0.0,1,0,0,0,1.0,0.0,1,1,0.0,0.0,0,1,0,0,0,0,0,1,1.0,0.0,0.0,0.0,0.0,0.0,0.0,0.0,0.0,0.0,0.0,0.0,0.0,0.0,0.0,0.0,0.0,0.0,0.0,0.0,0.0,0.0,0.0,1.0,0.0,1.0,0,0,0,0,0,0,benign,0,-,CTU-IoT-Malware-Capture-1-1,0,none,none
40,17,0.0,0.0,1,0,0.0,0.0,0.0,40,40,0.0,1,0,0,0,1.0,0.0,1,1,0.0,0.0,0,1,0,0,0,0,0,1,1.0,0.0,0.0,0.0,0.0,0.0,0.0,0.0,0.0,0.0,0.0,0.0,0.0,0.0,0.0,0.0,0.0,0.0,0.0,0.0,0.0,0.0,0.0,1.0,0.0,1.0,0,0,0,0,0,0,benign,0,-,CTU-IoT-Malware-Capture-1-1,0,none,none
180,6,59.0,2.998024,3,0,1.00065910079439,0.0,0.0,180,180,0.0,3,0,0,0,3.0,0.0,1,1,59.0,0.0,0,1,0,0,0,0,0,1,1.0,0.0,0.0,0.0,0.0,0.0,0.0,0.0,0.0,0.0,0.0,0.0,0.0,0.0,0.0,0.0,2.998024,0.0,0.0,0.0,1.0,1.0,1.0,0.0,0.0,1.0,0,0,0,1,1,1,malicious,1,PartOfAHorizontalPortScan,CTU-IoT-Malware-Capture-1-1,1,header,high
180,6,83.0,2.998559,3,0,1.0004805641643202,0.0,0.0,180,180,0.0,3,0,0,0,3.0,0.0,1,1,83.0,0.0,0,1,0,0,0,0,0,1,1.0,0.0,0.0,0.0,0.0,0.0,0.0,0.0,0.0,0.0,0.0,0.0,0.0,0.0,0.0,0.0,2.998559,0.0,0.0,0.0,1.0,1.0,1.0,0.0,0.0,1.0,0,0,0,1,1,1,malicious,1,PartOfAHorizontalPortScan,CTU-IoT-Malware-Capture-1-1,1,header,high
60,6,113.0,0.0,1,0,0.0,0.0,0.0,60,60,0.0,1,0,0,0,1.0,0.0,1,1,113.0,0.0,0,1,0,0,0,0,0,1,1.0,0.0,0.0,0.0,0.0,0.0,0.0,0.0,0.0,0.0,0.0,0.0,0.0,0.0,0.0,0.0,0.0,0.0,0.0,0.0,1.0,1.0,1.0,0.0,0.0,1.0,0,0,0,1,1,1,malicious,1,PartOfAHorizontalPortScan,CTU-IoT-Malware-Capture-1-1,1,header,high
160,6,77.0,1.738289,3,0,1.7258350021199007,0.0,0.0,160,160,0.0,2,1,0,0,2.0,0.0,1,1,77.0,0.0,0,0,0,0,1,0,0,1,0.0,0.0,0.0,1.0,0.0,0.0,0.0,0.0,0.0,0.0,0.0,0.0,0.0,0.0,0.0,0.0,1.738289,0.0,0.0,0.0,1.0,1.0,1.0,0.0,0.0,1.0,0,0,0,1,1,1,malicious,1,PartOfAHorizontalPortScan,CTU-IoT-Malware-Capture-1-1,1,header,high
180,6,88.0,2.999076,3,0,1.000308094893227,0.0,0.0,180,180,0.0,3,0,0,0,3.0,0.0,1,1,88.0,0.0,0,1,0,0,0,0,0,1,1.0,0.0,0.0,0.0,0.0,0.0,0.0,0.0,0.0,0.0,0.0,0.0,0.0,0.0,0.0,0.0,2.999076,0.0,0.0,0.0,1.0,1.0,1.0,0.0,0.0,1.0,0,0,0,1,1,1,malicious,1,PartOfAHorizontalPortScan,CTU-IoT-Malware-Capture-1-1,1,header,high
40,17,0.0,0.0,1,0,0.0,0.0,0.0,40,40,0.0,1,0,0,0,1.0,0.0,1,1,0.0,0.0,0,1,0,0,0,0,0,1,1.0,0.0,0.0,0.0,0.0,0.0,0.0,0.0,0.0,0.0,0.0,0.0,0.0,0.0,0.0,0.0,0.0,0.0,0.0,0.0,0.0,0.0,0.0,1.0,0.0,1.0,0,0,0,0,0,0,benign,0,-,CTU-IoT-Malware-Capture-1-1,0,none,none
40,17,0.0,0.0,1,0,0.0,0.0,0.0,40,40,0.0,1,0,0,0,1.0,0.0,1,1,0.0,0.0,0,1,0,0,0,0,0,1,1.0,0.0,0.0,0.0,0.0,0.0,0.0,0.0,0.0,0.0,0.0,0.0,0.0,0.0,0.0,0.0,0.0,0.0,0.0,0.0,0.0,0.0,0.0,1.0,0.0,1.0,0,0,0,0,0,0,benign,0,-,CTU-IoT-Malware-Capture-1-1,0,none,none
60,6,66.0,0.0,1,0,0.0,0.0,0.0,60,60,0.0,1,0,0,0,1.0,0.0,1,1,66.0,0.0,0,1,0,0,0,0,0,1,1.0,0.0,0.0,0.0,0.0,0.0,0.0,0.0,0.0,0.0,0.0,0.0,0.0,0.0,0.0,0.0,0.0,0.0,0.0,0.0,1.0,1.0,1.0,0.0,0.0,1.0,0,0,0,1,1,1,malicious,1,PartOfAHorizontalPortScan,CTU-IoT-Malware-Capture-1-1,1,header,high
180,6,44.0,2.998557,3,0,1.0004812314723381,0.0,0.0,180,180,0.0,3,0,0,0,3.0,0.0,1,1,44.0,0.0,0,1,0,0,0,0,0,1,1.0,0.0,0.0,0.0,0.0,0.0,0.0,0.0,0.0,0.0,0.0,0.0,0.0,0.0,0.0,0.0,2.998557,0.0,0.0,0.0,1.0,1.0,1.0,0.0,0.0,1.0,0,0,0,1,1,1,malicious,1,PartOfAHorizontalPortScan,CTU-IoT-Malware-Capture-1-1,1,header,high
60,6,41.0,0.0,1,0,0.0,0.0,0.0,60,60,0.0,1,0,0,0,1.0,0.0,1,1,41.0,0.0,0,1,0,0,0,0,0,1,1.0,0.0,0.0,0.0,0.0,0.0,0.0,0.0,0.0,0.0,0.0,0.0,0.0,0.0,0.0,0.0,0.0,0.0,0.0,0.0,1.0,1.0,1.0,0.0,0.0,1.0,0,0,0,1,1,1,malicious,1,PartOfAHorizontalPortScan,CTU-IoT-Malware-Capture-1-1,1,header,high
40,17,0.0,0.0,1,0,0.0,0.0,0.0,40,40,0.0,1,0,0,0,1.0,0.0,1,1,0.0,0.0,0,1,0,0,0,0,0,1,1.0,0.0,0.0,0.0,0.0,0.0,0.0,0.0,0.0,0.0,0.0,0.0,0.0,0.0,0.0,0.0,0.0,0.0,0.0,0.0,0.0,0.0,0.0,1.0,0.0,1.0,0,0,0,0,0,0,benign,0,-,CTU-IoT-Malware-Capture-1-1,0,none,none
40,17,0.0,0.0,1,0,0.0,0.0,0.0,40,40,0.0,1,0,0,0,1.0,0.0,1,1,0.0,0.0,0,1,0,0,0,0,0,1,1.0,0.0,0.0,0.0,0.0,0.0,0.0,0.0,0.0,0.0,0.0,0.0,0.0,0.0,0.0,0.0,0.0,0.0,0.0,0.0,0.0,0.0,0.0,1.0,0.0,1.0,0,0,0,0,0,0,benign,0,-,CTU-IoT-Malware-Capture-1-1,0,none,none
40,17,0.0,0.0,1,0,0.0,0.0,0.0,40,40,0.0,1,0,0,0,1.0,0.0,1,1,0.0,0.0,0,1,0,0,0,0,0,1,1.0,0.0,0.0,0.0,0.0,0.0,0.0,0.0,0.0,0.0,0.0,0.0,0.0,0.0,0.0,0.0,0.0,0.0,0.0,0.0,0.0,0.0,0.0,1.0,0.0,1.0,0,0,0,0,0,0,benign,0,-,CTU-IoT-Malware-Capture-1-1,0,none,none
40,17,0.0,0.0,1,0,0.0,0.0,0.0,40,40,0.0,1,0,0,0,1.0,0.0,1,1,0.0,0.0,0,1,0,0,0,0,0,1,1.0,0.0,0.0,0.0,0.0,0.0,0.0,0.0,0.0,0.0,0.0,0.0,0.0,0.0,0.0,0.0,0.0,0.0,0.0,0.0,0.0,0.0,0.0,1.0,0.0,1.0,0,0,0,0,0,0,benign,0,-,CTU-IoT-Malware-Capture-1-1,0,none,none
40,17,0.0,0.0,1,0,0.0,0.0,0.0,40,40,0.0,1,0,0,0,1.0,0.0,1,1,0.0,0.0,0,1,0,0,0,0,0,1,1.0,0.0,0.0,0.0,0.0,0.0,0.0,0.0,0.0,0.0,0.0,0.0,0.0,0.0,0.0,0.0,0.0,0.0,0.0,0.0,0.0,0.0,0.0,1.0,0.0,1.0,0,0,0,0,0,0,benign,0,-,CTU-IoT-Malware-Capture-1-1,0,none,none
60,6,35.0,0.0,1,0,0.0,0.0,0.0,60,60,0.0,1,0,0,0,1.0,0.0,1,1,35.0,0.0,0,1,0,0,0,0,0,1,1.0,0.0,0.0,0.0,0.0,0.0,0.0,0.0,0.0,0.0,0.0,0.0,0.0,0.0,0.0,0.0,0.0,0.0,0.0,0.0,1.0,1.0,1.0,0.0,0.0,1.0,0,0,0,1,1,1,malicious,1,PartOfAHorizontalPortScan,CTU-IoT-Malware-Capture-1-1,1,header,high
60,6,36.0,0.0,1,0,0.0,0.0,0.0,60,60,0.0,1,0,0,0,1.0,0.0,1,1,36.0,0.0,0,1,0,0,0,0,0,1,1.0,0.0,0.0,0.0,0.0,0.0,0.0,0.0,0.0,0.0,0.0,0.0,0.0,0.0,0.0,0.0,0.0,0.0,0.0,0.0,1.0,1.0,1.0,0.0,0.0,1.0,0,0,0,1,1,1,malicious,1,PartOfAHorizontalPortScan,CTU-IoT-Malware-Capture-1-1,1,header,high
40,17,0.0,0.0,1,0,0.0,0.0,0.0,40,40,0.0,1,0,0,0,1.0,0.0,1,1,0.0,0.0,0,1,0,0,0,0,0,1,1.0,0.0,0.0,0.0,0.0,0.0,0.0,0.0,0.0,0.0,0.0,0.0,0.0,0.0,0.0,0.0,0.0,0.0,0.0,0.0,0.0,0.0,0.0,1.0,0.0,1.0,0,0,0,0,0,0,benign,0,-,CTU-IoT-Malware-Capture-1-1,0,none,none
56,1,0.0,0.0,1,0,0.0,0.0,0.0,56,56,0.0,1,0,0,0,1.0,0.0,1,0,0.0,0.0,0,0,0,0,0,0,0,0,0.0,0.0,0.0,0.0,0.0,0.0,0.0,0.0,0.0,0.0,0.0,0.0,0.0,0.0,0.0,0.0,0.0,0.0,0.0,0.0,0.0,0.0,0.0,1.0,0.0,1.0,0,0,0,0,0,0,benign,0,-,CTU-IoT-Malware-Capture-1-1,0,none,none
180,6,76.0,2.998821,3,0,1.0003931545097224,0.0,0.0,180,180,0.0,3,0,0,0,3.0,0.0,1,1,76.0,0.0,0,1,0,0,0,0,0,1,1.0,0.0,0.0,0.0,0.0,0.0,0.0,0.0,0.0,0.0,0.0,0.0,0.0,0.0,0.0,0.0,2.998821,0.0,0.0,0.0,1.0,1.0,1.0,0.0,0.0,1.0,0,0,0,1,1,1,malicious,1,PartOfAHorizontalPortScan,CTU-IoT-Malware-Capture-1-1,1,header,high
40,17,0.0,0.0,1,0,0.0,0.0,0.0,40,40,0.0,1,0,0,0,1.0,0.0,1,1,0.0,0.0,0,1,0,0,0,0,0,1,1.0,0.0,0.0,0.0,0.0,0.0,0.0,0.0,0.0,0.0,0.0,0.0,0.0,0.0,0.0,0.0,0.0,0.0,0.0,0.0,0.0,0.0,0.0,1.0,0.0,1.0,0,0,0,0,0,0,benign,0,-,CTU-IoT-Malware-Capture-1-1,0,none,none
40,17,0.0,0.0,1,0,0.0,0.0,0.0,40,40,0.0,1,0,0,0,1.0,0.0,1,1,0.0,0.0,0,1,0,0,0,0,0,1,1.0,0.0,0.0,0.0,0.0,0.0,0.0,0.0,0.0,0.0,0.0,0.0,0.0,0.0,0.0,0.0,0.0,0.0,0.0,0.0,0.0,0.0,0.0,1.0,0.0,1.0,0,0,0,0,0,0,benign,0,-,CTU-IoT-Malware-Capture-1-1,0,none,none
60,6,55.0,0.0,1,0,0.0,0.0,0.0,60,60,0.0,1,0,0,0,1.0,0.0,1,1,55.0,0.0,0,1,0,0,0,0,0,1,1.0,0.0,0.0,0.0,0.0,0.0,0.0,0.0,0.0,0.0,0.0,0.0,0.0,0.0,0.0,0.0,0.0,0.0,0.0,0.0,1.0,1.0,1.0,0.0,0.0,1.0,0,0,0,1,1,1,malicious,1,PartOfAHorizontalPortScan,CTU-IoT-Malware-Capture-1-1,1,header,high
60,6,64.0,0.0,1,0,0.0,0.0,0.0,60,60,0.0,1,0,0,0,1.0,0.0,1,1,64.0,0.0,0,1,0,0,0,0,0,1,1.0,0.0,0.0,0.0,0.0,0.0,0.0,0.0,0.0,0.0,0.0,0.0,0.0,0.0,0.0,0.0,0.0,0.0,0.0,0.0,1.0,1.0,1.0,0.0,0.0,1.0,0,0,0,1,1,1,malicious,1,PartOfAHorizontalPortScan,CTU-IoT-Malware-Capture-1-1,1,header,high
40,17,0.0,0.0,1,0,0.0,0.0,0.0,40,40,0.0,1,0,0,0,1.0,0.0,1,1,0.0,0.0,0,1,0,0,0,0,0,1,1.0,0.0,0.0,0.0,0.0,0.0,0.0,0.0,0.0,0.0,0.0,0.0,0.0,0.0,0.0,0.0,0.0,0.0,0.0,0.0,0.0,0.0,0.0,1.0,0.0,1.0,0,0,0,0,0,0,benign,0,-,CTU-IoT-Malware-Capture-1-1,0,none,none
60,6,47.0,0.0,1,0,0.0,0.0,0.0,60,60,0.0,1,0,0,0,1.0,0.0,1,1,47.0,0.0,0,1,0,0,0,0,0,1,1.0,0.0,0.0,0.0,0.0,0.0,0.0,0.0,0.0,0.0,0.0,0.0,0.0,0.0,0.0,0.0,0.0,0.0,0.0,0.0,1.0,1.0,1.0,0.0,0.0,1.0,0,0,0,1,1,1,malicious,1,PartOfAHorizontalPortScan,CTU-IoT-Malware-Capture-1-1,1,header,high
60,6,71.0,0.0,1,0,0.0,0.0,0.0,60,60,0.0,1,0,0,0,1.0,0.0,1,1,71.0,0.0,0,1,0,0,0,0,0,1,1.0,0.0,0.0,0.0,0.0,0.0,0.0,0.0,0.0,0.0,0.0,0.0,0.0,0.0,0.0,0.0,0.0,0.0,0.0,0.0,1.0,1.0,1.0,0.0,0.0,1.0,0,0,0,1,1,1,malicious,1,PartOfAHorizontalPortScan,CTU-IoT-Malware-Capture-1-1,1,header,high
100,6,100.0,0.304093,2,0,6.576935345437087,0.0,0.0,100,100,0.0,1,1,0,0,1.0,0.0,1,1,100.0,0.0,0,0,0,0,1,0,0,1,0.0,0.0,0.0,1.0,0.0,0.0,0.0,0.0,0.0,0.0,0.0,0.0,0.0,0.0,0.0,0.0,0.304093,0.0,0.0,0.0,1.0,1.0,1.0,0.0,0.0,1.0,0,0,0,1,1,1,malicious,1,PartOfAHorizontalPortScan,CTU-IoT-Malware-Capture-1-1,1,header,high
40,17,0.0,0.0,1,0,0.0,0.0,0.0,40,40,0.0,1,0,0,0,1.0,0.0,1,1,0.0,0.0,0,1,0,0,0,0,0,1,1.0,0.0,0.0,0.0,0.0,0.0,0.0,0.0,0.0,0.0,0.0,0.0,0.0,0.0,0.0,0.0,0.0,0.0,0.0,0.0,0.0,0.0,0.0,1.0,0.0,1.0,0,0,0,0,0,0,benign,0,-,CTU-IoT-Malware-Capture-1-1,0,none,none
60,6,106.0,0.0,1,0,0.0,0.0,0.0,60,60,0.0,1,0,0,0,1.0,0.0,1,1,106.0,0.0,0,1,0,0,0,0,0,1,1.0,0.0,0.0,0.0,0.0,0.0,0.0,0.0,0.0,0.0,0.0,0.0,0.0,0.0,0.0,0.0,0.0,0.0,0.0,0.0,1.0,1.0,1.0,0.0,0.0,1.0,0,0,0,1,1,1,malicious,1,PartOfAHorizontalPortScan,CTU-IoT-Malware-Capture-1-1,1,header,high
60,6,96.0,0.0,1,0,0.0,0.0,0.0,60,60,0.0,1,0,0,0,1.0,0.0,1,1,96.0,0.0,0,1,0,0,0,0,0,1,1.0,0.0,0.0,0.0,0.0,0.0,0.0,0.0,0.0,0.0,0.0,0.0,0.0,0.0,0.0,0.0,0.0,0.0,0.0,0.0,1.0,1.0,1.0,0.0,0.0,1.0,0,0,0,1,1,1,malicious,1,PartOfAHorizontalPortScan,CTU-IoT-Malware-Capture-1-1,1,header,high
176,1,0.0,3.16396,2,120,0.6321192429739947,37.927154578439676,60.0,176,176,0.0,2,0,120,0,2.0,120.0,1,1,0.0,0.0,0,0,0,0,0,0,0,0,0.0,0.0,0.0,0.0,0.0,0.0,0.0,0.0,0.0,0.0,0.0,0.0,0.0,0.0,0.0,0.0,3.16396,0.0,0.0,0.0,0.0,0.0,0.0,1.0,0.0,1.0,0,0,0,0,0,0,benign,0,-,CTU-IoT-Malware-Capture-1-1,0,none,none
60,6,91.0,0.0,1,0,0.0,0.0,0.0,60,60,0.0,1,0,0,0,1.0,0.0,1,1,91.0,0.0,0,1,0,0,0,0,0,1,1.0,0.0,0.0,0.0,0.0,0.0,0.0,0.0,0.0,0.0,0.0,0.0,0.0,0.0,0.0,0.0,0.0,0.0,0.0,0.0,1.0,1.0,1.0,0.0,0.0,1.0,0,0,0,1,1,1,malicious,1,PartOfAHorizontalPortScan,CTU-IoT-Malware-Capture-1-1,1,header,high
40,17,0.0,0.0,1,0,0.0,0.0,0.0,40,40,0.0,1,0,0,0,1.0,0.0,1,1,0.0,0.0,0,1,0,0,0,0,0,1,1.0,0.0,0.0,0.0,0.0,0.0,0.0,0.0,0.0,0.0,0.0,0.0,0.0,0.0,0.0,0.0,0.0,0.0,0.0,0.0,0.0,0.0,0.0,1.0,0.0,1.0,0,0,0,0,0,0,benign,0,-,CTU-IoT-Malware-Capture-1-1,0,none,none
40,17,0.0,0.0,1,0,0.0,0.0,0.0,40,40,0.0,1,0,0,0,1.0,0.0,1,1,0.0,0.0,0,1,0,0,0,0,0,1,1.0,0.0,0.0,0.0,0.0,0.0,0.0,0.0,0.0,0.0,0.0,0.0,0.0,0.0,0.0,0.0,0.0,0.0,0.0,0.0,0.0,0.0,0.0,1.0,0.0,1.0,0,0,0,0,0,0,benign,0,-,CTU-IoT-Malware-Capture-1-1,0,none,none
40,17,0.0,0.0,1,0,0.0,0.0,0.0,40,40,0.0,1,0,0,0,1.0,0.0,1,1,0.0,0.0,0,1,0,0,0,0,0,1,1.0,0.0,0.0,0.0,0.0,0.0,0.0,0.0,0.0,0.0,0.0,0.0,0.0,0.0,0.0,0.0,0.0,0.0,0.0,0.0,0.0,0.0,0.0,1.0,0.0,1.0,0,0,0,0,0,0,benign,0,-,CTU-IoT-Malware-Capture-1-1,0,none,none
180,6,101.0,2.999062,3,0,1.0003127644576872,0.0,0.0,180,180,0.0,3,0,0,0,3.0,0.0,1,1,101.0,0.0,0,1,0,0,0,0,0,1,1.0,0.0,0.0,0.0,0.0,0.0,0.0,0.0,0.0,0.0,0.0,0.0,0.0,0.0,0.0,0.0,2.999062,0.0,0.0,0.0,1.0,1.0,1.0,0.0,0.0,1.0,0,0,0,1,1,1,malicious,1,PartOfAHorizontalPortScan,CTU-IoT-Malware-Capture-1-1,1,header,high
180,6,70.0,2.998827,3,0,1.0003911529407998,0.0,0.0,180,180,0.0,3,0,0,0,3.0,0.0,1,1,70.0,0.0,0,1,0,0,0,0,0,1,1.0,0.0,0.0,0.0,0.0,0.0,0.0,0.0,0.0,0.0,0.0,0.0,0.0,0.0,0.0,0.0,2.998827,0.0,0.0,0.0,1.0,1.0,1.0,0.0,0.0,1.0,0,0,0,1,1,1,malicious,1,PartOfAHorizontalPortScan,CTU-IoT-Malware-Capture-1-1,1,header,high
40,17,0.0,0.0,1,0,0.0,0.0,0.0,40,40,0.0,1,0,0,0,1.0,0.0,1,1,0.0,0.0,0,1,0,0,0,0,0,1,1.0,0.0,0.0,0.0,0.0,0.0,0.0,0.0,0.0,0.0,0.0,0.0,0.0,0.0,0.0,0.0,0.0,0.0,0.0,0.0,0.0,0.0,0.0,1.0,0.0,1.0,0,0,0,0,0,0,benign,0,-,CTU-IoT-Malware-Capture-1-1,0,none,none
60,6,117.0,0.0,1,0,0.0,0.0,0.0,60,60,0.0,1,0,0,0,1.0,0.0,1,1,117.0,0.0,0,1,0,0,0,0,0,1,1.0,0.0,0.0,0.0,0.0,0.0,0.0,0.0,0.0,0.0,0.0,0.0,0.0,0.0,0.0,0.0,0.0,0.0,0.0,0.0,1.0,1.0,1.0,0.0,0.0,1.0,0,0,0,1,1,1,malicious,1,PartOfAHorizontalPortScan,CTU-IoT-Malware-Capture-1-1,1,header,high
60,6,63.0,0.0,1,0,0.0,0.0,0.0,60,60,0.0,1,0,0,0,1.0,0.0,1,1,63.0,0.0,0,1,0,0,0,0,0,1,1.0,0.0,0.0,0.0,0.0,0.0,0.0,0.0,0.0,0.0,0.0,0.0,0.0,0.0,0.0,0.0,0.0,0.0,0.0,0.0,1.0,1.0,1.0,0.0,0.0,1.0,0,0,0,1,1,1,malicious,1,PartOfAHorizontalPortScan,CTU-IoT-Malware-Capture-1-1,1,header,high
40,17,0.0,0.0,1,0,0.0,0.0,0.0,40,40,0.0,1,0,0,0,1.0,0.0,1,1,0.0,0.0,0,1,0,0,0,0,0,1,1.0,0.0,0.0,0.0,0.0,0.0,0.0,0.0,0.0,0.0,0.0,0.0,0.0,0.0,0.0,0.0,0.0,0.0,0.0,0.0,0.0,0.0,0.0,1.0,0.0,1.0,0,0,0,0,0,0,benign,0,-,CTU-IoT-Malware-Capture-1-1,0,none,none
60,6,37.0,0.0,1,0,0.0,0.0,0.0,60,60,0.0,1,0,0,0,1.0,0.0,1,1,37.0,0.0,0,1,0,0,0,0,0,1,1.0,0.0,0.0,0.0,0.0,0.0,0.0,0.0,0.0,0.0,0.0,0.0,0.0,0.0,0.0,0.0,0.0,0.0,0.0,0.0,1.0,1.0,1.0,0.0,0.0,1.0,0,0,0,1,1,1,malicious,1,PartOfAHorizontalPortScan,CTU-IoT-Malware-Capture-1-1,1,header,high
152,17,0.0,0.003983,2,96,502.13406979663563,24102.43535023851,48.0,152,152,0.0,1,1,48,48,1.0,1.0,1,1,0.0,0.0,0,1,0,1,0,0,0,2,0.5,0.0,0.5,0.0,0.0,0.0,0.0,0.0,0.0,0.0,0.0,0.0,0.0,0.0,0.0,0.0,0.003983,0.0,0.0,0.0,0.0,0.0,0.0,1.0,0.0,1.0,0,0,0,0,0,0,benign,0,-,CTU-IoT-Malware-Capture-1-1,0,none,none
40,17,0.0,0.0,1,0,0.0,0.0,0.0,40,40,0.0,1,0,0,0,1.0,0.0,1,1,0.0,0.0,0,1,0,0,0,0,0,1,1.0,0.0,0.0,0.0,0.0,0.0,0.0,0.0,0.0,0.0,0.0,0.0,0.0,0.0,0.0,0.0,0.0,0.0,0.0,0.0,0.0,0.0,0.0,1.0,0.0,1.0,0,0,0,0,0,0,benign,0,-,CTU-IoT-Malware-Capture-1-1,0,none,none
60,6,119.0,0.0,1,0,0.0,0.0,0.0,60,60,0.0,1,0,0,0,1.0,0.0,1,1,119.0,0.0,0,1,0,0,0,0,0,1,1.0,0.0,0.0,0.0,0.0,0.0,0.0,0.0,0.0,0.0,0.0,0.0,0.0,0.0,0.0,0.0,0.0,0.0,0.0,0.0,1.0,1.0,1.0,0.0,0.0,1.0,0,0,0,1,1,1,malicious,1,PartOfAHorizontalPortScan,CTU-IoT-Malware-Capture-1-1,1,header,high
180,6,86.0,2.999056,3,0,1.0003147657129443,0.0,0.0,180,180,0.0,3,0,0,0,3.0,0.0,1,1,86.0,0.0,0,1,0,0,0,0,0,1,1.0,0.0,0.0,0.0,0.0,0.0,0.0,0.0,0.0,0.0,0.0,0.0,0.0,0.0,0.0,0.0,2.999056,0.0,0.0,0.0,1.0,1.0,1.0,0.0,0.0,1.0,0,0,0,1,1,1,malicious,1,PartOfAHorizontalPortScan,CTU-IoT-Malware-Capture-1-1,1,header,high
40,17,0.0,0.0,1,0,0.0,0.0,0.0,40,40,0.0,1,0,0,0,1.0,0.0,1,1,0.0,0.0,0,1,0,0,0,0,0,1,1.0,0.0,0.0,0.0,0.0,0.0,0.0,0.0,0.0,0.0,0.0,0.0,0.0,0.0,0.0,0.0,0.0,0.0,0.0,0.0,0.0,0.0,0.0,1.0,0.0,1.0,0,0,0,0,0,0,benign,0,-,CTU-IoT-Malware-Capture-1-1,0,none,none
40,17,0.0,0.0,1,0,0.0,0.0,0.0,40,40,0.0,1,0,0,0,1.0,0.0,1,1,0.0,0.0,0,1,0,0,0,0,0,1,1.0,0.0,0.0,0.0,0.0,0.0,0.0,0.0,0.0,0.0,0.0,0.0,0.0,0.0,0.0,0.0,0.0,0.0,0.0,0.0,0.0,0.0,0.0,1.0,0.0,1.0,0,0,0,0,0,0,benign,0,-,CTU-IoT-Malware-Capture-1-1,0,none,none
60,6,0.0,0.0,1,0,0.0,0.0,0.0,60,60,0.0,1,0,0,0,1.0,0.0,1,1,0.0,0.0,0,1,0,0,0,0,0,1,1.0,0.0,0.0,0.0,0.0,0.0,0.0,0.0,0.0,0.0,0.0,0.0,0.0,0.0,0.0,0.0,0.0,0.0,0.0,0.0,0.0,0.0,0.0,1.0,0.0,1.0,0,0,0,0,0,0,benign,0,-,CTU-IoT-Malware-Capture-1-1,0,none,none
60,6,52.0,0.0,1,0,0.0,0.0,0.0,60,60,0.0,1,0,0,0,1.0,0.0,1,1,52.0,0.0,0,1,0,0,0,0,0,1,1.0,0.0,0.0,0.0,0.0,0.0,0.0,0.0,0.0,0.0,0.0,0.0,0.0,0.0,0.0,0.0,0.0,0.0,0.0,0.0,1.0,1.0,1.0,0.0,0.0,1.0,0,0,0,1,1,1,malicious,1,PartOfAHorizontalPortScan,CTU-IoT-Malware-Capture-1-1,1,header,high
40,17,0.0,0.0,1,0,0.0,0.0,0.0,40,40,0.0,1,0,0,0,1.0,0.0,1,1,0.0,0.0,0,1,0,0,0,0,0,1,1.0,0.0,0.0,0.0,0.0,0.0,0.0,0.0,0.0,0.0,0.0,0.0,0.0,0.0,0.0,0.0,0.0,0.0,0.0,0.0,0.0,0.0,0.0,1.0,0.0,1.0,0,0,0,0,0,0,benign,0,-,CTU-IoT-Malware-Capture-1-1,0,none,none
60,6,0.0,0.0,1,0,0.0,0.0,0.0,60,60,0.0,1,0,0,0,1.0,0.0,1,1,0.0,0.0,0,1,0,0,0,0,0,1,1.0,0.0,0.0,0.0,0.0,0.0,0.0,0.0,0.0,0.0,0.0,0.0,0.0,0.0,0.0,0.0,0.0,0.0,0.0,0.0,0.0,0.0,0.0,1.0,0.0,1.0,0,0,0,0,0,0,benign,0,-,CTU-IoT-Malware-Capture-1-1,0,none,none
40,17,0.0,0.0,1,0,0.0,0.0,0.0,40,40,0.0,1,0,0,0,1.0,0.0,1,1,0.0,0.0,0,1,0,0,0,0,0,1,1.0,0.0,0.0,0.0,0.0,0.0,0.0,0.0,0.0,0.0,0.0,0.0,0.0,0.0,0.0,0.0,0.0,0.0,0.0,0.0,0.0,0.0,0.0,1.0,0.0,1.0,0,0,0,0,0,0,benign,0,-,CTU-IoT-Malware-Capture-1-1,0,none,none
60,6,127.0,0.0,1,0,0.0,0.0,0.0,60,60,0.0,1,0,0,0,1.0,0.0,1,1,127.0,0.0,0,1,0,0,0,0,0,1,1.0,0.0,0.0,0.0,0.0,0.0,0.0,0.0,0.0,0.0,0.0,0.0,0.0,0.0,0.0,0.0,0.0,0.0,0.0,0.0,1.0,1.0,1.0,0.0,0.0,1.0,0,0,0,1,1,1,malicious,1,PartOfAHorizontalPortScan,CTU-IoT-Malware-Capture-1-1,1,header,high
40,17,0.0,0.0,1,0,0.0,0.0,0.0,40,40,0.0,1,0,0,0,1.0,0.0,1,1,0.0,0.0,0,1,0,0,0,0,0,1,1.0,0.0,0.0,0.0,0.0,0.0,0.0,0.0,0.0,0.0,0.0,0.0,0.0,0.0,0.0,0.0,0.0,0.0,0.0,0.0,0.0,0.0,0.0,1.0,0.0,1.0,0,0,0,0,0,0,benign,0,-,CTU-IoT-Malware-Capture-1-1,0,none,none
40,17,0.0,0.0,1,0,0.0,0.0,0.0,40,40,0.0,1,0,0,0,1.0,0.0,1,1,0.0,0.0,0,1,0,0,0,0,0,1,1.0,0.0,0.0,0.0,0.0,0.0,0.0,0.0,0.0,0.0,0.0,0.0,0.0,0.0,0.0,0.0,0.0,0.0,0.0,0.0,0.0,0.0,0.0,1.0,0.0,1.0,0,0,0,0,0,0,benign,0,-,CTU-IoT-Malware-Capture-1-1,0,none,none
40,17,0.0,0.0,1,0,0.0,0.0,0.0,40,40,0.0,1,0,0,0,1.0,0.0,1,1,0.0,0.0,0,1,0,0,0,0,0,1,1.0,0.0,0.0,0.0,0.0,0.0,0.0,0.0,0.0,0.0,0.0,0.0,0.0,0.0,0.0,0.0,0.0,0.0,0.0,0.0,0.0,0.0,0.0,1.0,0.0,1.0,0,0,0,0,0,0,benign,0,-,CTU-IoT-Malware-Capture-1-1,0,none,none
40,17,0.0,0.0,1,0,0.0,0.0,0.0,40,40,0.0,1,0,0,0,1.0,0.0,1,1,0.0,0.0,0,1,0,0,0,0,0,1,1.0,0.0,0.0,0.0,0.0,0.0,0.0,0.0,0.0,0.0,0.0,0.0,0.0,0.0,0.0,0.0,0.0,0.0,0.0,0.0,0.0,0.0,0.0,1.0,0.0,1.0,0,0,0,0,0,0,benign,0,-,CTU-IoT-Malware-Capture-1-1,0,none,none
180,6,116.0,2.998824,3,0,1.00039215372426,0.0,0.0,180,180,0.0,3,0,0,0,3.0,0.0,1,1,116.0,0.0,0,1,0,0,0,0,0,1,1.0,0.0,0.0,0.0,0.0,0.0,0.0,0.0,0.0,0.0,0.0,0.0,0.0,0.0,0.0,0.0,2.998824,0.0,0.0,0.0,1.0,1.0,1.0,0.0,0.0,1.0,0,0,0,1,1,1,malicious,1,PartOfAHorizontalPortScan,CTU-IoT-Malware-Capture-1-1,1,header,high
40,17,0.0,0.0,1,0,0.0,0.0,0.0,40,40,0.0,1,0,0,0,1.0,0.0,1,1,0.0,0.0,0,1,0,0,0,0,0,1,1.0,0.0,0.0,0.0,0.0,0.0,0.0,0.0,0.0,0.0,0.0,0.0,0.0,0.0,0.0,0.0,0.0,0.0,0.0,0.0,0.0,0.0,0.0,1.0,0.0,1.0,0,0,0,0,0,0,benign,0,-,CTU-IoT-Malware-Capture-1-1,0,none,none
40,17,0.0,0.0,1,0,0.0,0.0,0.0,40,40,0.0,1,0,0,0,1.0,0.0,1,1,0.0,0.0,0,1,0,0,0,0,0,1,1.0,0.0,0.0,0.0,0.0,0.0,0.0,0.0,0.0,0.0,0.0,0.0,0.0,0.0,0.0,0.0,0.0,0.0,0.0,0.0,0.0,0.0,0.0,1.0,0.0,1.0,0,0,0,0,0,0,benign,0,-,CTU-IoT-Malware-Capture-1-1,0,none,none
180,6,66.0,2.998807,3,0,1.000397824868356,0.0,0.0,180,180,0.0,3,0,0,0,3.0,0.0,1,1,66.0,0.0,0,1,0,0,0,0,0,1,1.0,0.0,0.0,0.0,0.0,0.0,0.0,0.0,0.0,0.0,0.0,0.0,0.0,0.0,0.0,0.0,2.998807,0.0,0.0,0.0,1.0,1.0,1.0,0.0,0.0,1.0,0,0,0,1,1,1,malicious,1,PartOfAHorizontalPortScan,CTU-IoT-Malware-Capture-1-1,1,header,high
40,17,0.0,0.0,1,0,0.0,0.0,0.0,40,40,0.0,1,0,0,0,1.0,0.0,1,1,0.0,0.0,0,1,0,0,0,0,0,1,1.0,0.0,0.0,0.0,0.0,0.0,0.0,0.0,0.0,0.0,0.0,0.0,0.0,0.0,0.0,0.0,0.0,0.0,0.0,0.0,0.0,0.0,0.0,1.0,0.0,1.0,0,0,0,0,0,0,benign,0,-,CTU-IoT-Malware-Capture-1-1,0,none,none
180,6,102.0,2.993808,3,0,1.0020682689070242,0.0,0.0,180,180,0.0,3,0,0,0,3.0,0.0,1,1,102.0,0.0,0,1,0,0,0,0,0,1,1.0,0.0,0.0,0.0,0.0,0.0,0.0,0.0,0.0,0.0,0.0,0.0,0.0,0.0,0.0,0.0,2.993808,0.0,0.0,0.0,1.0,1.0,1.0,0.0,0.0,1.0,0,0,0,1,1,1,malicious,1,PartOfAHorizontalPortScan,CTU-IoT-Malware-Capture-1-1,1,header,high
180,6,33.0,2.998825,3,0,1.0003918201295507,0.0,0.0,180,180,0.0,3,0,0,0,3.0,0.0,1,1,33.0,0.0,0,1,0,0,0,0,0,1,1.0,0.0,0.0,0.0,0.0,0.0,0.0,0.0,0.0,0.0,0.0,0.0,0.0,0.0,0.0,0.0,2.998825,0.0,0.0,0.0,1.0,1.0,1.0,0.0,0.0,1.0,0,0,0,1,1,1,malicious,1,PartOfAHorizontalPortScan,CTU-IoT-Malware-Capture-1-1,1,header,high
180,6,113.0,2.998556,3,0,1.000481565126681,0.0,0.0,180,180,0.0,3,0,0,0,3.0,0.0,1,1,113.0,0.0,0,1,0,0,0,0,0,1,1.0,0.0,0.0,0.0,0.0,0.0,0.0,0.0,0.0,0.0,0.0,0.0,0.0,0.0,0.0,0.0,2.998556,0.0,0.0,0.0,1.0,1.0,1.0,0.0,0.0,1.0,0,0,0,1,1,1,malicious,1,PartOfAHorizontalPortScan,CTU-IoT-Malware-Capture-1-1,1,header,high
60,6,90.0,0.0,1,0,0.0,0.0,0.0,60,60,0.0,1,0,0,0,1.0,0.0,1,1,90.0,0.0,0,1,0,0,0,0,0,1,1.0,0.0,0.0,0.0,0.0,0.0,0.0,0.0,0.0,0.0,0.0,0.0,0.0,0.0,0.0,0.0,0.0,0.0,0.0,0.0,1.0,1.0,1.0,0.0,0.0,1.0,0,0,0,1,1,1,malicious,1,PartOfAHorizontalPortScan,CTU-IoT-Malware-Capture-1-1,1,header,high
60,6,128.0,0.0,1,0,0.0,0.0,0.0,60,60,0.0,1,0,0,0,1.0,0.0,1,1,128.0,0.0,0,1,0,0,0,0,0,1,1.0,0.0,0.0,0.0,0.0,0.0,0.0,0.0,0.0,0.0,0.0,0.0,0.0,0.0,0.0,0.0,0.0,0.0,0.0,0.0,1.0,1.0,1.0,0.0,0.0,1.0,0,0,0,1,1,1,malicious,1,PartOfAHorizontalPortScan,CTU-IoT-Malware-Capture-1-1,1,header,high
