packet_size,protocol,flow_duration,total_packets,total_bytes,packets_per_second,bytes_per_second,avg_packet_size,min_packet_size,max_packet_size,packet_size_std,forward_packet_count,backward_packet_count,forward_bytes,backward_bytes,packet_direction_ratio,flow_symmetry_ratio,unique_src_ports,unique_dst_ports,ttl_mean,ttl_std,ip_fragment_count,tcp_syn_count,tcp_ack_count,tcp_fin_count,tcp_rst_count,tcp_psh_count,tcp_urg_count,tcp_flag_total,tcp_syn_ratio,tcp_ack_ratio,tcp_fin_ratio,tcp_rst_ratio,tcp_psh_ratio,tcp_urg_ratio,retransmission_estimate,packet_size_entropy,timing_entropy,burstiness_score,packet_rate_variance,byte_rate_variance,payload_variability_score,inter_arrival_mean,inter_arrival_std,flow_idle_time,flow_active_time,packet_size_randomization_score,timing_jitter_score,fragmentation_anomaly_score,ttl_randomization_score,tos_randomization_score,window_randomization_score,header_consistency_score,timing_irregularity_score,flow_uniformity_score,obf_size_randomized,obf_timing_jittered,obf_fragmented,obf_ttl_randomized,obf_tos_randomized,obf_window_randomized,label,label_binary,attack_family,scenario_id,obfuscation_applied,obfuscation_type,obfuscation_severity
66,6,0.0,1,0,0.0,0.0,0.0,66,66,0.0,1,0,0,0,1.0,0.0,1,1,0.0,0.0,0,1,0,0,0,0,0,1,1.0,0.0,0.0,0.0,0.0,0.0,0.0,0.0,0.0,0.0,0.0,0.0,0.0,0.0,0.0,0.0,0.0,0.1,0.0,0.0,0.0,0.0,0.0,1.0,0.0,0.0,1,0,0,0,0,0,malicious,1,PartOfAHorizontalPortScan,CTU-IoT-Malware-Capture-1-1,1,packet_size,low
177,6,2.999315,3,0,1.0002283854813516,0.0,0.0,177,177,0.0,3,0,0,0,3.0,0.0,1,1,0.0,0.0,0,1,0,0,0,0,0,1,1.0,0.0,0.0,0.0,0.0,0.0,0.0,0.0,0.0,0.0,0.0,0.0,0.0,0.0,0.0,0.0,2.999315,0.016666666666666666,0.0,0.0,0.0,0.0,0.0,1.0,0.0,0.0,1,0,0,0,0,0,malicious,1,PartOfAHorizontalPortScan,CTU-IoT-Malware-Capture-1-1,1,packet_size,low
40,17,0.0,1,0,0.0,0.0,0.0,40,40,0.0,1,0,0,0,1.0,0.0,1,1,0.0,0.0,0,1,0,0,0,0,0,1,1.0,0.0,0.0,0.0,0.0,0.0,0.0,0.0,0.0,0.0,0.0,0.0,0.0,0.0,0.0,0.0,0.0,0.0,0.0,0.0,0.0,0.0,0.0,1.0,0.0,1.0,0,0,0,0,0,0,benign,0,-,CTU-IoT-Malware-Capture-1-1,0,none,none
47,6,0.0,1,0,0.0,0.0,0.0,47,47,0.0,1,0,0,0,1.0,0.0,1,1,0.0,0.0,0,1,0,0,0,0,0,1,1.0,0.0,0.0,0.0,0.0,0.0,0.0,0.0,0.0,0.0,0.0,0.0,0.0,0.0,0.0,0.0,0.0,0.21666666666666667,0.0,0.0,0.0,0.0,0.0,1.0,0.0,0.0,1,0,0,0,0,0,malicious,1,PartOfAHorizontalPortScan,CTU-IoT-Malware-Capture-1-1,1,packet_size,low
221,6,2.998826,3,0,1.000391486535064,0.0,0.0,221,221,0.0,3,0,0,0,3.0,0.0,1,1,0.0,0.0,0,1,0,0,0,0,0,1,1.0,0.0,0.0,0.0,0.0,0.0,0.0,0.0,0.0,0.0,0.0,0.0,0.0,0.0,0.0,0.0,2.998826,0.22777777777777777,0.0,0.0,0.0,0.0,0.0,1.0,0.0,0.0,1,0,0,0,0,0,malicious,1,PartOfAHorizontalPortScan,CTU-IoT-Malware-Capture-1-1,1,packet_size,low
40,17,0.0,1,0,0.0,0.0,0.0,40,40,0.0,1,0,0,0,1.0,0.0,1,1,0.0,0.0,0,1,0,0,0,0,0,1,1.0,0.0,0.0,0.0,0.0,0.0,0.0,0.0,0.0,0.0,0.0,0.0,0.0,0.0,0.0,0.0,0.0,0.0,0.0,0.0,0.0,0.0,0.0,1.0,0.0,1.0,0,0,0,0,0,0,benign,0,-,CTU-IoT-Malware-Capture-1-1,0,none,none
40,17,0.0,1,0,0.0,0.0,0.0,40,40,0.0,1,0,0,0,1.0,0.0,1,1,0.0,0.0,0,1,0,0,0,0,0,1,1.0,0.0,0.0,0.0,0.0,0.0,0.0,0.0,0.0,0.0,0.0,0.0,0.0,0.0,0.0,0.0,0.0,0.0,0.0,0.0,0.0,0.0,0.0,1.0,0.0,1.0,0,0,0,0,0,0,benign,0,-,CTU-IoT-Malware-Capture-1-1,0,none,none
152,17,0.026467,2,96,75.56579891940908,3627.1583481316356,48.0,152,152,0.0,1,1,48,48,1.0,1.0,1,1,0.0,0.0,0,1,0,1,0,0,0,2,0.5,0.0,0.5,0.0,0.0,0.0,0.0,0.0,0.0,0.0,0.0,0.0,0.0,0.0,0.0,0.0,0.026467,0.0,0.0,0.0,0.0,0.0,0.0,1.0,0.0,1.0,0,0,0,0,0,0,benign,0,-,CTU-IoT-Malware-Capture-1-1,0,none,none
40,17,0.0,1,0,0.0,0.0,0.0,40,40,0.0,1,0,0,0,1.0,0.0,1,1,0.0,0.0,0,1,0,0,0,0,0,1,1.0,0.0,0.0,0.0,0.0,0.0,0.0,0.0,0.0,0.0,0.0,0.0,0.0,0.0,0.0,0.0,0.0,0.0,0.0,0.0,0.0,0.0,0.0,1.0,0.0,1.0,0,0,0,0,0,0,benign,0,-,CTU-IoT-Malware-Capture-1-1,0,none,none
167,6,2.993548,3,0,1.0021553020028406,0.0,0.0,167,167,0.0,3,0,0,0,3.0,0.0,1,1,0.0,0.0,0,1,0,0,0,0,0,1,1.0,0.0,0.0,0.0,0.0,0.0,0.0,0.0,0.0,0.0,0.0,0.0,0.0,0.0,0.0,0.0,2.993548,0.07222222222222222,0.0,0.0,0.0,0.0,0.0,1.0,0.0,0.0,1,0,0,0,0,0,malicious,1,PartOfAHorizontalPortScan,CTU-IoT-Malware-Capture-1-1,1,packet_size,low
40,17,0.0,1,0,0.0,0.0,0.0,40,40,0.0,1,0,0,0,1.0,0.0,1,1,0.0,0.0,0,1,0,0,0,0,0,1,1.0,0.0,0.0,0.0,0.0,0.0,0.0,0.0,0.0,0.0,0.0,0.0,0.0,0.0,0.0,0.0,0.0,0.0,0.0,0.0,0.0,0.0,0.0,1.0,0.0,1.0,0,0,0,0,0,0,benign,0,-,CTU-IoT-Malware-Capture-1-1,0,none,none
40,17,0.0,1,0,0.0,0.0,0.0,40,40,0.0,1,0,0,0,1.0,0.0,1,1,0.0,0.0,0,1,0,0,0,0,0,1,1.0,0.0,0.0,0.0,0.0,0.0,0.0,0.0,0.0,0.0,0.0,0.0,0.0,0.0,0.0,0.0,0.0,0.0,0.0,0.0,0.0,0.0,0.0,1.0,0.0,1.0,0,0,0,0,0,0,benign,0,-,CTU-IoT-Malware-Capture-1-1,0,none,none
40,17,0.0,1,0,0.0,0.0,0.0,40,40,0.0,1,0,0,0,1.0,0.0,1,1,0.0,0.0,0,1,0,0,0,0,0,1,1.0,0.0,0.0,0.0,0.0,0.0,0.0,0.0,0.0,0.0,0.0,0.0,0.0,0.0,0.0,0.0,0.0,0.0,0.0,0.0,0.0,0.0,0.0,1.0,0.0,1.0,0,0,0,0,0,0,benign,0,-,CTU-IoT-Malware-Capture-1-1,0,none,none
69,6,0.0,1,0,0.0,0.0,0.0,69,69,0.0,1,0,0,0,1.0,0.0,1,1,0.0,0.0,0,1,0,0,0,0,0,1,1.0,0.0,0.0,0.0,0.0,0.0,0.0,0.0,0.0,0.0,0.0,0.0,0.0,0.0,0.0,0.0,0.0,0.15,0.0,0.0,0.0,0.0,0.0,1.0,0.0,0.0,1,0,0,0,0,0,malicious,1,PartOfAHorizontalPortScan,CTU-IoT-Malware-Capture-1-1,1,packet_size,low
59,6,0.0,1,0,0.0,0.0,0.0,59,59,0.0,1,0,0,0,1.0,0.0,1,1,0.0,0.0,0,1,0,0,0,0,0,1,1.0,0.0,0.0,0.0,0.0,0.0,0.0,0.0,0.0,0.0,0.0,0.0,0.0,0.0,0.0,0.0,0.0,0.016666666666666666,0.0,0.0,0.0,0.0,0.0,1.0,0.0,0.0,1,0,0,0,0,0,malicious,1,PartOfAHorizontalPortScan,CTU-IoT-Malware-Capture-1-1,1,packet_size,low
40,17,0.0,1,0,0.0,0.0,0.0,40,40,0.0,1,0,0,0,1.0,0.0,1,1,0.0,0.0,0,1,0,0,0,0,0,1,1.0,0.0,0.0,0.0,0.0,0.0,0.0,0.0,0.0,0.0,0.0,0.0,0.0,0.0,0.0,0.0,0.0,0.0,0.0,0.0,0.0,0.0,0.0,1.0,0.0,1.0,0,0,0,0,0,0,benign,0,-,CTU-IoT-Malware-Capture-1-1,0,none,none
40,17,0.0,1,0,0.0,0.0,0.0,40,40,0.0,1,0,0,0,1.0,0.0,1,1,0.0,0.0,0,1,0,0,0,0,0,1,1.0,0.0,0.0,0.0,0.0,0.0,0.0,0.0,0.0,0.0,0.0,0.0,0.0,0.0,0.0,0.0,0.0,0.0,0.0,0.0,0.0,0.0,0.0,1.0,0.0,1.0,0,0,0,0,0,0,benign,0,-,CTU-IoT-Malware-Capture-1-1,0,none,none
68,1,0.0,1,0,0.0,0.0,0.0,68,68,0.0,1,0,0,0,1.0,0.0,1,1,0.0,0.0,0,0,0,0,0,0,0,0,0.0,0.0,0.0,0.0,0.0,0.0,0.0,0.0,0.0,0.0,0.0,0.0,0.0,0.0,0.0,0.0,0.0,0.0,0.0,0.0,0.0,0.0,0.0,1.0,0.0,1.0,0,0,0,0,0,0,benign,0,-,CTU-IoT-Malware-Capture-1-1,0,none,none
40,17,0.0,1,0,0.0,0.0,0.0,40,40,0.0,1,0,0,0,1.0,0.0,1,1,0.0,0.0,0,1,0,0,0,0,0,1,1.0,0.0,0.0,0.0,0.0,0.0,0.0,0.0,0.0,0.0,0.0,0.0,0.0,0.0,0.0,0.0,0.0,0.0,0.0,0.0,0.0,0.0,0.0,1.0,0.0,1.0,0,0,0,0,0,0,benign,0,-,CTU-IoT-Malware-Capture-1-1,0,none,none
55,6,0.0,1,0,0.0,0.0,0.0,55,55,0.0,1,0,0,0,1.0,0.0,1,1,0.0,0.0,0,1,0,0,0,0,0,1,1.0,0.0,0.0,0.0,0.0,0.0,0.0,0.0,0.0,0.0,0.0,0.0,0.0,0.0,0.0,0.0,0.0,0.08333333333333333,0.0,0.0,0.0,0.0,0.0,1.0,0.0,0.0,1,0,0,0,0,0,malicious,1,PartOfAHorizontalPortScan,CTU-IoT-Malware-Capture-1-1,1,packet_size,low
180,6,2.998812,3,0,1.0003961568781237,0.0,0.0,180,180,0.0,3,0,0,0,3.0,0.0,1,1,0.0,0.0,0,1,0,0,0,0,0,1,1.0,0.0,0.0,0.0,0.0,0.0,0.0,0.0,0.0,0.0,0.0,0.0,0.0,0.0,0.0,0.0,2.998812,0.0,0.0,0.0,0.0,0.0,0.0,1.0,0.0,1.0,0,0,0,0,0,0,benign,0,-,CTU-IoT-Malware-Capture-1-1,0,none,none
65,6,0.0,1,0,0.0,0.0,0.0,65,65,0.0,1,0,0,0,1.0,0.0,1,1,0.0,0.0,0,1,0,0,0,0,0,1,1.0,0.0,0.0,0.0,0.0,0.0,0.0,0.0,0.0,0.0,0.0,0.0,0.0,0.0,0.0,0.0,0.0,0.08333333333333333,0.0,0.0,0.0,0.0,0.0,1.0,0.0,0.0,1,0,0,0,0,0,malicious,1,PartOfAHorizontalPortScan,CTU-IoT-Malware-Capture-1-1,1,packet_size,low
52,6,0.0,1,0,0.0,0.0,0.0,52,52,0.0,1,0,0,0,1.0,0.0,1,1,0.0,0.0,0,1,0,0,0,0,0,1,1.0,0.0,0.0,0.0,0.0,0.0,0.0,0.0,0.0,0.0,0.0,0.0,0.0,0.0,0.0,0.0,0.0,0.13333333333333333,0.0,0.0,0.0,0.0,0.0,1.0,0.0,0.0,1,0,0,0,0,0,malicious,1,PartOfAHorizontalPortScan,CTU-IoT-Malware-Capture-1-1,1,packet_size,low
72,6,0.0,1,0,0.0,0.0,0.0,72,72,0.0,1,0,0,0,1.0,0.0,1,1,0.0,0.0,0,1,0,0,0,0,0,1,1.0,0.0,0.0,0.0,0.0,0.0,0.0,0.0,0.0,0.0,0.0,0.0,0.0,0.0,0.0,0.0,0.0,0.2,0.0,0.0,0.0,0.0,0.0,1.0,0.0,0.0,1,0,0,0,0,0,malicious,1,PartOfAHorizontalPortScan,CTU-IoT-Malware-Capture-1-1,1,packet_size,low
180,6,2.999077,3,0,1.0003077613545768,0.0,0.0,180,180,0.0,3,0,0,0,3.0,0.0,1,1,0.0,0.0,0,1,0,0,0,0,0,1,1.0,0.0,0.0,0.0,0.0,0.0,0.0,0.0,0.0,0.0,0.0,0.0,0.0,0.0,0.0,0.0,2.999077,0.0,0.0,0.0,0.0,0.0,0.0,1.0,0.0,1.0,0,0,0,0,0,0,benign,0,-,CTU-IoT-Malware-Capture-1-1,0,none,none
53,6,0.0,1,0,0.0,0.0,0.0,53,53,0.0,1,0,0,0,1.0,0.0,1,1,0.0,0.0,0,1,0,0,0,0,0,1,1.0,0.0,0.0,0.0,0.0,0.0,0.0,0.0,0.0,0.0,0.0,0.0,0.0,0.0,0.0,0.0,0.0,0.11666666666666667,0.0,0.0,0.0,0.0,0.0,1.0,0.0,0.0,1,0,0,0,0,0,malicious,1,PartOfAHorizontalPortScan,CTU-IoT-Malware-Capture-1-1,1,packet_size,low
40,17,0.0,1,0,0.0,0.0,0.0,40,40,0.0,1,0,0,0,1.0,0.0,1,1,0.0,0.0,0,1,0,0,0,0,0,1,1.0,0.0,0.0,0.0,0.0,0.0,0.0,0.0,0.0,0.0,0.0,0.0,0.0,0.0,0.0,0.0,0.0,0.0,0.0,0.0,0.0,0.0,0.0,1.0,0.0,1.0,0,0,0,0,0,0,benign,0,-,CTU-IoT-Malware-Capture-1-1,0,none,none
40,17,0.0,1,0,0.0,0.0,0.0,40,40,0.0,1,0,0,0,1.0,0.0,1,1,0.0,0.0,0,1,0,0,0,0,0,1,1.0,0.0,0.0,0.0,0.0,0.0,0.0,0.0,0.0,0.0,0.0,0.0,0.0,0.0,0.0,0.0,0.0,0.0,0.0,0.0,0.0,0.0,0.0,1.0,0.0,1.0,0,0,0,0,0,0,benign,0,-,CTU-IoT-Malware-Capture-1-1,0,none,none
69,6,0.0,1,0,0.0,0.0,0.0,69,69,0.0,1,0,0,0,1.0,0.0,1,1,0.0,0.0,0,1,0,0,0,0,0,1,1.0,0.0,0.0,0.0,0.0,0.0,0.0,0.0,0.0,0.0,0.0,0.0,0.0,0.0,0.0,0.0,0.0,0.15,0.0,0.0,0.0,0.0,0.0,1.0,0.0,0.0,1,0,0,0,0,0,malicious,1,PartOfAHorizontalPortScan,CTU-IoT-Malware-Capture-1-1,1,packet_size,low
53,6,0.0,1,0,0.0,0.0,0.0,53,53,0.0,1,0,0,0,1.0,0.0,1,1,0.0,0.0,0,1,0,0,0,0,0,1,1.0,0.0,0.0,0.0,0.0,0.0,0.0,0.0,0.0,0.0,0.0,0.0,0.0,0.0,0.0,0.0,0.0,0.11666666666666667,0.0,0.0,0.0,0.0,0.0,1.0,0.0,0.0,1,0,0,0,0,0,malicious,1,PartOfAHorizontalPortScan,CTU-IoT-Malware-Capture-1-1,1,packet_size,low
209,6,2.998813,3,0,1.0003958232807446,0.0,0.0,209,209,0.0,3,0,0,0,3.0,0.0,1,1,0.0,0.0,0,1,0,0,0,0,0,1,1.0,0.0,0.0,0.0,0.0,0.0,0.0,0.0,0.0,0.0,0.0,0.0,0.0,0.0,0.0,0.0,2.998813,0.16111111111111112,0.0,0.0,0.0,0.0,0.0,1.0,0.0,0.0,1,0,0,0,0,0,malicious,1,PartOfAHorizontalPortScan,CTU-IoT-Malware-Capture-1-1,1,packet_size,low
49,6,0.0,1,0,0.0,0.0,0.0,49,49,0.0,1,0,0,0,1.0,0.0,1,1,0.0,0.0,0,1,0,0,0,0,0,1,1.0,0.0,0.0,0.0,0.0,0.0,0.0,0.0,0.0,0.0,0.0,0.0,0.0,0.0,0.0,0.0,0.0,0.18333333333333332,0.0,0.0,0.0,0.0,0.0,1.0,0.0,0.0,1,0,0,0,0,0,malicious,1,PartOfAHorizontalPortScan,CTU-IoT-Malware-Capture-1-1,1,packet_size,low
40,17,0.0,1,0,0.0,0.0,0.0,40,40,0.0,1,0,0,0,1.0,0.0,1,1,0.0,0.0,0,1,0,0,0,0,0,1,1.0,0.0,0.0,0.0,0.0,0.0,0.0,0.0,0.0,0.0,0.0,0.0,0.0,0.0,0.0,0.0,0.0,0.0,0.0,0.0,0.0,0.0,0.0,1.0,0.0,1.0,0,0,0,0,0,0,benign,0,-,CTU-IoT-Malware-Capture-1-1,0,none,none
40,17,0.0,1,0,0.0,0.0,0.0,40,40,0.0,1,0,0,0,1.0,0.0,1,1,0.0,0.0,0,1,0,0,0,0,0,1,1.0,0.0,0.0,0.0,0.0,0.0,0.0,0.0,0.0,0.0,0.0,0.0,0.0,0.0,0.0,0.0,0.0,0.0,0.0,0.0,0.0,0.0,0.0,1.0,0.0,1.0,0,0,0,0,0,0,benign,0,-,CTU-IoT-Malware-Capture-1-1,0,none,none
221,6,2.998796,3,0,1.0004014944664459,0.0,0.0,221,221,0.0,3,0,0,0,3.0,0.0,1,1,0.0,0.0,0,1,0,0,0,0,0,1,1.0,0.0,0.0,0.0,0.0,0.0,0.0,0.0,0.0,0.0,0.0,0.0,0.0,0.0,0.0,0.0,2.998796,0.22777777777777777,0.0,0.0,0.0,0.0,0.0,1.0,0.0,0.0,1,0,0,0,0,0,malicious,1,PartOfAHorizontalPortScan,CTU-IoT-Malware-Capture-1-1,1,packet_size,low
68,1,0.0,1,0,0.0,0.0,0.0,68,68,0.0,1,0,0,0,1.0,0.0,1,1,0.0,0.0,0,0,0,0,0,0,0,0,0.0,0.0,0.0,0.0,0.0,0.0,0.0,0.0,0.0,0.0,0.0,0.0,0.0,0.0,0.0,0.0,0.0,0.0,0.0,0.0,0.0,0.0,0.0,1.0,0.0,1.0,0,0,0,0,0,0,benign,0,-,CTU-IoT-Malware-Capture-1-1,0,none,none
53,6,0.0,1,0,0.0,0.0,0.0,53,53,0.0,1,0,0,0,1.0,0.0,1,1,0.0,0.0,0,1,0,0,0,0,0,1,1.0,0.0,0.0,0.0,0.0,0.0,0.0,0.0,0.0,0.0,0.0,0.0,0.0,0.0,0.0,0.0,0.0,0.11666666666666667,0.0,0.0,0.0,0.0,0.0,1.0,0.0,0.0,1,0,0,0,0,0,malicious,1,PartOfAHorizontalPortScan,CTU-IoT-Malware-Capture-1-1,1,packet_size,low
164,6,2.998578,3,0,1.0004742247825469,0.0,0.0,164,164,0.0,3,0,0,0,3.0,0.0,1,1,0.0,0.0,0,1,0,0,0,0,0,1,1.0,0.0,0.0,0.0,0.0,0.0,0.0,0.0,0.0,0.0,0.0,0.0,0.0,0.0,0.0,0.0,2.998578,0.08888888888888889,0.0,0.0,0.0,0.0,0.0,1.0,0.0,0.0,1,0,0,0,0,0,malicious,1,PartOfAHorizontalPortScan,CTU-IoT-Malware-Capture-1-1,1,packet_size,low
109,6,2.998815,3,0,1.0003951560866542,0.0,0.0,109,109,0.0,3,0,0,0,3.0,0.0,1,1,0.0,0.0,0,1,0,0,0,0,0,1,1.0,0.0,0.0,0.0,0.0,0.0,0.0,0.0,0.0,0.0,0.0,0.0,0.0,0.0,0.0,0.0,2.998815,0.39444444444444443,0.0,0.0,0.0,0.0,0.0,1.0,0.0,0.0,1,0,0,0,0,0,malicious,1,PartOfAHorizontalPortScan,CTU-IoT-Malware-Capture-1-1,1,packet_size,low
68,6,0.0,1,0,0.0,0.0,0.0,68,68,0.0,1,0,0,0,1.0,0.0,1,1,0.0,0.0,0,1,0,0,0,0,0,1,1.0,0.0,0.0,0.0,0.0,0.0,0.0,0.0,0.0,0.0,0.0,0.0,0.0,0.0,0.0,0.0,0.0,0.13333333333333333,0.0,0.0,0.0,0.0,0.0,1.0,0.0,0.0,1,0,0,0,0,0,malicious,1,PartOfAHorizontalPortScan,CTU-IoT-Malware-Capture-1-1,1,packet_size,low
40,17,0.0,1,0,0.0,0.0,0.0,40,40,0.0,1,0,0,0,1.0,0.0,1,1,0.0,0.0,0,1,0,0,0,0,0,1,1.0,0.0,0.0,0.0,0.0,0.0,0.0,0.0,0.0,0.0,0.0,0.0,0.0,0.0,0.0,0.0,0.0,0.0,0.0,0.0,0.0,0.0,0.0,1.0,0.0,1.0,0,0,0,0,0,0,benign,0,-,CTU-IoT-Malware-Capture-1-1,0,none,none
40,17,0.0,1,0,0.0,0.0,0.0,40,40,0.0,1,0,0,0,1.0,0.0,1,1,0.0,0.0,0,1,0,0,0,0,0,1,1.0,0.0,0.0,0.0,0.0,0.0,0.0,0.0,0.0,0.0,0.0,0.0,0.0,0.0,0.0,0.0,0.0,0.0,0.0,0.0,0.0,0.0,0.0,1.0,0.0,1.0,0,0,0,0,0,0,benign,0,-,CTU-IoT-Malware-Capture-1-1,0,none,none
126,6,2.998556,3,0,1.000481565126681,0.0,0.0,126,126,0.0,3,0,0,0,3.0,0.0,1,1,0.0,0.0,0,1,0,0,0,0,0,1,1.0,0.0,0.0,0.0,0.0,0.0,0.0,0.0,0.0,0.0,0.0,0.0,0.0,0.0,0.0,0.0,2.998556,0.3,0.0,0.0,0.0,0.0,0.0,1.0,0.0,0.0,1,0,0,0,0,0,malicious,1,PartOfAHorizontalPortScan,CTU-IoT-Malware-Capture-1-1,1,packet_size,low
152,17,0.001232,2,96,1623.3766233766235,77922.07792207792,48.0,152,152,0.0,1,1,48,48,1.0,1.0,1,1,0.0,0.0,0,1,0,1,0,0,0,2,0.5,0.0,0.5,0.0,0.0,0.0,0.0,0.0,0.0,0.0,0.0,0.0,0.0,0.0,0.0,0.0,0.001232,0.0,0.0,0.0,0.0,0.0,0.0,1.0,0.0,1.0,0,0,0,0,0,0,benign,0,-,CTU-IoT-Malware-Capture-1-1,0,none,none
180,6,2.998808,3,0,1.0003974912698645,0.0,0.0,180,180,0.0,3,0,0,0,3.0,0.0,1,1,0.0,0.0,0,1,0,0,0,0,0,1,1.0,0.0,0.0,0.0,0.0,0.0,0.0,0.0,0.0,0.0,0.0,0.0,0.0,0.0,0.0,0.0,2.998808,0.0,0.0,0.0,0.0,0.0,0.0,1.0,0.0,1.0,0,0,0,0,0,0,benign,0,-,CTU-IoT-Malware-Capture-1-1,0,none,none
40,17,0.0,1,0,0.0,0.0,0.0,40,40,0.0,1,0,0,0,1.0,0.0,1,1,0.0,0.0,0,1,0,0,0,0,0,1,1.0,0.0,0.0,0.0,0.0,0.0,0.0,0.0,0.0,0.0,0.0,0.0,0.0,0.0,0.0,0.0,0.0,0.0,0.0,0.0,0.0,0.0,0.0,1.0,0.0,1.0,0,0,0,0,0,0,benign,0,-,CTU-IoT-Malware-Capture-1-1,0,none,none
40,17,0.0,1,0,0.0,0.0,0.0,40,40,0.0,1,0,0,0,1.0,0.0,1,1,0.0,0.0,0,1,0,0,0,0,0,1,1.0,0.0,0.0,0.0,0.0,0.0,0.0,0.0,0.0,0.0,0.0,0.0,0.0,0.0,0.0,0.0,0.0,0.0,0.0,0.0,0.0,0.0,0.0,1.0,0.0,1.0,0,0,0,0,0,0,benign,0,-,CTU-IoT-Malware-Capture-1-1,0,none,none
40,17,0.0,1,0,0.0,0.0,0.0,40,40,0.0,1,0,0,0,1.0,0.0,1,1,0.0,0.0,0,1,0,0,0,0,0,1,1.0,0.0,0.0,0.0,0.0,0.0,0.0,0.0,0.0,0.0,0.0,0.0,0.0,0.0,0.0,0.0,0.0,0.0,0.0,0.0,0.0,0.0,0.0,1.0,0.0,1.0,0,0,0,0,0,0,benign,0,-,CTU-IoT-Malware-Capture-1-1,0,none,none
68,6,0.0,1,0,0.0,0.0,0.0,68,68,0.0,1,0,0,0,1.0,0.0,1,1,0.0,0.0,0,1,0,0,0,0,0,1,1.0,0.0,0.0,0.0,0.0,0.0,0.0,0.0,0.0,0.0,0.0,0.0,0.0,0.0,0.0,0.0,0.0,0.13333333333333333,0.0,0.0,0.0,0.0,0.0,1.0,0.0,0.0,1,0,0,0,0,0,malicious,1,PartOfAHorizontalPortScan,CTU-IoT-Malware-Capture-1-1,1,packet_size,low
61,6,0.0,1,0,0.0,0.0,0.0,61,61,0.0,1,0,0,0,1.0,0.0,1,1,0.0,0.0,0,1,0,0,0,0,0,1,1.0,0.0,0.0,0.0,0.0,0.0,0.0,0.0,0.0,0.0,0.0,0.0,0.0,0.0,0.0,0.0,0.0,0.016666666666666666,0.0,0.0,0.0,0.0,0.0,1.0,0.0,0.0,1,0,0,0,0,0,malicious,1,PartOfAHorizontalPortScan,CTU-IoT-Malware-Capture-1-1,1,packet_size,low
49,6,0.0,1,0,0.0,0.0,0.0,49,49,0.0,1,0,0,0,1.0,0.0,1,1,0.0,0.0,0,1,0,0,0,0,0,1,1.0,0.0,0.0,0.0,0.0,0.0,0.0,0.0,0.0,0.0,0.0,0.0,0.0,0.0,0.0,0.0,0.0,0.18333333333333332,0.0,0.0,0.0,0.0,0.0,1.0,0.0,0.0,1,0,0,0,0,0,malicious,1,PartOfAHorizontalPortScan,CTU-IoT-Malware-Capture-1-1,1,packet_size,low
40,17,0.0,1,0,0.0,0.0,0.0,40,40,0.0,1,0,0,0,1.0,0.0,1,1,0.0,0.0,0,1,0,0,0,0,0,1,1.0,0.0,0.0,0.0,0.0,0.0,0.0,0.0,0.0,0.0,0.0,0.0,0.0,0.0,0.0,0.0,0.0,0.0,0.0,0.0,0.0,0.0,0.0,1.0,0.0,1.0,0,0,0,0,0,0,benign,0,-,CTU-IoT-Malware-Capture-1-1,0,none,none
171,6,2.998815,3,0,1.0003951560866542,0.0,0.0,171,171,0.0,3,0,0,0,3.0,0.0,1,1,0.0,0.0,0,1,0,0,0,0,0,1,1.0,0.0,0.0,0.0,0.0,0.0,0.0,0.0,0.0,0.0,0.0,0.0,0.0,0.0,0.0,0.0,2.998815,0.05,0.0,0.0,0.0,0.0,0.0,1.0,0.0,0.0,1,0,0,0,0,0,malicious,1,PartOfAHorizontalPortScan,CTU-IoT-Malware-Capture-1-1,1,packet_size,low
40,17,0.0,1,0,0.0,0.0,0.0,40,40,0.0,1,0,0,0,1.0,0.0,1,1,0.0,0.0,0,1,0,0,0,0,0,1,1.0,0.0,0.0,0.0,0.0,0.0,0.0,0.0,0.0,0.0,0.0,0.0,0.0,0.0,0.0,0.0,0.0,0.0,0.0,0.0,0.0,0.0,0.0,1.0,0.0,1.0,0,0,0,0,0,0,benign,0,-,CTU-IoT-Malware-Capture-1-1,0,none,none
60,6,0.0,1,0,0.0,0.0,0.0,60,60,0.0,1,0,0,0,1.0,0.0,1,1,0.0,0.0,0,1,0,0,0,0,0,1,1.0,0.0,0.0,0.0,0.0,0.0,0.0,0.0,0.0,0.0,0.0,0.0,0.0,0.0,0.0,0.0,0.0,0.0,0.0,0.0,0.0,0.0,0.0,1.0,0.0,0.0,1,0,0,0,0,0,malicious,1,PartOfAHorizontalPortScan,CTU-IoT-Malware-Capture-1-1,1,packet_size,low
40,17,0.0,1,0,0.0,0.0,0.0,40,40,0.0,1,0,0,0,1.0,0.0,1,1,0.0,0.0,0,1,0,0,0,0,0,1,1.0,0.0,0.0,0.0,0.0,0.0,0.0,0.0,0.0,0.0,0.0,0.0,0.0,0.0,0.0,0.0,0.0,0.0,0.0,0.0,0.0,0.0,0.0,1.0,0.0,1.0,0,0,0,0,0,0,benign,0,-,CTU-IoT-Malware-Capture-1-1,0,none,none
40,17,0.0,1,0,0.0,0.0,0.0,40,40,0.0,1,0,0,0,1.0,0.0,1,1,0.0,0.0,0,1,0,0,0,0,0,1,1.0,0.0,0.0,0.0,0.0,0.0,0.0,0.0,0.0,0.0,0.0,0.0,0.0,0.0,0.0,0.0,0.0,0.0,0.0,0.0,0.0,0.0,0.0,1.0,0.0,1.0,0,0,0,0,0,0,benign,0,-,CTU-IoT-Malware-Capture-1-1,0,none,none
40,17,0.0,1,0,0.0,0.0,0.0,40,40,0.0,1,0,0,0,1.0,0.0,1,1,0.0,0.0,0,1,0,0,0,0,0,1,1.0,0.0,0.0,0.0,0.0,0.0,0.0,0.0,0.0,0.0,0.0,0.0,0.0,0.0,0.0,0.0,0.0,0.0,0.0,0.0,0.0,0.0,0.0,1.0,0.0,1.0,0,0,0,0,0,0,benign,0,-,CTU-IoT-Malware-Capture-1-1,0,none,none
40,17,0.0,1,0,0.0,0.0,0.0,40,40,0.0,1,0,0,0,1.0,0.0,1,1,0.0,0.0,0,1,0,0,0,0,0,1,1.0,0.0,0.0,0.0,0.0,0.0,0.0,0.0,0.0,0.0,0.0,0.0,0.0,0.0,0.0,0.0,0.0,0.0,0.0,0.0,0.0,0.0,0.0,1.0,0.0,1.0,0,0,0,0,0,0,benign,0,-,CTU-IoT-Malware-Capture-1-1,0,none,none
181,6,2.998808,3,0,1.0003974912698645,0.0,0.0,181,181,0.0,3,0,0,0,3.0,0.0,1,1,0.0,0.0,0,1,0,0,0,0,0,1,1.0,0.0,0.0,0.0,0.0,0.0,0.0,0.0,0.0,0.0,0.0,0.0,0.0,0.0,0.0,0.0,2.998808,0.005555555555555556,0.0,0.0,0.0,0.0,0.0,1.0,0.0,0.0,1,0,0,0,0,0,malicious,1,PartOfAHorizontalPortScan,CTU-IoT-Malware-Capture-1-1,1,packet_size,low
152,17,0.014733,2,96,135.74967759451573,6515.984524536754,48.0,152,152,0.0,1,1,48,48,1.0,1.0,1,1,0.0,0.0,0,1,0,1,0,0,0,2,0.5,0.0,0.5,0.0,0.0,0.0,0.0,0.0,0.0,0.0,0.0,0.0,0.0,0.0,0.0,0.0,0.014733,0.0,0.0,0.0,0.0,0.0,0.0,1.0,0.0,1.0,0,0,0,0,0,0,benign,0,-,CTU-IoT-Malware-Capture-1-1,0,none,none
40,17,0.0,1,0,0.0,0.0,0.0,40,40,0.0,1,0,0,0,1.0,0.0,1,1,0.0,0.0,0,1,0,0,0,0,0,1,1.0,0.0,0.0,0.0,0.0,0.0,0.0,0.0,0.0,0.0,0.0,0.0,0.0,0.0,0.0,0.0,0.0,0.0,0.0,0.0,0.0,0.0,0.0,1.0,0.0,1.0,0,0,0,0,0,0,benign,0,-,CTU-IoT-Malware-Capture-1-1,0,none,none
182,6,2.998813,3,0,1.0003958232807446,0.0,0.0,182,182,0.0,3,0,0,0,3.0,0.0,1,1,0.0,0.0,0,1,0,0,0,0,0,1,1.0,0.0,0.0,0.0,0.0,0.0,0.0,0.0,0.0,0.0,0.0,0.0,0.0,0.0,0.0,0.0,2.998813,0.011111111111111112,0.0,0.0,0.0,0.0,0.0,1.0,0.0,0.0,1,0,0,0,0,0,malicious,1,PartOfAHorizontalPortScan,CTU-IoT-Malware-Capture-1-1,1,packet_size,low
40,17,0.0,1,0,0.0,0.0,0.0,40,40,0.0,1,0,0,0,1.0,0.0,1,1,0.0,0.0,0,1,0,0,0,0,0,1,1.0,0.0,0.0,0.0,0.0,0.0,0.0,0.0,0.0,0.0,0.0,0.0,0.0,0.0,0.0,0.0,0.0,0.0,0.0,0.0,0.0,0.0,0.0,1.0,0.0,1.0,0,0,0,0,0,0,benign,0,-,CTU-IoT-Malware-Capture-1-1,0,none,none
61,6,0.0,1,0,0.0,0.0,0.0,61,61,0.0,1,0,0,0,1.0,0.0,1,1,0.0,0.0,0,1,0,0,0,0,0,1,1.0,0.0,0.0,0.0,0.0,0.0,0.0,0.0,0.0,0.0,0.0,0.0,0.0,0.0,0.0,0.0,0.0,0.016666666666666666,0.0,0.0,0.0,0.0,0.0,1.0,0.0,0.0,1,0,0,0,0,0,malicious,1,PartOfAHorizontalPortScan,CTU-IoT-Malware-Capture-1-1,1,packet_size,low
40,17,0.0,1,0,0.0,0.0,0.0,40,40,0.0,1,0,0,0,1.0,0.0,1,1,0.0,0.0,0,1,0,0,0,0,0,1,1.0,0.0,0.0,0.0,0.0,0.0,0.0,0.0,0.0,0.0,0.0,0.0,0.0,0.0,0.0,0.0,0.0,0.0,0.0,0.0,0.0,0.0,0.0,1.0,0.0,1.0,0,0,0,0,0,0,benign,0,-,CTU-IoT-Malware-Capture-1-1,0,none,none
68,1,0.0,1,0,0.0,0.0,0.0,68,68,0.0,1,0,0,0,1.0,0.0,1,1,0.0,0.0,0,0,0,0,0,0,0,0,0.0,0.0,0.0,0.0,0.0,0.0,0.0,0.0,0.0,0.0,0.0,0.0,0.0,0.0,0.0,0.0,0.0,0.0,0.0,0.0,0.0,0.0,0.0,1.0,0.0,1.0,0,0,0,0,0,0,benign,0,-,CTU-IoT-Malware-Capture-1-1,0,none,none
65,6,0.0,1,0,0.0,0.0,0.0,65,65,0.0,1,0,0,0,1.0,0.0,1,1,0.0,0.0,0,1,0,0,0,0,0,1,1.0,0.0,0.0,0.0,0.0,0.0,0.0,0.0,0.0,0.0,0.0,0.0,0.0,0.0,0.0,0.0,0.0,0.08333333333333333,0.0,0.0,0.0,0.0,0.0,1.0,0.0,0.0,1,0,0,0,0,0,malicious,1,PartOfAHorizontalPortScan,CTU-IoT-Malware-Capture-1-1,1,packet_size,low
56,1,0.0,1,0,0.0,0.0,0.0,56,56,0.0,1,0,0,0,1.0,0.0,1,0,0.0,0.0,0,0,0,0,0,0,0,0,0.0,0.0,0.0,0.0,0.0,0.0,0.0,0.0,0.0,0.0,0.0,0.0,0.0,0.0,0.0,0.0,0.0,0.0,0.0,0.0,0.0,0.0,0.0,1.0,0.0,1.0,0,0,0,0,0,0,benign,0,-,CTU-IoT-Malware-Capture-1-1,0,none,none
59,6,0.0,1,0,0.0,0.0,0.0,59,59,0.0,1,0,0,0,1.0,0.0,1,1,0.0,0.0,0,1,0,0,0,0,0,1,1.0,0.0,0.0,0.0,0.0,0.0,0.0,0.0,0.0,0.0,0.0,0.0,0.0,0.0,0.0,0.0,0.0,0.016666666666666666,0.0,0.0,0.0,0.0,0.0,1.0,0.0,0.0,1,0,0,0,0,0,malicious,1,PartOfAHorizontalPortScan,CTU-IoT-Malware-Capture-1-1,1,packet_size,low
71,6,0.0,1,0,0.0,0.0,0.0,71,71,0.0,1,0,0,0,1.0,0.0,1,1,0.0,0.0,0,1,0,0,0,0,0,1,1.0,0.0,0.0,0.0,0.0,0.0,0.0,0.0,0.0,0.0,0.0,0.0,0.0,0.0,0.0,0.0,0.0,0.18333333333333332,0.0,0.0,0.0,0.0,0.0,1.0,0.0,0.0,1,0,0,0,0,0,malicious,1,PartOfAHorizontalPortScan,CTU-IoT-Malware-Capture-1-1,1,packet_size,low
56,6,0.0,1,0,0.0,0.0,0.0,56,56,0.0,1,0,0,0,1.0,0.0,1,1,0.0,0.0,0,1,0,0,0,0,0,1,1.0,0.0,0.0,0.0,0.0,0.0,0.0,0.0,0.0,0.0,0.0,0.0,0.0,0.0,0.0,0.0,0.0,0.06666666666666667,0.0,0.0,0.0,0.0,0.0,1.0,0.0,0.0,1,0,0,0,0,0,malicious,1,PartOfAHorizontalPortScan,CTU-IoT-Malware-Capture-1-1,1,packet_size,low
152,6,2.99905,3,0,1.0003167669762092,0.0,0.0,152,152,0.0,3,0,0,0,3.0,0.0,1,1,0.0,0.0,0,1,0,0,0,0,0,1,1.0,0.0,0.0,0.0,0.0,0.0,0.0,0.0,0.0,0.0,0.0,0.0,0.0,0.0,0.0,0.0,2.99905,0.15555555555555556,0.0,0.0,0.0,0.0,0.0,1.0,0.0,0.0,1,0,0,0,0,0,malicious,1,PartOfAHorizontalPortScan,CTU-IoT-Malware-Capture-1-1,1,packet_size,low
42,6,0.0,1,0,0.0,0.0,0.0,42,42,0.0,1,0,0,0,1.0,0.0,1,1,0.0,0.0,0,1,0,0,0,0,0,1,1.0,0.0,0.0,0.0,0.0,0.0,0.0,0.0,0.0,0.0,0.0,0.0,0.0,0.0,0.0,0.0,0.0,0.3,0.0,0.0,0.0,0.0,0.0,1.0,0.0,0.0,1,0,0,0,0,0,malicious,1,PartOfAHorizontalPortScan,CTU-IoT-Malware-Capture-1-1,1,packet_size,low
40,17,0.0,1,0,0.0,0.0,0.0,40,40,0.0,1,0,0,0,1.0,0.0,1,1,0.0,0.0,0,1,0,0,0,0,0,1,1.0,0.0,0.0,0.0,0.0,0.0,0.0,0.0,0.0,0.0,0.0,0.0,0.0,0.0,0.0,0.0,0.0,0.0,0.0,0.0,0.0,0.0,0.0,1.0,0.0,1.0,0,0,0,0,0,0,benign,0,-,CTU-IoT-Malware-Capture-1-1,0,none,none
40,17,0.0,1,0,0.0,0.0,0.0,40,40,0.0,1,0,0,0,1.0,0.0,1,1,0.0,0.0,0,1,0,0,0,0,0,1,1.0,0.0,0.0,0.0,0.0,0.0,0.0,0.0,0.0,0.0,0.0,0.0,0.0,0.0,0.0,0.0,0.0,0.0,0.0,0.0,0.0,0.0,0.0,1.0,0.0,1.0,0,0,0,0,0,0,benign,0,-,CTU-IoT-Malware-Capture-1-1,0,none,none
40,17,0.0,1,0,0.0,0.0,0.0,40,40,0.0,1,0,0,0,1.0,0.0,1,1,0.0,0.0,0,1,0,0,0,0,0,1,1.0,0.0,0.0,0.0,0.0,0.0,0.0,0.0,0.0,0.0,0.0,0.0,0.0,0.0,0.0,0.0,0.0,0.0,0.0,0.0,0.0,0.0,0.0,1.0,0.0,1.0,0,0,0,0,0,0,benign,0,-,CTU-IoT-Malware-Capture-1-1,0,none,none
42,6,0.0,1,0,0.0,0.0,0.0,42,42,0.0,1,0,0,0,1.0,0.0,1,1,0.0,0.0,0,1,0,0,0,0,0,1,1.0,0.0,0.0,0.0,0.0,0.0,0.0,0.0,0.0,0.0,0.0,0.0,0.0,0.0,0.0,0.0,0.0,0.3,0.0,0.0,0.0,0.0,0.0,1.0,0.0,0.0,1,0,0,0,0,0,malicious,1,PartOfAHorizontalPortScan,CTU-IoT-Malware-Capture-1-1,1,packet_size,low
66,6,0.0,1,0,0.0,0.0,0.0,66,66,0.0,1,0,0,0,1.0,0.0,1,1,0.0,0.0,0,1,0,0,0,0,0,1,1.0,0.0,0.0,0.0,0.0,0.0,0.0,0.0,0.0,0.0,0.0,0.0,0.0,0.0,0.0,0.0,0.0,0.1,0.0,0.0,0.0,0.0,0.0,1.0,0.0,0.0,1,0,0,0,0,0,malicious,1,PartOfAHorizontalPortScan,CTU-IoT-Malware-Capture-1-1,1,packet_size,low
59,6,0.0,1,0,0.0,0.0,0.0,59,59,0.0,1,0,0,0,1.0,0.0,1,1,0.0,0.0,0,1,0,0,0,0,0,1,1.0,0.0,0.0,0.0,0.0,0.0,0.0,0.0,0.0,0.0,0.0,0.0,0.0,0.0,0.0,0.0,0.0,0.016666666666666666,0.0,0.0,0.0,0.0,0.0,1.0,0.0,0.0,1,0,0,0,0,0,malicious,1,PartOfAHorizontalPortScan,CTU-IoT-Malware-Capture-1-1,1,packet_size,low
40,17,0.0,1,0,0.0,0.0,0.0,40,40,0.0,1,0,0,0,1.0,0.0,1,1,0.0,0.0,0,1,0,0,0,0,0,1,1.0,0.0,0.0,0.0,0.0,0.0,0.0,0.0,0.0,0.0,0.0,0.0,0.0,0.0,0.0,0.0,0.0,0.0,0.0,0.0,0.0,0.0,0.0,1.0,0.0,1.0,0,0,0,0,0,0,benign,0,-,CTU-IoT-Malware-Capture-1-1,0,none,none
60,6,0.0,1,0,0.0,0.0,0.0,60,60,0.0,1,0,0,0,1.0,0.0,1,1,0.0,0.0,0,1,0,0,0,0,0,1,1.0,0.0,0.0,0.0,0.0,0.0,0.0,0.0,0.0,0.0,0.0,0.0,0.0,0.0,0.0,0.0,0.0,0.0,0.0,0.0,0.0,0.0,0.0,1.0,0.0,0.0,1,0,0,0,0,0,malicious,1,PartOfAHorizontalPortScan,CTU-IoT-Malware-Capture-1-1,1,packet_size,low
40,17,0.0,1,0,0.0,0.0,0.0,40,40,0.0,1,0,0,0,1.0,0.0,1,1,0.0,0.0,0,1,0,0,0,0,0,1,1.0,0.0,0.0,0.0,0.0,0.0,0.0,0.0,0.0,0.0,0.0,0.0,0.0,0.0,0.0,0.0,0.0,0.0,0.0,0.0,0.0,0.0,0.0,1.0,0.0,1.0,0,0,0,0,0,0,benign,0,-,CTU-IoT-Malware-Capture-1-1,0,none,none
40,17,0.0,1,0,0.0,0.0,0.0,40,40,0.0,1,0,0,0,1.0,0.0,1,1,0.0,0.0,0,1,0,0,0,0,0,1,1.0,0.0,0.0,0.0,0.0,0.0,0.0,0.0,0.0,0.0,0.0,0.0,0.0,0.0,0.0,0.0,0.0,0.0,0.0,0.0,0.0,0.0,0.0,1.0,0.0,1.0,0,0,0,0,0,0,benign,0,-,CTU-IoT-Malware-Capture-1-1,0,none,none
68,1,0.0,1,0,0.0,0.0,0.0,68,68,0.0,1,0,0,0,1.0,0.0,1,1,0.0,0.0,0,0,0,0,0,0,0,0,0.0,0.0,0.0,0.0,0.0,0.0,0.0,0.0,0.0,0.0,0.0,0.0,0.0,0.0,0.0,0.0,0.0,0.0,0.0,0.0,0.0,0.0,0.0,1.0,0.0,1.0,0,0,0,0,0,0,benign,0,-,CTU-IoT-Malware-Capture-1-1,0,none,none
60,6,0.0,1,0,0.0,0.0,0.0,60,60,0.0,1,0,0,0,1.0,0.0,1,1,0.0,0.0,0,1,0,0,0,0,0,1,1.0,0.0,0.0,0.0,0.0,0.0,0.0,0.0,0.0,0.0,0.0,0.0,0.0,0.0,0.0,0.0,0.0,0.0,0.0,0.0,0.0,0.0,0.0,1.0,0.0,0.0,1,0,0,0,0,0,malicious,1,PartOfAHorizontalPortScan,CTU-IoT-Malware-Capture-1-1,1,packet_size,low
264,1,3.000055,3,180,0.9999816670027716,59.998900020166296,60.0,264,264,0.0,3,0,180,0,3.0,180.0,1,1,0.0,0.0,0,0,0,0,0,0,0,0,0.0,0.0,0.0,0.0,0.0,0.0,0.0,0.0,0.0,0.0,0.0,0.0,0.0,0.0,0.0,0.0,3.000055,0.0,0.0,0.0,0.0,0.0,0.0,1.0,0.0,1.0,0,0,0,0,0,0,benign,0,-,CTU-IoT-Malware-Capture-1-1,0,none,none
68,6,0.0,1,0,0.0,0.0,0.0,68,68,0.0,1,0,0,0,1.0,0.0,1,1,0.0,0.0,0,1,0,0,0,0,0,1,1.0,0.0,0.0,0.0,0.0,0.0,0.0,0.0,0.0,0.0,0.0,0.0,0.0,0.0,0.0,0.0,0.0,0.13333333333333333,0.0,0.0,0.0,0.0,0.0,1.0,0.0,0.0,1,0,0,0,0,0,malicious,1,PartOfAHorizontalPortScan,CTU-IoT-Malware-Capture-1-1,1,packet_size,low
202,6,2.998824,3,0,1.00039215372426,0.0,0.0,202,202,0.0,3,0,0,0,3.0,0.0,1,1,0.0,0.0,0,1,0,0,0,0,0,1,1.0,0.0,0.0,0.0,0.0,0.0,0.0,0.0,0.0,0.0,0.0,0.0,0.0,0.0,0.0,0.0,2.998824,0.12222222222222222,0.0,0.0,0.0,0.0,0.0,1.0,0.0,0.0,1,0,0,0,0,0,malicious,1,PartOfAHorizontalPortScan,CTU-IoT-Malware-Capture-1-1,1,packet_size,low
57,6,0.0,1,0,0.0,0.0,0.0,57,57,0.0,1,0,0,0,1.0,0.0,1,1,0.0,0.0,0,1,0,0,0,0,0,1,1.0,0.0,0.0,0.0,0.0,0.0,0.0,0.0,0.0,0.0,0.0,0.0,0.0,0.0,0.0,0.0,0.0,0.05,0.0,0.0,0.0,0.0,0.0,1.0,0.0,0.0,1,0,0,0,0,0,malicious,1,PartOfAHorizontalPortScan,CTU-IoT-Malware-Capture-1-1,1,packet_size,low
40,17,0.0,1,0,0.0,0.0,0.0,40,40,0.0,1,0,0,0,1.0,0.0,1,1,0.0,0.0,0,1,0,0,0,0,0,1,1.0,0.0,0.0,0.0,0.0,0.0,0.0,0.0,0.0,0.0,0.0,0.0,0.0,0.0,0.0,0.0,0.0,0.0,0.0,0.0,0.0,0.0,0.0,1.0,0.0,1.0,0,0,0,0,0,0,benign,0,-,CTU-IoT-Malware-Capture-1-1,0,none,none
60,6,0.0,1,0,0.0,0.0,0.0,60,60,0.0,1,0,0,0,1.0,0.0,1,1,0.0,0.0,0,1,0,0,0,0,0,1,1.0,0.0,0.0,0.0,0.0,0.0,0.0,0.0,0.0,0.0,0.0,0.0,0.0,0.0,0.0,0.0,0.0,0.0,0.0,0.0,0.0,0.0,0.0,1.0,0.0,0.0,1,0,0,0,0,0,malicious,1,PartOfAHorizontalPortScan,CTU-IoT-Malware-Capture-1-1,1,packet_size,low
134,6,2.99907,3,0,1.0003100961298002,0.0,0.0,134,134,0.0,3,0,0,0,3.0,0.0,1,1,0.0,0.0,0,1,0,0,0,0,0,1,1.0,0.0,0.0,0.0,0.0,0.0,0.0,0.0,0.0,0.0,0.0,0.0,0.0,0.0,0.0,0.0,2.99907,0.25555555555555554,0.0,0.0,0.0,0.0,0.0,1.0,0.0,0.0,1,0,0,0,0,0,malicious,1,PartOfAHorizontalPortScan,CTU-IoT-Malware-Capture-1-1,1,packet_size,low
210,6,2.998806,3,0,1.0003981584670698,0.0,0.0,210,210,0.0,3,0,0,0,3.0,0.0,1,1,0.0,0.0,0,1,0,0,0,0,0,1,1.0,0.0,0.0,0.0,0.0,0.0,0.0,0.0,0.0,0.0,0.0,0.0,0.0,0.0,0.0,0.0,2.998806,0.16666666666666666,0.0,0.0,0.0,0.0,0.0,1.0,0.0,0.0,1,0,0,0,0,0,malicious,1,PartOfAHorizontalPortScan,CTU-IoT-Malware-Capture-1-1,1,packet_size,low
60,6,0.0,1,0,0.0,0.0,0.0,60,60,0.0,1,0,0,0,1.0,0.0,1,1,0.0,0.0,0,1,0,0,0,0,0,1,1.0,0.0,0.0,0.0,0.0,0.0,0.0,0.0,0.0,0.0,0.0,0.0,0.0,0.0,0.0,0.0,0.0,0.0,0.0,0.0,0.0,0.0,0.0,1.0,0.0,1.0,0,0,0,0,0,0,benign,0,-,CTU-IoT-Malware-Capture-1-1,0,none,none
40,17,0.0,1,0,0.0,0.0,0.0,40,40,0.0,1,0,0,0,1.0,0.0,1,1,0.0,0.0,0,1,0,0,0,0,0,1,1.0,0.0,0.0,0.0,0.0,0.0,0.0,0.0,0.0,0.0,0.0,0.0,0.0,0.0,0.0,0.0,0.0,0.0,0.0,0.0,0.0,0.0,0.0,1.0,0.0,1.0,0,0,0,0,0,0,benign,0,-,CTU-IoT-Malware-Capture-1-1,0,none,none
66,6,0.0,1,0,0.0,0.0,0.0,66,66,0.0,1,0,0,0,1.0,0.0,1,1,0.0,0.0,0,1,0,0,0,0,0,1,1.0,0.0,0.0,0.0,0.0,0.0,0.0,0.0,0.0,0.0,0.0,0.0,0.0,0.0,0.0,0.0,0.0,0.1,0.0,0.0,0.0,0.0,0.0,1.0,0.0,0.0,1,0,0,0,0,0,malicious,1,PartOfAHorizontalPortScan,CTU-IoT-Malware-Capture-1-1,1,packet_size,low
40,17,0.0,1,0,0.0,0.0,0.0,40,40,0.0,1,0,0,0,1.0,0.0,1,1,0.0,0.0,0,1,0,0,0,0,0,1,1.0,0.0,0.0,0.0,0.0,0.0,0.0,0.0,0.0,0.0,0.0,0.0,0.0,0.0,0.0,0.0,0.0,0.0,0.0,0.0,0.0,0.0,0.0,1.0,0.0,1.0,0,0,0,0,0,0,benign,0,-,CTU-IoT-Malware-Capture-1-1,0,none,none
40,17,0.0,1,0,0.0,0.0,0.0,40,40,0.0,1,0,0,0,1.0,0.0,1,1,0.0,0.0,0,1,0,0,0,0,0,1,1.0,0.0,0.0,0.0,0.0,0.0,0.0,0.0,0.0,0.0,0.0,0.0,0.0,0.0,0.0,0.0,0.0,0.0,0.0,0.0,0.0,0.0,0.0,1.0,0.0,1.0,0,0,0,0,0,0,benign,0,-,CTU-IoT-Malware-Capture-1-1,0,none,none
62,6,0.0,1,0,0.0,0.0,0.0,62,62,0.0,1,0,0,0,1.0,0.0,1,1,0.0,0.0,0,1,0,0,0,0,0,1,1.0,0.0,0.0,0.0,0.0,0.0,0.0,0.0,0.0,0.0,0.0,0.0,0.0,0.0,0.0,0.0,0.0,0.03333333333333333,0.0,0.0,0.0,0.0,0.0,1.0,0.0,0.0,1,0,0,0,0,0,malicious,1,PartOfAHorizontalPortScan,CTU-IoT-Malware-Capture-1-1,1,packet_size,low
55,6,0.0,1,0,0.0,0.0,0.0,55,55,0.0,1,0,0,0,1.0,0.0,1,1,0.0,0.0,0,1,0,0,0,0,0,1,1.0,0.0,0.0,0.0,0.0,0.0,0.0,0.0,0.0,0.0,0.0,0.0,0.0,0.0,0.0,0.0,0.0,0.08333333333333333,0.0,0.0,0.0,0.0,0.0,1.0,0.0,0.0,1,0,0,0,0,0,malicious,1,PartOfAHorizontalPortScan,CTU-IoT-Malware-Capture-1-1,1,packet_size,low
70,6,0.0,1,0,0.0,0.0,0.0,70,70,0.0,1,0,0,0,1.0,0.0,1,1,0.0,0.0,0,1,0,0,0,0,0,1,1.0,0.0,0.0,0.0,0.0,0.0,0.0,0.0,0.0,0.0,0.0,0.0,0.0,0.0,0.0,0.0,0.0,0.16666666666666666,0.0,0.0,0.0,0.0,0.0,1.0,0.0,0.0,1,0,0,0,0,0,malicious,1,PartOfAHorizontalPortScan,CTU-IoT-Malware-Capture-1-1,1,packet_size,low
57,6,0.0,1,0,0.0,0.0,0.0,57,57,0.0,1,0,0,0,1.0,0.0,1,1,0.0,0.0,0,1,0,0,0,0,0,1,1.0,0.0,0.0,0.0,0.0,0.0,0.0,0.0,0.0,0.0,0.0,0.0,0.0,0.0,0.0,0.0,0.0,0.05,0.0,0.0,0.0,0.0,0.0,1.0,0.0,0.0,1,0,0,0,0,0,malicious,1,PartOfAHorizontalPortScan,CTU-IoT-Malware-Capture-1-1,1,packet_size,low
40,17,0.0,1,0,0.0,0.0,0.0,40,40,0.0,1,0,0,0,1.0,0.0,1,1,0.0,0.0,0,1,0,0,0,0,0,1,1.0,0.0,0.0,0.0,0.0,0.0,0.0,0.0,0.0,0.0,0.0,0.0,0.0,0.0,0.0,0.0,0.0,0.0,0.0,0.0,0.0,0.0,0.0,1.0,0.0,1.0,0,0,0,0,0,0,benign,0,-,CTU-IoT-Malware-Capture-1-1,0,none,none
58,6,0.0,1,0,0.0,0.0,0.0,58,58,0.0,1,0,0,0,1.0,0.0,1,1,0.0,0.0,0,1,0,0,0,0,0,1,1.0,0.0,0.0,0.0,0.0,0.0,0.0,0.0,0.0,0.0,0.0,0.0,0.0,0.0,0.0,0.0,0.0,0.03333333333333333,0.0,0.0,0.0,0.0,0.0,1.0,0.0,0.0,1,0,0,0,0,0,malicious,1,PartOfAHorizontalPortScan,CTU-IoT-Malware-Capture-1-1,1,packet_size,low
40,17,0.0,1,0,0.0,0.0,0.0,40,40,0.0,1,0,0,0,1.0,0.0,1,1,0.0,0.0,0,1,0,0,0,0,0,1,1.0,0.0,0.0,0.0,0.0,0.0,0.0,0.0,0.0,0.0,0.0,0.0,0.0,0.0,0.0,0.0,0.0,0.0,0.0,0.0,0.0,0.0,0.0,1.0,0.0,1.0,0,0,0,0,0,0,benign,0,-,CTU-IoT-Malware-Capture-1-1,0,none,none
157,6,2.999319,3,0,1.0002270515406997,0.0,0.0,157,157,0.0,3,0,0,0,3.0,0.0,1,1,0.0,0.0,0,1,0,0,0,0,0,1,1.0,0.0,0.0,0.0,0.0,0.0,0.0,0.0,0.0,0.0,0.0,0.0,0.0,0.0,0.0,0.0,2.999319,0.12777777777777777,0.0,0.0,0.0,0.0,0.0,1.0,0.0,0.0,1,0,0,0,0,0,malicious,1,PartOfAHorizontalPortScan,CTU-IoT-Malware-Capture-1-1,1,packet_size,low
53,6,0.0,1,0,0.0,0.0,0.0,53,53,0.0,1,0,0,0,1.0,0.0,1,1,0.0,0.0,0,1,0,0,0,0,0,1,1.0,0.0,0.0,0.0,0.0,0.0,0.0,0.0,0.0,0.0,0.0,0.0,0.0,0.0,0.0,0.0,0.0,0.11666666666666667,0.0,0.0,0.0,0.0,0.0,1.0,0.0,0.0,1,0,0,0,0,0,malicious,1,PartOfAHorizontalPortScan,CTU-IoT-Malware-Capture-1-1,1,packet_size,low
62,6,0.0,1,0,0.0,0.0,0.0,62,62,0.0,1,0,0,0,1.0,0.0,1,1,0.0,0.0,0,1,0,0,0,0,0,1,1.0,0.0,0.0,0.0,0.0,0.0,0.0,0.0,0.0,0.0,0.0,0.0,0.0,0.0,0.0,0.0,0.0,0.03333333333333333,0.0,0.0,0.0,0.0,0.0,1.0,0.0,0.0,1,0,0,0,0,0,malicious,1,PartOfAHorizontalPortScan,CTU-IoT-Malware-Capture-1-1,1,packet_size,low
40,17,0.0,1,0,0.0,0.0,0.0,40,40,0.0,1,0,0,0,1.0,0.0,1,1,0.0,0.0,0,1,0,0,0,0,0,1,1.0,0.0,0.0,0.0,0.0,0.0,0.0,0.0,0.0,0.0,0.0,0.0,0.0,0.0,0.0,0.0,0.0,0.0,0.0,0.0,0.0,0.0,0.0,1.0,0.0,1.0,0,0,0,0,0,0,benign,0,-,CTU-IoT-Malware-Capture-1-1,0,none,none
58,6,0.0,1,0,0.0,0.0,0.0,58,58,0.0,1,0,0,0,1.0,0.0,1,1,0.0,0.0,0,1,0,0,0,0,0,1,1.0,0.0,0.0,0.0,0.0,0.0,0.0,0.0,0.0,0.0,0.0,0.0,0.0,0.0,0.0,0.0,0.0,0.03333333333333333,0.0,0.0,0.0,0.0,0.0,1.0,0.0,0.0,1,0,0,0,0,0,malicious,1,PartOfAHorizontalPortScan,CTU-IoT-Malware-Capture-1-1,1,packet_size,low
70,6,0.0,1,0,0.0,0.0,0.0,70,70,0.0,1,0,0,0,1.0,0.0,1,1,0.0,0.0,0,1,0,0,0,0,0,1,1.0,0.0,0.0,0.0,0.0,0.0,0.0,0.0,0.0,0.0,0.0,0.0,0.0,0.0,0.0,0.0,0.0,0.16666666666666666,0.0,0.0,0.0,0.0,0.0,1.0,0.0,0.0,1,0,0,0,0,0,malicious,1,PartOfAHorizontalPortScan,CTU-IoT-Malware-Capture-1-1,1,packet_size,low
40,17,0.0,1,0,0.0,0.0,0.0,40,40,0.0,1,0,0,0,1.0,0.0,1,1,0.0,0.0,0,1,0,0,0,0,0,1,1.0,0.0,0.0,0.0,0.0,0.0,0.0,0.0,0.0,0.0,0.0,0.0,0.0,0.0,0.0,0.0,0.0,0.0,0.0,0.0,0.0,0.0,0.0,1.0,0.0,1.0,0,0,0,0,0,0,benign,0,-,CTU-IoT-Malware-Capture-1-1,0,none,none
152,17,0.026718,2,96,74.85590238790328,3593.083314619358,48.0,152,152,0.0,1,1,48,48,1.0,1.0,1,1,0.0,0.0,0,1,0,1,0,0,0,2,0.5,0.0,0.5,0.0,0.0,0.0,0.0,0.0,0.0,0.0,0.0,0.0,0.0,0.0,0.0,0.0,0.026718,0.0,0.0,0.0,0.0,0.0,0.0,1.0,0.0,1.0,0,0,0,0,0,0,benign,0,-,CTU-IoT-Malware-Capture-1-1,0,none,none
40,17,0.0,1,0,0.0,0.0,0.0,40,40,0.0,1,0,0,0,1.0,0.0,1,1,0.0,0.0,0,1,0,0,0,0,0,1,1.0,0.0,0.0,0.0,0.0,0.0,0.0,0.0,0.0,0.0,0.0,0.0,0.0,0.0,0.0,0.0,0.0,0.0,0.0,0.0,0.0,0.0,0.0,1.0,0.0,1.0,0,0,0,0,0,0,benign,0,-,CTU-IoT-Malware-Capture-1-1,0,none,none
229,6,2.99882,3,0,1.0003934881053216,0.0,0.0,229,229,0.0,3,0,0,0,3.0,0.0,1,1,0.0,0.0,0,1,0,0,0,0,0,1,1.0,0.0,0.0,0.0,0.0,0.0,0.0,0.0,0.0,0.0,0.0,0.0,0.0,0.0,0.0,0.0,2.99882,0.2722222222222222,0.0,0.0,0.0,0.0,0.0,1.0,0.0,0.0,1,0,0,0,0,0,malicious,1,PartOfAHorizontalPortScan,CTU-IoT-Malware-Capture-1-1,1,packet_size,low
207,6,2.999056,3,0,1.0003147657129443,0.0,0.0,207,207,0.0,3,0,0,0,3.0,0.0,1,1,0.0,0.0,0,1,0,0,0,0,0,1,1.0,0.0,0.0,0.0,0.0,0.0,0.0,0.0,0.0,0.0,0.0,0.0,0.0,0.0,0.0,0.0,2.999056,0.15,0.0,0.0,0.0,0.0,0.0,1.0,0.0,0.0,1,0,0,0,0,0,malicious,1,PartOfAHorizontalPortScan,CTU-IoT-Malware-Capture-1-1,1,packet_size,low
40,17,0.0,1,0,0.0,0.0,0.0,40,40,0.0,1,0,0,0,1.0,0.0,1,1,0.0,0.0,0,1,0,0,0,0,0,1,1.0,0.0,0.0,0.0,0.0,0.0,0.0,0.0,0.0,0.0,0.0,0.0,0.0,0.0,0.0,0.0,0.0,0.0,0.0,0.0,0.0,0.0,0.0,1.0,0.0,1.0,0,0,0,0,0,0,benign,0,-,CTU-IoT-Malware-Capture-1-1,0,none,none
40,17,0.0,1,0,0.0,0.0,0.0,40,40,0.0,1,0,0,0,1.0,0.0,1,1,0.0,0.0,0,1,0,0,0,0,0,1,1.0,0.0,0.0,0.0,0.0,0.0,0.0,0.0,0.0,0.0,0.0,0.0,0.0,0.0,0.0,0.0,0.0,0.0,0.0,0.0,0.0,0.0,0.0,1.0,0.0,1.0,0,0,0,0,0,0,benign,0,-,CTU-IoT-Malware-Capture-1-1,0,none,none
40,17,0.0,1,0,0.0,0.0,0.0,40,40,0.0,1,0,0,0,1.0,0.0,1,1,0.0,0.0,0,1,0,0,0,0,0,1,1.0,0.0,0.0,0.0,0.0,0.0,0.0,0.0,0.0,0.0,0.0,0.0,0.0,0.0,0.0,0.0,0.0,0.0,0.0,0.0,0.0,0.0,0.0,1.0,0.0,1.0,0,0,0,0,0,0,benign,0,-,CTU-IoT-Malware-Capture-1-1,0,none,none
206,6,2.998826,3,0,1.000391486535064,0.0,0.0,206,206,0.0,3,0,0,0,3.0,0.0,1,1,0.0,0.0,0,1,0,0,0,0,0,1,1.0,0.0,0.0,0.0,0.0,0.0,0.0,0.0,0.0,0.0,0.0,0.0,0.0,0.0,0.0,0.0,2.998826,0.14444444444444443,0.0,0.0,0.0,0.0,0.0,1.0,0.0,0.0,1,0,0,0,0,0,malicious,1,PartOfAHorizontalPortScan,CTU-IoT-Malware-Capture-1-1,1,packet_size,low
46,6,0.0,1,0,0.0,0.0,0.0,46,46,0.0,1,0,0,0,1.0,0.0,1,1,0.0,0.0,0,1,0,0,0,0,0,1,1.0,0.0,0.0,0.0,0.0,0.0,0.0,0.0,0.0,0.0,0.0,0.0,0.0,0.0,0.0,0.0,0.0,0.23333333333333334,0.0,0.0,0.0,0.0,0.0,1.0,0.0,0.0,1,0,0,0,0,0,malicious,1,PartOfAHorizontalPortScan,CTU-IoT-Malware-Capture-1-1,1,packet_size,low
68,1,0.0,1,0,0.0,0.0,0.0,68,68,0.0,1,0,0,0,1.0,0.0,1,1,0.0,0.0,0,0,0,0,0,0,0,0,0.0,0.0,0.0,0.0,0.0,0.0,0.0,0.0,0.0,0.0,0.0,0.0,0.0,0.0,0.0,0.0,0.0,0.0,0.0,0.0,0.0,0.0,0.0,1.0,0.0,1.0,0,0,0,0,0,0,benign,0,-,CTU-IoT-Malware-Capture-1-1,0,none,none
40,17,0.0,1,0,0.0,0.0,0.0,40,40,0.0,1,0,0,0,1.0,0.0,1,1,0.0,0.0,0,1,0,0,0,0,0,1,1.0,0.0,0.0,0.0,0.0,0.0,0.0,0.0,0.0,0.0,0.0,0.0,0.0,0.0,0.0,0.0,0.0,0.0,0.0,0.0,0.0,0.0,0.0,1.0,0.0,1.0,0,0,0,0,0,0,benign,0,-,CTU-IoT-Malware-Capture-1-1,0,none,none
52,6,0.0,1,0,0.0,0.0,0.0,52,52,0.0,1,0,0,0,1.0,0.0,1,1,0.0,0.0,0,1,0,0,0,0,0,1,1.0,0.0,0.0,0.0,0.0,0.0,0.0,0.0,0.0,0.0,0.0,0.0,0.0,0.0,0.0,0.0,0.0,0.13333333333333333,0.0,0.0,0.0,0.0,0.0,1.0,0.0,0.0,1,0,0,0,0,0,malicious,1,PartOfAHorizontalPortScan,CTU-IoT-Malware-Capture-1-1,1,packet_size,low
65,6,0.0,1,0,0.0,0.0,0.0,65,65,0.0,1,0,0,0,1.0,0.0,1,1,0.0,0.0,0,1,0,0,0,0,0,1,1.0,0.0,0.0,0.0,0.0,0.0,0.0,0.0,0.0,0.0,0.0,0.0,0.0,0.0,0.0,0.0,0.0,0.08333333333333333,0.0,0.0,0.0,0.0,0.0,1.0,0.0,0.0,1,0,0,0,0,0,malicious,1,PartOfAHorizontalPortScan,CTU-IoT-Malware-Capture-1-1,1,packet_size,low
40,17,0.0,1,0,0.0,0.0,0.0,40,40,0.0,1,0,0,0,1.0,0.0,1,1,0.0,0.0,0,1,0,0,0,0,0,1,1.0,0.0,0.0,0.0,0.0,0.0,0.0,0.0,0.0,0.0,0.0,0.0,0.0,0.0,0.0,0.0,0.0,0.0,0.0,0.0,0.0,0.0,0.0,1.0,0.0,1.0,0,0,0,0,0,0,benign,0,-,CTU-IoT-Malware-Capture-1-1,0,none,none
40,17,0.0,1,0,0.0,0.0,0.0,40,40,0.0,1,0,0,0,1.0,0.0,1,1,0.0,0.0,0,1,0,0,0,0,0,1,1.0,0.0,0.0,0.0,0.0,0.0,0.0,0.0,0.0,0.0,0.0,0.0,0.0,0.0,0.0,0.0,0.0,0.0,0.0,0.0,0.0,0.0,0.0,1.0,0.0,1.0,0,0,0,0,0,0,benign,0,-,CTU-IoT-Malware-Capture-1-1,0,none,none
47,6,0.0,1,0,0.0,0.0,0.0,47,47,0.0,1,0,0,0,1.0,0.0,1,1,0.0,0.0,0,1,0,0,0,0,0,1,1.0,0.0,0.0,0.0,0.0,0.0,0.0,0.0,0.0,0.0,0.0,0.0,0.0,0.0,0.0,0.0,0.0,0.21666666666666667,0.0,0.0,0.0,0.0,0.0,1.0,0.0,0.0,1,0,0,0,0,0,malicious,1,PartOfAHorizontalPortScan,CTU-IoT-Malware-Capture-1-1,1,packet_size,low
57,6,0.0,1,0,0.0,0.0,0.0,57,57,0.0,1,0,0,0,1.0,0.0,1,1,0.0,0.0,0,1,0,0,0,0,0,1,1.0,0.0,0.0,0.0,0.0,0.0,0.0,0.0,0.0,0.0,0.0,0.0,0.0,0.0,0.0,0.0,0.0,0.05,0.0,0.0,0.0,0.0,0.0,1.0,0.0,0.0,1,0,0,0,0,0,malicious,1,PartOfAHorizontalPortScan,CTU-IoT-Malware-Capture-1-1,1,packet_size,low
40,17,0.0,1,0,0.0,0.0,0.0,40,40,0.0,1,0,0,0,1.0,0.0,1,1,0.0,0.0,0,1,0,0,0,0,0,1,1.0,0.0,0.0,0.0,0.0,0.0,0.0,0.0,0.0,0.0,0.0,0.0,0.0,0.0,0.0,0.0,0.0,0.0,0.0,0.0,0.0,0.0,0.0,1.0,0.0,1.0,0,0,0,0,0,0,benign,0,-,CTU-IoT-Malware-Capture-1-1,0,none,none
46,6,0.0,1,0,0.0,0.0,0.0,46,46,0.0,1,0,0,0,1.0,0.0,1,1,0.0,0.0,0,1,0,0,0,0,0,1,1.0,0.0,0.0,0.0,0.0,0.0,0.0,0.0,0.0,0.0,0.0,0.0,0.0,0.0,0.0,0.0,0.0,0.23333333333333334,0.0,0.0,0.0,0.0,0.0,1.0,0.0,0.0,1,0,0,0,0,0,malicious,1,PartOfAHorizontalPortScan,CTU-IoT-Malware-Capture-1-1,1,packet_size,low
223,6,2.998829,3,0,1.0003904857529389,0.0,0.0,223,223,0.0,3,0,0,0,3.0,0.0,1,1,0.0,0.0,0,1,0,0,0,0,0,1,1.0,0.0,0.0,0.0,0.0,0.0,0.0,0.0,0.0,0.0,0.0,0.0,0.0,0.0,0.0,0.0,2.998829,0.2388888888888889,0.0,0.0,0.0,0.0,0.0,1.0,0.0,0.0,1,0,0,0,0,0,malicious,1,PartOfAHorizontalPortScan,CTU-IoT-Malware-Capture-1-1,1,packet_size,low
179,6,2.99907,3,0,1.0003100961298002,0.0,0.0,179,179,0.0,3,0,0,0,3.0,0.0,1,1,0.0,0.0,0,1,0,0,0,0,0,1,1.0,0.0,0.0,0.0,0.0,0.0,0.0,0.0,0.0,0.0,0.0,0.0,0.0,0.0,0.0,0.0,2.99907,0.005555555555555556,0.0,0.0,0.0,0.0,0.0,1.0,0.0,0.0,1,0,0,0,0,0,malicious,1,PartOfAHorizontalPortScan,CTU-IoT-Malware-Capture-1-1,1,packet_size,low
62,6,0.0,1,0,0.0,0.0,0.0,62,62,0.0,1,0,0,0,1.0,0.0,1,1,0.0,0.0,0,1,0,0,0,0,0,1,1.0,0.0,0.0,0.0,0.0,0.0,0.0,0.0,0.0,0.0,0.0,0.0,0.0,0.0,0.0,0.0,0.0,0.03333333333333333,0.0,0.0,0.0,0.0,0.0,1.0,0.0,0.0,1,0,0,0,0,0,malicious,1,PartOfAHorizontalPortScan,CTU-IoT-Malware-Capture-1-1,1,packet_size,low
40,17,0.0,1,0,0.0,0.0,0.0,40,40,0.0,1,0,0,0,1.0,0.0,1,1,0.0,0.0,0,1,0,0,0,0,0,1,1.0,0.0,0.0,0.0,0.0,0.0,0.0,0.0,0.0,0.0,0.0,0.0,0.0,0.0,0.0,0.0,0.0,0.0,0.0,0.0,0.0,0.0,0.0,1.0,0.0,1.0,0,0,0,0,0,0,benign,0,-,CTU-IoT-Malware-Capture-1-1,0,none,none
117,6,2.999068,3,0,1.0003107632104373,0.0,0.0,117,117,0.0,3,0,0,0,3.0,0.0,1,1,0.0,0.0,0,1,0,0,0,0,0,1,1.0,0.0,0.0,0.0,0.0,0.0,0.0,0.0,0.0,0.0,0.0,0.0,0.0,0.0,0.0,0.0,2.999068,0.35,0.0,0.0,0.0,0.0,0.0,1.0,0.0,0.0,1,0,0,0,0,0,malicious,1,PartOfAHorizontalPortScan,CTU-IoT-Malware-Capture-1-1,1,packet_size,low
48,6,0.0,1,0,0.0,0.0,0.0,48,48,0.0,1,0,0,0,1.0,0.0,1,1,0.0,0.0,0,1,0,0,0,0,0,1,1.0,0.0,0.0,0.0,0.0,0.0,0.0,0.0,0.0,0.0,0.0,0.0,0.0,0.0,0.0,0.0,0.0,0.2,0.0,0.0,0.0,0.0,0.0,1.0,0.0,0.0,1,0,0,0,0,0,malicious,1,PartOfAHorizontalPortScan,CTU-IoT-Malware-Capture-1-1,1,packet_size,low
60,6,0.0,1,0,0.0,0.0,0.0,60,60,0.0,1,0,0,0,1.0,0.0,1,1,0.0,0.0,0,1,0,0,0,0,0,1,1.0,0.0,0.0,0.0,0.0,0.0,0.0,0.0,0.0,0.0,0.0,0.0,0.0,0.0,0.0,0.0,0.0,0.0,0.0,0.0,0.0,0.0,0.0,1.0,0.0,1.0,0,0,0,0,0,0,benign,0,-,CTU-IoT-Malware-Capture-1-1,0,none,none
40,17,0.0,1,0,0.0,0.0,0.0,40,40,0.0,1,0,0,0,1.0,0.0,1,1,0.0,0.0,0,1,0,0,0,0,0,1,1.0,0.0,0.0,0.0,0.0,0.0,0.0,0.0,0.0,0.0,0.0,0.0,0.0,0.0,0.0,0.0,0.0,0.0,0.0,0.0,0.0,0.0,0.0,1.0,0.0,1.0,0,0,0,0,0,0,benign,0,-,CTU-IoT-Malware-Capture-1-1,0,none,none
40,17,0.0,1,0,0.0,0.0,0.0,40,40,0.0,1,0,0,0,1.0,0.0,1,1,0.0,0.0,0,1,0,0,0,0,0,1,1.0,0.0,0.0,0.0,0.0,0.0,0.0,0.0,0.0,0.0,0.0,0.0,0.0,0.0,0.0,0.0,0.0,0.0,0.0,0.0,0.0,0.0,0.0,1.0,0.0,1.0,0,0,0,0,0,0,benign,0,-,CTU-IoT-Malware-Capture-1-1,0,none,none
191,6,2.999065,3,0,1.0003117638330614,0.0,0.0,191,191,0.0,3,0,0,0,3.0,0.0,1,1,0.0,0.0,0,1,0,0,0,0,0,1,1.0,0.0,0.0,0.0,0.0,0.0,0.0,0.0,0.0,0.0,0.0,0.0,0.0,0.0,0.0,0.0,2.999065,0.06111111111111111,0.0,0.0,0.0,0.0,0.0,1.0,0.0,0.0,1,0,0,0,0,0,malicious,1,PartOfAHorizontalPortScan,CTU-IoT-Malware-Capture-1-1,1,packet_size,low
40,17,0.0,1,0,0.0,0.0,0.0,40,40,0.0,1,0,0,0,1.0,0.0,1,1,0.0,0.0,0,1,0,0,0,0,0,1,1.0,0.0,0.0,0.0,0.0,0.0,0.0,0.0,0.0,0.0,0.0,0.0,0.0,0.0,0.0,0.0,0.0,0.0,0.0,0.0,0.0,0.0,0.0,1.0,0.0,1.0,0,0,0,0,0,0,benign,0,-,CTU-IoT-Malware-Capture-1-1,0,none,none
60,6,0.0,1,0,0.0,0.0,0.0,60,60,0.0,1,0,0,0,1.0,0.0,1,1,0.0,0.0,0,1,0,0,0,0,0,1,1.0,0.0,0.0,0.0,0.0,0.0,0.0,0.0,0.0,0.0,0.0,0.0,0.0,0.0,0.0,0.0,0.0,0.0,0.0,0.0,0.0,0.0,0.0,1.0,0.0,0.0,1,0,0,0,0,0,malicious,1,PartOfAHorizontalPortScan,CTU-IoT-Malware-Capture-1-1,1,packet_size,low
40,17,0.0,1,0,0.0,0.0,0.0,40,40,0.0,1,0,0,0,1.0,0.0,1,1,0.0,0.0,0,1,0,0,0,0,0,1,1.0,0.0,0.0,0.0,0.0,0.0,0.0,0.0,0.0,0.0,0.0,0.0,0.0,0.0,0.0,0.0,0.0,0.0,0.0,0.0,0.0,0.0,0.0,1.0,0.0,1.0,0,0,0,0,0,0,benign,0,-,CTU-IoT-Malware-Capture-1-1,0,none,none
40,17,0.0,1,0,0.0,0.0,0.0,40,40,0.0,1,0,0,0,1.0,0.0,1,1,0.0,0.0,0,1,0,0,0,0,0,1,1.0,0.0,0.0,0.0,0.0,0.0,0.0,0.0,0.0,0.0,0.0,0.0,0.0,0.0,0.0,0.0,0.0,0.0,0.0,0.0,0.0,0.0,0.0,1.0,0.0,1.0,0,0,0,0,0,0,benign,0,-,CTU-IoT-Malware-Capture-1-1,0,none,none
40,17,0.0,1,0,0.0,0.0,0.0,40,40,0.0,1,0,0,0,1.0,0.0,1,1,0.0,0.0,0,1,0,0,0,0,0,1,1.0,0.0,0.0,0.0,0.0,0.0,0.0,0.0,0.0,0.0,0.0,0.0,0.0,0.0,0.0,0.0,0.0,0.0,0.0,0.0,0.0,0.0,0.0,1.0,0.0,1.0,0,0,0,0,0,0,benign,0,-,CTU-IoT-Malware-Capture-1-1,0,none,none
40,17,0.0,1,0,0.0,0.0,0.0,40,40,0.0,1,0,0,0,1.0,0.0,1,1,0.0,0.0,0,1,0,0,0,0,0,1,1.0,0.0,0.0,0.0,0.0,0.0,0.0,0.0,0.0,0.0,0.0,0.0,0.0,0.0,0.0,0.0,0.0,0.0,0.0,0.0,0.0,0.0,0.0,1.0,0.0,1.0,0,0,0,0,0,0,benign,0,-,CTU-IoT-Malware-Capture-1-1,0,none,none
158,6,2.998579,3,0,1.0004738911331001,0.0,0.0,158,158,0.0,3,0,0,0,3.0,0.0,1,1,0.0,0.0,0,1,0,0,0,0,0,1,1.0,0.0,0.0,0.0,0.0,0.0,0.0,0.0,0.0,0.0,0.0,0.0,0.0,0.0,0.0,0.0,2.998579,0.12222222222222222,0.0,0.0,0.0,0.0,0.0,1.0,0.0,0.0,1,0,0,0,0,0,malicious,1,PartOfAHorizontalPortScan,CTU-IoT-Malware-Capture-1-1,1,packet_size,low
40,17,0.0,1,0,0.0,0.0,0.0,40,40,0.0,1,0,0,0,1.0,0.0,1,1,0.0,0.0,0,1,0,0,0,0,0,1,1.0,0.0,0.0,0.0,0.0,0.0,0.0,0.0,0.0,0.0,0.0,0.0,0.0,0.0,0.0,0.0,0.0,0.0,0.0,0.0,0.0,0.0,0.0,1.0,0.0,1.0,0,0,0,0,0,0,benign,0,-,CTU-IoT-Malware-Capture-1-1,0,none,none
46,6,0.0,1,0,0.0,0.0,0.0,46,46,0.0,1,0,0,0,1.0,0.0,1,1,0.0,0.0,0,1,0,0,0,0,0,1,1.0,0.0,0.0,0.0,0.0,0.0,0.0,0.0,0.0,0.0,0.0,0.0,0.0,0.0,0.0,0.0,0.0,0.23333333333333334,0.0,0.0,0.0,0.0,0.0,1.0,0.0,0.0,1,0,0,0,0,0,malicious,1,PartOfAHorizontalPortScan,CTU-IoT-Malware-Capture-1-1,1,packet_size,low
152,17,0.014731,2,96,135.76810807141402,6516.869187427874,48.0,152,152,0.0,1,1,48,48,1.0,1.0,1,1,0.0,0.0,0,1,0,1,0,0,0,2,0.5,0.0,0.5,0.0,0.0,0.0,0.0,0.0,0.0,0.0,0.0,0.0,0.0,0.0,0.0,0.0,0.014731,0.0,0.0,0.0,0.0,0.0,0.0,1.0,0.0,1.0,0,0,0,0,0,0,benign,0,-,CTU-IoT-Malware-Capture-1-1,0,none,none
61,6,0.0,1,0,0.0,0.0,0.0,61,61,0.0,1,0,0,0,1.0,0.0,1,1,0.0,0.0,0,1,0,0,0,0,0,1,1.0,0.0,0.0,0.0,0.0,0.0,0.0,0.0,0.0,0.0,0.0,0.0,0.0,0.0,0.0,0.0,0.0,0.016666666666666666,0.0,0.0,0.0,0.0,0.0,1.0,0.0,0.0,1,0,0,0,0,0,malicious,1,PartOfAHorizontalPortScan,CTU-IoT-Malware-Capture-1-1,1,packet_size,low
75,6,0.0,1,0,0.0,0.0,0.0,75,75,0.0,1,0,0,0,1.0,0.0,1,1,0.0,0.0,0,1,0,0,0,0,0,1,1.0,0.0,0.0,0.0,0.0,0.0,0.0,0.0,0.0,0.0,0.0,0.0,0.0,0.0,0.0,0.0,0.0,0.25,0.0,0.0,0.0,0.0,0.0,1.0,0.0,0.0,1,0,0,0,0,0,malicious,1,PartOfAHorizontalPortScan,CTU-IoT-Malware-Capture-1-1,1,packet_size,low
40,17,0.0,1,0,0.0,0.0,0.0,40,40,0.0,1,0,0,0,1.0,0.0,1,1,0.0,0.0,0,1,0,0,0,0,0,1,1.0,0.0,0.0,0.0,0.0,0.0,0.0,0.0,0.0,0.0,0.0,0.0,0.0,0.0,0.0,0.0,0.0,0.0,0.0,0.0,0.0,0.0,0.0,1.0,0.0,1.0,0,0,0,0,0,0,benign,0,-,CTU-IoT-Malware-Capture-1-1,0,none,none
219,6,2.99906,3,0,1.0003134315418831,0.0,0.0,219,219,0.0,3,0,0,0,3.0,0.0,1,1,0.0,0.0,0,1,0,0,0,0,0,1,1.0,0.0,0.0,0.0,0.0,0.0,0.0,0.0,0.0,0.0,0.0,0.0,0.0,0.0,0.0,0.0,2.99906,0.21666666666666667,0.0,0.0,0.0,0.0,0.0,1.0,0.0,0.0,1,0,0,0,0,0,malicious,1,PartOfAHorizontalPortScan,CTU-IoT-Malware-Capture-1-1,1,packet_size,low
40,17,0.0,1,0,0.0,0.0,0.0,40,40,0.0,1,0,0,0,1.0,0.0,1,1,0.0,0.0,0,1,0,0,0,0,0,1,1.0,0.0,0.0,0.0,0.0,0.0,0.0,0.0,0.0,0.0,0.0,0.0,0.0,0.0,0.0,0.0,0.0,0.0,0.0,0.0,0.0,0.0,0.0,1.0,0.0,1.0,0,0,0,0,0,0,benign,0,-,CTU-IoT-Malware-Capture-1-1,0,none,none
40,17,0.0,1,0,0.0,0.0,0.0,40,40,0.0,1,0,0,0,1.0,0.0,1,1,0.0,0.0,0,1,0,0,0,0,0,1,1.0,0.0,0.0,0.0,0.0,0.0,0.0,0.0,0.0,0.0,0.0,0.0,0.0,0.0,0.0,0.0,0.0,0.0,0.0,0.0,0.0,0.0,0.0,1.0,0.0,1.0,0,0,0,0,0,0,benign,0,-,CTU-IoT-Malware-Capture-1-1,0,none,none
40,17,0.0,1,0,0.0,0.0,0.0,40,40,0.0,1,0,0,0,1.0,0.0,1,1,0.0,0.0,0,1,0,0,0,0,0,1,1.0,0.0,0.0,0.0,0.0,0.0,0.0,0.0,0.0,0.0,0.0,0.0,0.0,0.0,0.0,0.0,0.0,0.0,0.0,0.0,0.0,0.0,0.0,1.0,0.0,1.0,0,0,0,0,0,0,benign,0,-,CTU-IoT-Malware-Capture-1-1,0,none,none
77,6,0.0,1,0,0.0,0.0,0.0,77,77,0.0,1,0,0,0,1.0,0.0,1,1,0.0,0.0,0,1,0,0,0,0,0,1,1.0,0.0,0.0,0.0,0.0,0.0,0.0,0.0,0.0,0.0,0.0,0.0,0.0,0.0,0.0,0.0,0.0,0.2833333333333333,0.0,0.0,0.0,0.0,0.0,1.0,0.0,0.0,1,0,0,0,0,0,malicious,1,PartOfAHorizontalPortScan,CTU-IoT-Malware-Capture-1-1,1,packet_size,low
56,1,0.0,1,0,0.0,0.0,0.0,56,56,0.0,1,0,0,0,1.0,0.0,1,1,0.0,0.0,0,0,0,0,0,0,0,0,0.0,0.0,0.0,0.0,0.0,0.0,0.0,0.0,0.0,0.0,0.0,0.0,0.0,0.0,0.0,0.0,0.0,0.0,0.0,0.0,0.0,0.0,0.0,1.0,0.0,1.0,0,0,0,0,0,0,benign,0,-,CTU-IoT-Malware-Capture-1-1,0,none,none
216,6,2.999069,3,0,1.0003104296700076,0.0,0.0,216,216,0.0,3,0,0,0,3.0,0.0,1,1,0.0,0.0,0,1,0,0,0,0,0,1,1.0,0.0,0.0,0.0,0.0,0.0,0.0,0.0,0.0,0.0,0.0,0.0,0.0,0.0,0.0,0.0,2.999069,0.2,0.0,0.0,0.0,0.0,0.0,1.0,0.0,0.0,1,0,0,0,0,0,malicious,1,PartOfAHorizontalPortScan,CTU-IoT-Malware-Capture-1-1,1,packet_size,low
62,6,0.0,1,0,0.0,0.0,0.0,62,62,0.0,1,0,0,0,1.0,0.0,1,1,0.0,0.0,0,1,0,0,0,0,0,1,1.0,0.0,0.0,0.0,0.0,0.0,0.0,0.0,0.0,0.0,0.0,0.0,0.0,0.0,0.0,0.0,0.0,0.03333333333333333,0.0,0.0,0.0,0.0,0.0,1.0,0.0,0.0,1,0,0,0,0,0,malicious,1,PartOfAHorizontalPortScan,CTU-IoT-Malware-Capture-1-1,1,packet_size,low
180,6,2.994058,3,0,1.0019845974927675,0.0,0.0,180,180,0.0,3,0,0,0,3.0,0.0,1,1,0.0,0.0,0,1,0,0,0,0,0,1,1.0,0.0,0.0,0.0,0.0,0.0,0.0,0.0,0.0,0.0,0.0,0.0,0.0,0.0,0.0,0.0,2.994058,0.0,0.0,0.0,0.0,0.0,0.0,1.0,0.0,1.0,0,0,0,0,0,0,benign,0,-,CTU-IoT-Malware-Capture-1-1,0,none,none
40,17,0.0,1,0,0.0,0.0,0.0,40,40,0.0,1,0,0,0,1.0,0.0,1,1,0.0,0.0,0,1,0,0,0,0,0,1,1.0,0.0,0.0,0.0,0.0,0.0,0.0,0.0,0.0,0.0,0.0,0.0,0.0,0.0,0.0,0.0,0.0,0.0,0.0,0.0,0.0,0.0,0.0,1.0,0.0,1.0,0,0,0,0,0,0,benign,0,-,CTU-IoT-Malware-Capture-1-1,0,none,none
51,6,0.0,1,0,0.0,0.0,0.0,51,51,0.0,1,0,0,0,1.0,0.0,1,1,0.0,0.0,0,1,0,0,0,0,0,1,1.0,0.0,0.0,0.0,0.0,0.0,0.0,0.0,0.0,0.0,0.0,0.0,0.0,0.0,0.0,0.0,0.0,0.15,0.0,0.0,0.0,0.0,0.0,1.0,0.0,0.0,1,0,0,0,0,0,malicious,1,PartOfAHorizontalPortScan,CTU-IoT-Malware-Capture-1-1,1,packet_size,low
40,17,0.0,1,0,0.0,0.0,0.0,40,40,0.0,1,0,0,0,1.0,0.0,1,1,0.0,0.0,0,1,0,0,0,0,0,1,1.0,0.0,0.0,0.0,0.0,0.0,0.0,0.0,0.0,0.0,0.0,0.0,0.0,0.0,0.0,0.0,0.0,0.0,0.0,0.0,0.0,0.0,0.0,1.0,0.0,1.0,0,0,0,0,0,0,benign,0,-,CTU-IoT-Malware-Capture-1-1,0,none,none
59,6,0.0,1,0,0.0,0.0,0.0,59,59,0.0,1,0,0,0,1.0,0.0,1,1,0.0,0.0,0,1,0,0,0,0,0,1,1.0,0.0,0.0,0.0,0.0,0.0,0.0,0.0,0.0,0.0,0.0,0.0,0.0,0.0,0.0,0.0,0.0,0.016666666666666666,0.0,0.0,0.0,0.0,0.0,1.0,0.0,0.0,1,0,0,0,0,0,malicious,1,PartOfAHorizontalPortScan,CTU-IoT-Malware-Capture-1-1,1,packet_size,low
61,6,0.0,1,0,0.0,0.0,0.0,61,61,0.0,1,0,0,0,1.0,0.0,1,1,0.0,0.0,0,1,0,0,0,0,0,1,1.0,0.0,0.0,0.0,0.0,0.0,0.0,0.0,0.0,0.0,0.0,0.0,0.0,0.0,0.0,0.0,0.0,0.016666666666666666,0.0,0.0,0.0,0.0,0.0,1.0,0.0,0.0,1,0,0,0,0,0,malicious,1,PartOfAHorizontalPortScan,CTU-IoT-Malware-Capture-1-1,1,packet_size,low
193,6,2.999309,3,0,1.0002303863990007,0.0,0.0,193,193,0.0,3,0,0,0,3.0,0.0,1,1,0.0,0.0,0,1,0,0,0,0,0,1,1.0,0.0,0.0,0.0,0.0,0.0,0.0,0.0,0.0,0.0,0.0,0.0,0.0,0.0,0.0,0.0,2.999309,0.07222222222222222,0.0,0.0,0.0,0.0,0.0,1.0,0.0,0.0,1,0,0,0,0,0,malicious,1,PartOfAHorizontalPortScan,CTU-IoT-Malware-Capture-1-1,1,packet_size,low
68,6,0.0,1,0,0.0,0.0,0.0,68,68,0.0,1,0,0,0,1.0,0.0,1,1,0.0,0.0,0,1,0,0,0,0,0,1,1.0,0.0,0.0,0.0,0.0,0.0,0.0,0.0,0.0,0.0,0.0,0.0,0.0,0.0,0.0,0.0,0.0,0.13333333333333333,0.0,0.0,0.0,0.0,0.0,1.0,0.0,0.0,1,0,0,0,0,0,malicious,1,PartOfAHorizontalPortScan,CTU-IoT-Malware-Capture-1-1,1,packet_size,low
56,1,0.0,1,0,0.0,0.0,0.0,56,56,0.0,1,0,0,0,1.0,0.0,1,1,0.0,0.0,0,0,0,0,0,0,0,0,0.0,0.0,0.0,0.0,0.0,0.0,0.0,0.0,0.0,0.0,0.0,0.0,0.0,0.0,0.0,0.0,0.0,0.0,0.0,0.0,0.0,0.0,0.0,1.0,0.0,1.0,0,0,0,0,0,0,benign,0,-,CTU-IoT-Malware-Capture-1-1,0,none,none
40,17,0.0,1,0,0.0,0.0,0.0,40,40,0.0,1,0,0,0,1.0,0.0,1,1,0.0,0.0,0,1,0,0,0,0,0,1,1.0,0.0,0.0,0.0,0.0,0.0,0.0,0.0,0.0,0.0,0.0,0.0,0.0,0.0,0.0,0.0,0.0,0.0,0.0,0.0,0.0,0.0,0.0,1.0,0.0,1.0,0,0,0,0,0,0,benign,0,-,CTU-IoT-Malware-Capture-1-1,0,none,none
174,6,2.999057,3,0,1.0003144321698454,0.0,0.0,174,174,0.0,3,0,0,0,3.0,0.0,1,1,0.0,0.0,0,1,0,0,0,0,0,1,1.0,0.0,0.0,0.0,0.0,0.0,0.0,0.0,0.0,0.0,0.0,0.0,0.0,0.0,0.0,0.0,2.999057,0.03333333333333333,0.0,0.0,0.0,0.0,0.0,1.0,0.0,0.0,1,0,0,0,0,0,malicious,1,PartOfAHorizontalPortScan,CTU-IoT-Malware-Capture-1-1,1,packet_size,low
56,1,0.0,1,0,0.0,0.0,0.0,56,56,0.0,1,0,0,0,1.0,0.0,1,1,0.0,0.0,0,0,0,0,0,0,0,0,0.0,0.0,0.0,0.0,0.0,0.0,0.0,0.0,0.0,0.0,0.0,0.0,0.0,0.0,0.0,0.0,0.0,0.0,0.0,0.0,0.0,0.0,0.0,1.0,0.0,1.0,0,0,0,0,0,0,benign,0,-,CTU-IoT-Malware-Capture-1-1,0,none,none
40,17,0.0,1,0,0.0,0.0,0.0,40,40,0.0,1,0,0,0,1.0,0.0,1,1,0.0,0.0,0,1,0,0,0,0,0,1,1.0,0.0,0.0,0.0,0.0,0.0,0.0,0.0,0.0,0.0,0.0,0.0,0.0,0.0,0.0,0.0,0.0,0.0,0.0,0.0,0.0,0.0,0.0,1.0,0.0,1.0,0,0,0,0,0,0,benign,0,-,CTU-IoT-Malware-Capture-1-1,0,none,none
40,17,0.0,1,0,0.0,0.0,0.0,40,40,0.0,1,0,0,0,1.0,0.0,1,1,0.0,0.0,0,1,0,0,0,0,0,1,1.0,0.0,0.0,0.0,0.0,0.0,0.0,0.0,0.0,0.0,0.0,0.0,0.0,0.0,0.0,0.0,0.0,0.0,0.0,0.0,0.0,0.0,0.0,1.0,0.0,1.0,0,0,0,0,0,0,benign,0,-,CTU-IoT-Malware-Capture-1-1,0,none,none
46,6,0.0,1,0,0.0,0.0,0.0,46,46,0.0,1,0,0,0,1.0,0.0,1,1,0.0,0.0,0,1,0,0,0,0,0,1,1.0,0.0,0.0,0.0,0.0,0.0,0.0,0.0,0.0,0.0,0.0,0.0,0.0,0.0,0.0,0.0,0.0,0.23333333333333334,0.0,0.0,0.0,0.0,0.0,1.0,0.0,0.0,1,0,0,0,0,0,malicious,1,PartOfAHorizontalPortScan,CTU-IoT-Malware-Capture-1-1,1,packet_size,low
40,17,0.0,1,0,0.0,0.0,0.0,40,40,0.0,1,0,0,0,1.0,0.0,1,1,0.0,0.0,0,1,0,0,0,0,0,1,1.0,0.0,0.0,0.0,0.0,0.0,0.0,0.0,0.0,0.0,0.0,0.0,0.0,0.0,0.0,0.0,0.0,0.0,0.0,0.0,0.0,0.0,0.0,1.0,0.0,1.0,0,0,0,0,0,0,benign,0,-,CTU-IoT-Malware-Capture-1-1,0,none,none
40,17,0.0,1,0,0.0,0.0,0.0,40,40,0.0,1,0,0,0,1.0,0.0,1,1,0.0,0.0,0,1,0,0,0,0,0,1,1.0,0.0,0.0,0.0,0.0,0.0,0.0,0.0,0.0,0.0,0.0,0.0,0.0,0.0,0.0,0.0,0.0,0.0,0.0,0.0,0.0,0.0,0.0,1.0,0.0,1.0,0,0,0,0,0,0,benign,0,-,CTU-IoT-Malware-Capture-1-1,0,none,none
40,17,0.0,1,0,0.0,0.0,0.0,40,40,0.0,1,0,0,0,1.0,0.0,1,1,0.0,0.0,0,1,0,0,0,0,0,1,1.0,0.0,0.0,0.0,0.0,0.0,0.0,0.0,0.0,0.0,0.0,0.0,0.0,0.0,0.0,0.0,0.0,0.0,0.0,0.0,0.0,0.0,0.0,1.0,0.0,1.0,0,0,0,0,0,0,benign,0,-,CTU-IoT-Malware-Capture-1-1,0,none,none
40,17,0.0,1,0,0.0,0.0,0.0,40,40,0.0,1,0,0,0,1.0,0.0,1,1,0.0,0.0,0,1,0,0,0,0,0,1,1.0,0.0,0.0,0.0,0.0,0.0,0.0,0.0,0.0,0.0,0.0,0.0,0.0,0.0,0.0,0.0,0.0,0.0,0.0,0.0,0.0,0.0,0.0,1.0,0.0,1.0,0,0,0,0,0,0,benign,0,-,CTU-IoT-Malware-Capture-1-1,0,none,none
236,6,2.998814,3,0,1.0003954896835883,0.0,0.0,236,236,0.0,3,0,0,0,3.0,0.0,1,1,0.0,0.0,0,1,0,0,0,0,0,1,1.0,0.0,0.0,0.0,0.0,0.0,0.0,0.0,0.0,0.0,0.0,0.0,0.0,0.0,0.0,0.0,2.998814,0.3111111111111111,0.0,0.0,0.0,0.0,0.0,1.0,0.0,0.0,1,0,0,0,0,0,malicious,1,PartOfAHorizontalPortScan,CTU-IoT-Malware-Capture-1-1,1,packet_size,low
171,6,2.999055,3,0,1.0003150992562657,0.0,0.0,171,171,0.0,3,0,0,0,3.0,0.0,1,1,0.0,0.0,0,1,0,0,0,0,0,1,1.0,0.0,0.0,0.0,0.0,0.0,0.0,0.0,0.0,0.0,0.0,0.0,0.0,0.0,0.0,0.0,2.999055,0.05,0.0,0.0,0.0,0.0,0.0,1.0,0.0,0.0,1,0,0,0,0,0,malicious,1,PartOfAHorizontalPortScan,CTU-IoT-Malware-Capture-1-1,1,packet_size,low
53,6,0.0,1,0,0.0,0.0,0.0,53,53,0.0,1,0,0,0,1.0,0.0,1,1,0.0,0.0,0,1,0,0,0,0,0,1,1.0,0.0,0.0,0.0,0.0,0.0,0.0,0.0,0.0,0.0,0.0,0.0,0.0,0.0,0.0,0.0,0.0,0.11666666666666667,0.0,0.0,0.0,0.0,0.0,1.0,0.0,0.0,1,0,0,0,0,0,malicious,1,PartOfAHorizontalPortScan,CTU-IoT-Malware-Capture-1-1,1,packet_size,low
40,17,0.0,1,0,0.0,0.0,0.0,40,40,0.0,1,0,0,0,1.0,0.0,1,1,0.0,0.0,0,1,0,0,0,0,0,1,1.0,0.0,0.0,0.0,0.0,0.0,0.0,0.0,0.0,0.0,0.0,0.0,0.0,0.0,0.0,0.0,0.0,0.0,0.0,0.0,0.0,0.0,0.0,1.0,0.0,1.0,0,0,0,0,0,0,benign,0,-,CTU-IoT-Malware-Capture-1-1,0,none,none
40,17,0.0,1,0,0.0,0.0,0.0,40,40,0.0,1,0,0,0,1.0,0.0,1,1,0.0,0.0,0,1,0,0,0,0,0,1,1.0,0.0,0.0,0.0,0.0,0.0,0.0,0.0,0.0,0.0,0.0,0.0,0.0,0.0,0.0,0.0,0.0,0.0,0.0,0.0,0.0,0.0,0.0,1.0,0.0,1.0,0,0,0,0,0,0,benign,0,-,CTU-IoT-Malware-Capture-1-1,0,none,none
40,17,0.0,1,0,0.0,0.0,0.0,40,40,0.0,1,0,0,0,1.0,0.0,1,1,0.0,0.0,0,1,0,0,0,0,0,1,1.0,0.0,0.0,0.0,0.0,0.0,0.0,0.0,0.0,0.0,0.0,0.0,0.0,0.0,0.0,0.0,0.0,0.0,0.0,0.0,0.0,0.0,0.0,1.0,0.0,1.0,0,0,0,0,0,0,benign,0,-,CTU-IoT-Malware-Capture-1-1,0,none,none
152,17,0.001239,2,96,1614.2050040355125,77481.8401937046,48.0,152,152,0.0,1,1,48,48,1.0,1.0,1,1,0.0,0.0,0,1,0,1,0,0,0,2,0.5,0.0,0.5,0.0,0.0,0.0,0.0,0.0,0.0,0.0,0.0,0.0,0.0,0.0,0.0,0.0,0.001239,0.0,0.0,0.0,0.0,0.0,0.0,1.0,0.0,1.0,0,0,0,0,0,0,benign,0,-,CTU-IoT-Malware-Capture-1-1,0,none,none
184,6,2.999074,3,0,1.0003087619711952,0.0,0.0,184,184,0.0,3,0,0,0,3.0,0.0,1,1,0.0,0.0,0,1,0,0,0,0,0,1,1.0,0.0,0.0,0.0,0.0,0.0,0.0,0.0,0.0,0.0,0.0,0.0,0.0,0.0,0.0,0.0,2.999074,0.022222222222222223,0.0,0.0,0.0,0.0,0.0,1.0,0.0,0.0,1,0,0,0,0,0,malicious,1,PartOfAHorizontalPortScan,CTU-IoT-Malware-Capture-1-1,1,packet_size,low
237,6,2.999062,3,0,1.0003127644576872,0.0,0.0,237,237,0.0,3,0,0,0,3.0,0.0,1,1,0.0,0.0,0,1,0,0,0,0,0,1,1.0,0.0,0.0,0.0,0.0,0.0,0.0,0.0,0.0,0.0,0.0,0.0,0.0,0.0,0.0,0.0,2.999062,0.31666666666666665,0.0,0.0,0.0,0.0,0.0,1.0,0.0,0.0,1,0,0,0,0,0,malicious,1,PartOfAHorizontalPortScan,CTU-IoT-Malware-Capture-1-1,1,packet_size,low
64,6,0.0,1,0,0.0,0.0,0.0,64,64,0.0,1,0,0,0,1.0,0.0,1,1,0.0,0.0,0,1,0,0,0,0,0,1,1.0,0.0,0.0,0.0,0.0,0.0,0.0,0.0,0.0,0.0,0.0,0.0,0.0,0.0,0.0,0.0,0.0,0.06666666666666667,0.0,0.0,0.0,0.0,0.0,1.0,0.0,0.0,1,0,0,0,0,0,malicious,1,PartOfAHorizontalPortScan,CTU-IoT-Malware-Capture-1-1,1,packet_size,low
40,17,0.0,1,0,0.0,0.0,0.0,40,40,0.0,1,0,0,0,1.0,0.0,1,1,0.0,0.0,0,1,0,0,0,0,0,1,1.0,0.0,0.0,0.0,0.0,0.0,0.0,0.0,0.0,0.0,0.0,0.0,0.0,0.0,0.0,0.0,0.0,0.0,0.0,0.0,0.0,0.0,0.0,1.0,0.0,1.0,0,0,0,0,0,0,benign,0,-,CTU-IoT-Malware-Capture-1-1,0,none,none
201,6,2.998809,3,0,1.0003971576715955,0.0,0.0,201,201,0.0,3,0,0,0,3.0,0.0,1,1,0.0,0.0,0,1,0,0,0,0,0,1,1.0,0.0,0.0,0.0,0.0,0.0,0.0,0.0,0.0,0.0,0.0,0.0,0.0,0.0,0.0,0.0,2.998809,0.11666666666666667,0.0,0.0,0.0,0.0,0.0,1.0,0.0,0.0,1,0,0,0,0,0,malicious,1,PartOfAHorizontalPortScan,CTU-IoT-Malware-Capture-1-1,1,packet_size,low
40,17,0.0,1,0,0.0,0.0,0.0,40,40,0.0,1,0,0,0,1.0,0.0,1,1,0.0,0.0,0,1,0,0,0,0,0,1,1.0,0.0,0.0,0.0,0.0,0.0,0.0,0.0,0.0,0.0,0.0,0.0,0.0,0.0,0.0,0.0,0.0,0.0,0.0,0.0,0.0,0.0,0.0,1.0,0.0,1.0,0,0,0,0,0,0,benign,0,-,CTU-IoT-Malware-Capture-1-1,0,none,none
188,6,2.99857,3,0,1.0004768939861335,0.0,0.0,188,188,0.0,3,0,0,0,3.0,0.0,1,1,0.0,0.0,0,1,0,0,0,0,0,1,1.0,0.0,0.0,0.0,0.0,0.0,0.0,0.0,0.0,0.0,0.0,0.0,0.0,0.0,0.0,0.0,2.99857,0.044444444444444446,0.0,0.0,0.0,0.0,0.0,1.0,0.0,0.0,1,0,0,0,0,0,malicious,1,PartOfAHorizontalPortScan,CTU-IoT-Malware-Capture-1-1,1,packet_size,low
40,17,0.0,1,0,0.0,0.0,0.0,40,40,0.0,1,0,0,0,1.0,0.0,1,1,0.0,0.0,0,1,0,0,0,0,0,1,1.0,0.0,0.0,0.0,0.0,0.0,0.0,0.0,0.0,0.0,0.0,0.0,0.0,0.0,0.0,0.0,0.0,0.0,0.0,0.0,0.0,0.0,0.0,1.0,0.0,1.0,0,0,0,0,0,0,benign,0,-,CTU-IoT-Malware-Capture-1-1,0,none,none
180,6,2.999309,3,0,1.0002303863990007,0.0,0.0,180,180,0.0,3,0,0,0,3.0,0.0,1,1,0.0,0.0,0,1,0,0,0,0,0,1,1.0,0.0,0.0,0.0,0.0,0.0,0.0,0.0,0.0,0.0,0.0,0.0,0.0,0.0,0.0,0.0,2.999309,0.0,0.0,0.0,0.0,0.0,0.0,1.0,0.0,1.0,0,0,0,0,0,0,benign,0,-,CTU-IoT-Malware-Capture-1-1,0,none,none
62,6,0.0,1,0,0.0,0.0,0.0,62,62,0.0,1,0,0,0,1.0,0.0,1,1,0.0,0.0,0,1,0,0,0,0,0,1,1.0,0.0,0.0,0.0,0.0,0.0,0.0,0.0,0.0,0.0,0.0,0.0,0.0,0.0,0.0,0.0,0.0,0.03333333333333333,0.0,0.0,0.0,0.0,0.0,1.0,0.0,0.0,1,0,0,0,0,0,malicious,1,PartOfAHorizontalPortScan,CTU-IoT-Malware-Capture-1-1,1,packet_size,low
152,17,0.003737,2,96,535.1886540005352,25689.05539202569,48.0,152,152,0.0,1,1,48,48,1.0,1.0,1,1,0.0,0.0,0,1,0,1,0,0,0,2,0.5,0.0,0.5,0.0,0.0,0.0,0.0,0.0,0.0,0.0,0.0,0.0,0.0,0.0,0.0,0.0,0.003737,0.0,0.0,0.0,0.0,0.0,0.0,1.0,0.0,1.0,0,0,0,0,0,0,benign,0,-,CTU-IoT-Malware-Capture-1-1,0,none,none
40,17,0.0,1,0,0.0,0.0,0.0,40,40,0.0,1,0,0,0,1.0,0.0,1,1,0.0,0.0,0,1,0,0,0,0,0,1,1.0,0.0,0.0,0.0,0.0,0.0,0.0,0.0,0.0,0.0,0.0,0.0,0.0,0.0,0.0,0.0,0.0,0.0,0.0,0.0,0.0,0.0,0.0,1.0,0.0,1.0,0,0,0,0,0,0,benign,0,-,CTU-IoT-Malware-Capture-1-1,0,none,none
40,17,0.0,1,0,0.0,0.0,0.0,40,40,0.0,1,0,0,0,1.0,0.0,1,1,0.0,0.0,0,1,0,0,0,0,0,1,1.0,0.0,0.0,0.0,0.0,0.0,0.0,0.0,0.0,0.0,0.0,0.0,0.0,0.0,0.0,0.0,0.0,0.0,0.0,0.0,0.0,0.0,0.0,1.0,0.0,1.0,0,0,0,0,0,0,benign,0,-,CTU-IoT-Malware-Capture-1-1,0,none,none
56,6,0.0,1,0,0.0,0.0,0.0,56,56,0.0,1,0,0,0,1.0,0.0,1,1,0.0,0.0,0,1,0,0,0,0,0,1,1.0,0.0,0.0,0.0,0.0,0.0,0.0,0.0,0.0,0.0,0.0,0.0,0.0,0.0,0.0,0.0,0.0,0.06666666666666667,0.0,0.0,0.0,0.0,0.0,1.0,0.0,0.0,1,0,0,0,0,0,malicious,1,PartOfAHorizontalPortScan,CTU-IoT-Malware-Capture-1-1,1,packet_size,low
176,1,4e-06,2,120,500000.0,30000000.0,60.0,176,176,0.0,2,0,120,0,2.0,120.0,1,1,0.0,0.0,0,0,0,0,0,0,0,0,0.0,0.0,0.0,0.0,0.0,0.0,0.0,0.0,0.0,0.0,0.0,0.0,0.0,0.0,0.0,0.0,4e-06,0.0,0.0,0.0,0.0,0.0,0.0,1.0,0.0,1.0,0,0,0,0,0,0,benign,0,-,CTU-IoT-Malware-Capture-1-1,0,none,none
40,17,0.0,1,0,0.0,0.0,0.0,40,40,0.0,1,0,0,0,1.0,0.0,1,1,0.0,0.0,0,1,0,0,0,0,0,1,1.0,0.0,0.0,0.0,0.0,0.0,0.0,0.0,0.0,0.0,0.0,0.0,0.0,0.0,0.0,0.0,0.0,0.0,0.0,0.0,0.0,0.0,0.0,1.0,0.0,1.0,0,0,0,0,0,0,benign,0,-,CTU-IoT-Malware-Capture-1-1,0,none,none
54,6,0.0,1,0,0.0,0.0,0.0,54,54,0.0,1,0,0,0,1.0,0.0,1,1,0.0,0.0,0,1,0,0,0,0,0,1,1.0,0.0,0.0,0.0,0.0,0.0,0.0,0.0,0.0,0.0,0.0,0.0,0.0,0.0,0.0,0.0,0.0,0.1,0.0,0.0,0.0,0.0,0.0,1.0,0.0,0.0,1,0,0,0,0,0,malicious,1,PartOfAHorizontalPortScan,CTU-IoT-Malware-Capture-1-1,1,packet_size,low
224,6,2.998819,3,0,1.000393821701143,0.0,0.0,224,224,0.0,3,0,0,0,3.0,0.0,1,1,0.0,0.0,0,1,0,0,0,0,0,1,1.0,0.0,0.0,0.0,0.0,0.0,0.0,0.0,0.0,0.0,0.0,0.0,0.0,0.0,0.0,0.0,2.998819,0.24444444444444444,0.0,0.0,0.0,0.0,0.0,1.0,0.0,0.0,1,0,0,0,0,0,malicious,1,PartOfAHorizontalPortScan,CTU-IoT-Malware-Capture-1-1,1,packet_size,low
40,17,0.0,1,0,0.0,0.0,0.0,40,40,0.0,1,0,0,0,1.0,0.0,1,1,0.0,0.0,0,1,0,0,0,0,0,1,1.0,0.0,0.0,0.0,0.0,0.0,0.0,0.0,0.0,0.0,0.0,0.0,0.0,0.0,0.0,0.0,0.0,0.0,0.0,0.0,0.0,0.0,0.0,1.0,0.0,1.0,0,0,0,0,0,0,benign,0,-,CTU-IoT-Malware-Capture-1-1,0,none,none
40,17,0.0,1,0,0.0,0.0,0.0,40,40,0.0,1,0,0,0,1.0,0.0,1,1,0.0,0.0,0,1,0,0,0,0,0,1,1.0,0.0,0.0,0.0,0.0,0.0,0.0,0.0,0.0,0.0,0.0,0.0,0.0,0.0,0.0,0.0,0.0,0.0,0.0,0.0,0.0,0.0,0.0,1.0,0.0,1.0,0,0,0,0,0,0,benign,0,-,CTU-IoT-Malware-Capture-1-1,0,none,none
55,6,0.0,1,0,0.0,0.0,0.0,55,55,0.0,1,0,0,0,1.0,0.0,1,1,0.0,0.0,0,1,0,0,0,0,0,1,1.0,0.0,0.0,0.0,0.0,0.0,0.0,0.0,0.0,0.0,0.0,0.0,0.0,0.0,0.0,0.0,0.0,0.08333333333333333,0.0,0.0,0.0,0.0,0.0,1.0,0.0,0.0,1,0,0,0,0,0,malicious,1,PartOfAHorizontalPortScan,CTU-IoT-Malware-Capture-1-1,1,packet_size,low
40,17,0.0,1,0,0.0,0.0,0.0,40,40,0.0,1,0,0,0,1.0,0.0,1,1,0.0,0.0,0,1,0,0,0,0,0,1,1.0,0.0,0.0,0.0,0.0,0.0,0.0,0.0,0.0,0.0,0.0,0.0,0.0,0.0,0.0,0.0,0.0,0.0,0.0,0.0,0.0,0.0,0.0,1.0,0.0,1.0,0,0,0,0,0,0,benign,0,-,CTU-IoT-Malware-Capture-1-1,0,none,none
177,6,2.998815,3,0,1.0003951560866542,0.0,0.0,177,177,0.0,3,0,0,0,3.0,0.0,1,1,0.0,0.0,0,1,0,0,0,0,0,1,1.0,0.0,0.0,0.0,0.0,0.0,0.0,0.0,0.0,0.0,0.0,0.0,0.0,0.0,0.0,0.0,2.998815,0.016666666666666666,0.0,0.0,0.0,0.0,0.0,1.0,0.0,0.0,1,0,0,0,0,0,malicious,1,PartOfAHorizontalPortScan,CTU-IoT-Malware-Capture-1-1,1,packet_size,low
60,6,0.0,1,0,0.0,0.0,0.0,60,60,0.0,1,0,0,0,1.0,0.0,1,1,0.0,0.0,0,1,0,0,0,0,0,1,1.0,0.0,0.0,0.0,0.0,0.0,0.0,0.0,0.0,0.0,0.0,0.0,0.0,0.0,0.0,0.0,0.0,0.0,0.0,0.0,0.0,0.0,0.0,1.0,0.0,0.0,1,0,0,0,0,0,malicious,1,PartOfAHorizontalPortScan,CTU-IoT-Malware-Capture-1-1,1,packet_size,low
60,6,0.0,1,0,0.0,0.0,0.0,60,60,0.0,1,0,0,0,1.0,0.0,1,1,0.0,0.0,0,1,0,0,0,0,0,1,1.0,0.0,0.0,0.0,0.0,0.0,0.0,0.0,0.0,0.0,0.0,0.0,0.0,0.0,0.0,0.0,0.0,0.0,0.0,0.0,0.0,0.0,0.0,1.0,0.0,1.0,0,0,0,0,0,0,benign,0,-,CTU-IoT-Malware-Capture-1-1,0,none,none
40,17,0.0,1,0,0.0,0.0,0.0,40,40,0.0,1,0,0,0,1.0,0.0,1,1,0.0,0.0,0,1,0,0,0,0,0,1,1.0,0.0,0.0,0.0,0.0,0.0,0.0,0.0,0.0,0.0,0.0,0.0,0.0,0.0,0.0,0.0,0.0,0.0,0.0,0.0,0.0,0.0,0.0,1.0,0.0,1.0,0,0,0,0,0,0,benign,0,-,CTU-IoT-Malware-Capture-1-1,0,none,none
40,17,0.0,1,0,0.0,0.0,0.0,40,40,0.0,1,0,0,0,1.0,0.0,1,1,0.0,0.0,0,1,0,0,0,0,0,1,1.0,0.0,0.0,0.0,0.0,0.0,0.0,0.0,0.0,0.0,0.0,0.0,0.0,0.0,0.0,0.0,0.0,0.0,0.0,0.0,0.0,0.0,0.0,1.0,0.0,1.0,0,0,0,0,0,0,benign,0,-,CTU-IoT-Malware-Capture-1-1,0,none,none
40,17,0.0,1,0,0.0,0.0,0.0,40,40,0.0,1,0,0,0,1.0,0.0,1,1,0.0,0.0,0,1,0,0,0,0,0,1,1.0,0.0,0.0,0.0,0.0,0.0,0.0,0.0,0.0,0.0,0.0,0.0,0.0,0.0,0.0,0.0,0.0,0.0,0.0,0.0,0.0,0.0,0.0,1.0,0.0,1.0,0,0,0,0,0,0,benign,0,-,CTU-IoT-Malware-Capture-1-1,0,none,none
40,17,0.0,1,0,0.0,0.0,0.0,40,40,0.0,1,0,0,0,1.0,0.0,1,1,0.0,0.0,0,1,0,0,0,0,0,1,1.0,0.0,0.0,0.0,0.0,0.0,0.0,0.0,0.0,0.0,0.0,0.0,0.0,0.0,0.0,0.0,0.0,0.0,0.0,0.0,0.0,0.0,0.0,1.0,0.0,1.0,0,0,0,0,0,0,benign,0,-,CTU-IoT-Malware-Capture-1-1,0,none,none
60,6,0.0,1,0,0.0,0.0,0.0,60,60,0.0,1,0,0,0,1.0,0.0,1,1,0.0,0.0,0,1,0,0,0,0,0,1,1.0,0.0,0.0,0.0,0.0,0.0,0.0,0.0,0.0,0.0,0.0,0.0,0.0,0.0,0.0,0.0,0.0,0.0,0.0,0.0,0.0,0.0,0.0,1.0,0.0,1.0,0,0,0,0,0,0,benign,0,-,CTU-IoT-Malware-Capture-1-1,0,none,none
40,17,0.0,1,0,0.0,0.0,0.0,40,40,0.0,1,0,0,0,1.0,0.0,1,1,0.0,0.0,0,1,0,0,0,0,0,1,1.0,0.0,0.0,0.0,0.0,0.0,0.0,0.0,0.0,0.0,0.0,0.0,0.0,0.0,0.0,0.0,0.0,0.0,0.0,0.0,0.0,0.0,0.0,1.0,0.0,1.0,0,0,0,0,0,0,benign,0,-,CTU-IoT-Malware-Capture-1-1,0,none,none
40,17,0.0,1,0,0.0,0.0,0.0,40,40,0.0,1,0,0,0,1.0,0.0,1,1,0.0,0.0,0,1,0,0,0,0,0,1,1.0,0.0,0.0,0.0,0.0,0.0,0.0,0.0,0.0,0.0,0.0,0.0,0.0,0.0,0.0,0.0,0.0,0.0,0.0,0.0,0.0,0.0,0.0,1.0,0.0,1.0,0,0,0,0,0,0,benign,0,-,CTU-IoT-Malware-Capture-1-1,0,none,none
237,6,2.99882,3,0,1.0003934881053216,0.0,0.0,237,237,0.0,3,0,0,0,3.0,0.0,1,1,0.0,0.0,0,1,0,0,0,0,0,1,1.0,0.0,0.0,0.0,0.0,0.0,0.0,0.0,0.0,0.0,0.0,0.0,0.0,0.0,0.0,0.0,2.99882,0.31666666666666665,0.0,0.0,0.0,0.0,0.0,1.0,0.0,0.0,1,0,0,0,0,0,malicious,1,PartOfAHorizontalPortScan,CTU-IoT-Malware-Capture-1-1,1,packet_size,low
220,6,2.998828,3,0,1.000390819346758,0.0,0.0,220,220,0.0,3,0,0,0,3.0,0.0,1,1,0.0,0.0,0,1,0,0,0,0,0,1,1.0,0.0,0.0,0.0,0.0,0.0,0.0,0.0,0.0,0.0,0.0,0.0,0.0,0.0,0.0,0.0,2.998828,0.2222222222222222,0.0,0.0,0.0,0.0,0.0,1.0,0.0,0.0,1,0,0,0,0,0,malicious,1,PartOfAHorizontalPortScan,CTU-IoT-Malware-Capture-1-1,1,packet_size,low
40,17,0.0,1,0,0.0,0.0,0.0,40,40,0.0,1,0,0,0,1.0,0.0,1,1,0.0,0.0,0,1,0,0,0,0,0,1,1.0,0.0,0.0,0.0,0.0,0.0,0.0,0.0,0.0,0.0,0.0,0.0,0.0,0.0,0.0,0.0,0.0,0.0,0.0,0.0,0.0,0.0,0.0,1.0,0.0,1.0,0,0,0,0,0,0,benign,0,-,CTU-IoT-Malware-Capture-1-1,0,none,none
40,17,0.0,1,0,0.0,0.0,0.0,40,40,0.0,1,0,0,0,1.0,0.0,1,1,0.0,0.0,0,1,0,0,0,0,0,1,1.0,0.0,0.0,0.0,0.0,0.0,0.0,0.0,0.0,0.0,0.0,0.0,0.0,0.0,0.0,0.0,0.0,0.0,0.0,0.0,0.0,0.0,0.0,1.0,0.0,1.0,0,0,0,0,0,0,benign,0,-,CTU-IoT-Malware-Capture-1-1,0,none,none
64,6,0.0,1,0,0.0,0.0,0.0,64,64,0.0,1,0,0,0,1.0,0.0,1,1,0.0,0.0,0,1,0,0,0,0,0,1,1.0,0.0,0.0,0.0,0.0,0.0,0.0,0.0,0.0,0.0,0.0,0.0,0.0,0.0,0.0,0.0,0.0,0.06666666666666667,0.0,0.0,0.0,0.0,0.0,1.0,0.0,0.0,1,0,0,0,0,0,malicious,1,PartOfAHorizontalPortScan,CTU-IoT-Malware-Capture-1-1,1,packet_size,low
68,1,0.0,1,0,0.0,0.0,0.0,68,68,0.0,1,0,0,0,1.0,0.0,1,1,0.0,0.0,0,0,0,0,0,0,0,0,0.0,0.0,0.0,0.0,0.0,0.0,0.0,0.0,0.0,0.0,0.0,0.0,0.0,0.0,0.0,0.0,0.0,0.0,0.0,0.0,0.0,0.0,0.0,1.0,0.0,1.0,0,0,0,0,0,0,benign,0,-,CTU-IoT-Malware-Capture-1-1,0,none,none
40,17,0.0,1,0,0.0,0.0,0.0,40,40,0.0,1,0,0,0,1.0,0.0,1,1,0.0,0.0,0,1,0,0,0,0,0,1,1.0,0.0,0.0,0.0,0.0,0.0,0.0,0.0,0.0,0.0,0.0,0.0,0.0,0.0,0.0,0.0,0.0,0.0,0.0,0.0,0.0,0.0,0.0,1.0,0.0,1.0,0,0,0,0,0,0,benign,0,-,CTU-IoT-Malware-Capture-1-1,0,none,none
54,6,0.0,1,0,0.0,0.0,0.0,54,54,0.0,1,0,0,0,1.0,0.0,1,1,0.0,0.0,0,1,0,0,0,0,0,1,1.0,0.0,0.0,0.0,0.0,0.0,0.0,0.0,0.0,0.0,0.0,0.0,0.0,0.0,0.0,0.0,0.0,0.1,0.0,0.0,0.0,0.0,0.0,1.0,0.0,0.0,1,0,0,0,0,0,malicious,1,PartOfAHorizontalPortScan,CTU-IoT-Malware-Capture-1-1,1,packet_size,low
40,17,0.0,1,0,0.0,0.0,0.0,40,40,0.0,1,0,0,0,1.0,0.0,1,1,0.0,0.0,0,1,0,0,0,0,0,1,1.0,0.0,0.0,0.0,0.0,0.0,0.0,0.0,0.0,0.0,0.0,0.0,0.0,0.0,0.0,0.0,0.0,0.0,0.0,0.0,0.0,0.0,0.0,1.0,0.0,1.0,0,0,0,0,0,0,benign,0,-,CTU-IoT-Malware-Capture-1-1,0,none,none
157,6,2.998816,3,0,1.0003948224899426,0.0,0.0,157,157,0.0,3,0,0,0,3.0,0.0,1,1,0.0,0.0,0,1,0,0,0,0,0,1,1.0,0.0,0.0,0.0,0.0,0.0,0.0,0.0,0.0,0.0,0.0,0.0,0.0,0.0,0.0,0.0,2.998816,0.12777777777777777,0.0,0.0,0.0,0.0,0.0,1.0,0.0,0.0,1,0,0,0,0,0,malicious,1,PartOfAHorizontalPortScan,CTU-IoT-Malware-Capture-1-1,1,packet_size,low
40,17,0.0,1,0,0.0,0.0,0.0,40,40,0.0,1,0,0,0,1.0,0.0,1,1,0.0,0.0,0,1,0,0,0,0,0,1,1.0,0.0,0.0,0.0,0.0,0.0,0.0,0.0,0.0,0.0,0.0,0.0,0.0,0.0,0.0,0.0,0.0,0.0,0.0,0.0,0.0,0.0,0.0,1.0,0.0,1.0,0,0,0,0,0,0,benign,0,-,CTU-IoT-Malware-Capture-1-1,0,none,none
40,17,0.0,1,0,0.0,0.0,0.0,40,40,0.0,1,0,0,0,1.0,0.0,1,1,0.0,0.0,0,1,0,0,0,0,0,1,1.0,0.0,0.0,0.0,0.0,0.0,0.0,0.0,0.0,0.0,0.0,0.0,0.0,0.0,0.0,0.0,0.0,0.0,0.0,0.0,0.0,0.0,0.0,1.0,0.0,1.0,0,0,0,0,0,0,benign,0,-,CTU-IoT-Malware-Capture-1-1,0,none,none
40,17,0.0,1,0,0.0,0.0,0.0,40,40,0.0,1,0,0,0,1.0,0.0,1,1,0.0,0.0,0,1,0,0,0,0,0,1,1.0,0.0,0.0,0.0,0.0,0.0,0.0,0.0,0.0,0.0,0.0,0.0,0.0,0.0,0.0,0.0,0.0,0.0,0.0,0.0,0.0,0.0,0.0,1.0,0.0,1.0,0,0,0,0,0,0,benign,0,-,CTU-IoT-Malware-Capture-1-1,0,none,none
40,17,0.0,1,0,0.0,0.0,0.0,40,40,0.0,1,0,0,0,1.0,0.0,1,1,0.0,0.0,0,1,0,0,0,0,0,1,1.0,0.0,0.0,0.0,0.0,0.0,0.0,0.0,0.0,0.0,0.0,0.0,0.0,0.0,0.0,0.0,0.0,0.0,0.0,0.0,0.0,0.0,0.0,1.0,0.0,1.0,0,0,0,0,0,0,benign,0,-,CTU-IoT-Malware-Capture-1-1,0,none,none
62,6,0.0,1,0,0.0,0.0,0.0,62,62,0.0,1,0,0,0,1.0,0.0,1,1,0.0,0.0,0,1,0,0,0,0,0,1,1.0,0.0,0.0,0.0,0.0,0.0,0.0,0.0,0.0,0.0,0.0,0.0,0.0,0.0,0.0,0.0,0.0,0.03333333333333333,0.0,0.0,0.0,0.0,0.0,1.0,0.0,0.0,1,0,0,0,0,0,malicious,1,PartOfAHorizontalPortScan,CTU-IoT-Malware-Capture-1-1,1,packet_size,low
50,6,0.0,1,0,0.0,0.0,0.0,50,50,0.0,1,0,0,0,1.0,0.0,1,1,0.0,0.0,0,1,0,0,0,0,0,1,1.0,0.0,0.0,0.0,0.0,0.0,0.0,0.0,0.0,0.0,0.0,0.0,0.0,0.0,0.0,0.0,0.0,0.16666666666666666,0.0,0.0,0.0,0.0,0.0,1.0,0.0,0.0,1,0,0,0,0,0,malicious,1,PartOfAHorizontalPortScan,CTU-IoT-Malware-Capture-1-1,1,packet_size,low
40,17,0.0,1,0,0.0,0.0,0.0,40,40,0.0,1,0,0,0,1.0,0.0,1,1,0.0,0.0,0,1,0,0,0,0,0,1,1.0,0.0,0.0,0.0,0.0,0.0,0.0,0.0,0.0,0.0,0.0,0.0,0.0,0.0,0.0,0.0,0.0,0.0,0.0,0.0,0.0,0.0,0.0,1.0,0.0,1.0,0,0,0,0,0,0,benign,0,-,CTU-IoT-Malware-Capture-1-1,0,none,none
52,6,0.0,1,0,0.0,0.0,0.0,52,52,0.0,1,0,0,0,1.0,0.0,1,1,0.0,0.0,0,1,0,0,0,0,0,1,1.0,0.0,0.0,0.0,0.0,0.0,0.0,0.0,0.0,0.0,0.0,0.0,0.0,0.0,0.0,0.0,0.0,0.13333333333333333,0.0,0.0,0.0,0.0,0.0,1.0,0.0,0.0,1,0,0,0,0,0,malicious,1,PartOfAHorizontalPortScan,CTU-IoT-Malware-Capture-1-1,1,packet_size,low
40,17,0.0,1,0,0.0,0.0,0.0,40,40,0.0,1,0,0,0,1.0,0.0,1,1,0.0,0.0,0,1,0,0,0,0,0,1,1.0,0.0,0.0,0.0,0.0,0.0,0.0,0.0,0.0,0.0,0.0,0.0,0.0,0.0,0.0,0.0,0.0,0.0,0.0,0.0,0.0,0.0,0.0,1.0,0.0,1.0,0,0,0,0,0,0,benign,0,-,CTU-IoT-Malware-Capture-1-1,0,none,none
166,6,2.999062,3,0,1.0003127644576872,0.0,0.0,166,166,0.0,3,0,0,0,3.0,0.0,1,1,0.0,0.0,0,1,0,0,0,0,0,1,1.0,0.0,0.0,0.0,0.0,0.0,0.0,0.0,0.0,0.0,0.0,0.0,0.0,0.0,0.0,0.0,2.999062,0.07777777777777778,0.0,0.0,0.0,0.0,0.0,1.0,0.0,0.0,1,0,0,0,0,0,malicious,1,PartOfAHorizontalPortScan,CTU-IoT-Malware-Capture-1-1,1,packet_size,low
81,6,0.128447,2,0,15.570624459893963,0.0,0.0,81,81,0.0,1,1,0,0,1.0,0.0,1,1,0.0,0.0,0,0,0,0,1,0,0,1,0.0,0.0,0.0,1.0,0.0,0.0,0.0,0.0,0.0,0.0,0.0,0.0,0.0,0.0,0.0,0.0,0.128447,0.19,0.0,0.0,0.0,0.0,0.0,1.0,0.0,0.0,1,0,0,0,0,0,malicious,1,PartOfAHorizontalPortScan,CTU-IoT-Malware-Capture-1-1,1,packet_size,low
196,6,2.998814,3,0,1.0003954896835883,0.0,0.0,196,196,0.0,3,0,0,0,3.0,0.0,1,1,0.0,0.0,0,1,0,0,0,0,0,1,1.0,0.0,0.0,0.0,0.0,0.0,0.0,0.0,0.0,0.0,0.0,0.0,0.0,0.0,0.0,0.0,2.998814,0.08888888888888889,0.0,0.0,0.0,0.0,0.0,1.0,0.0,0.0,1,0,0,0,0,0,malicious,1,PartOfAHorizontalPortScan,CTU-IoT-Malware-Capture-1-1,1,packet_size,low
68,1,0.0,1,0,0.0,0.0,0.0,68,68,0.0,1,0,0,0,1.0,0.0,1,1,0.0,0.0,0,0,0,0,0,0,0,0,0.0,0.0,0.0,0.0,0.0,0.0,0.0,0.0,0.0,0.0,0.0,0.0,0.0,0.0,0.0,0.0,0.0,0.0,0.0,0.0,0.0,0.0,0.0,1.0,0.0,1.0,0,0,0,0,0,0,benign,0,-,CTU-IoT-Malware-Capture-1-1,0,none,none
49,6,0.0,1,0,0.0,0.0,0.0,49,49,0.0,1,0,0,0,1.0,0.0,1,1,0.0,0.0,0,1,0,0,0,0,0,1,1.0,0.0,0.0,0.0,0.0,0.0,0.0,0.0,0.0,0.0,0.0,0.0,0.0,0.0,0.0,0.0,0.0,0.18333333333333332,0.0,0.0,0.0,0.0,0.0,1.0,0.0,0.0,1,0,0,0,0,0,malicious,1,PartOfAHorizontalPortScan,CTU-IoT-Malware-Capture-1-1,1,packet_size,low
182,6,2.999075,3,0,1.0003084284321,0.0,0.0,182,182,0.0,3,0,0,0,3.0,0.0,1,1,0.0,0.0,0,1,0,0,0,0,0,1,1.0,0.0,0.0,0.0,0.0,0.0,0.0,0.0,0.0,0.0,0.0,0.0,0.0,0.0,0.0,0.0,2.999075,0.011111111111111112,0.0,0.0,0.0,0.0,0.0,1.0,0.0,0.0,1,0,0,0,0,0,malicious,1,PartOfAHorizontalPortScan,CTU-IoT-Malware-Capture-1-1,1,packet_size,low
48,6,0.0,1,0,0.0,0.0,0.0,48,48,0.0,1,0,0,0,1.0,0.0,1,1,0.0,0.0,0,1,0,0,0,0,0,1,1.0,0.0,0.0,0.0,0.0,0.0,0.0,0.0,0.0,0.0,0.0,0.0,0.0,0.0,0.0,0.0,0.0,0.2,0.0,0.0,0.0,0.0,0.0,1.0,0.0,0.0,1,0,0,0,0,0,malicious,1,PartOfAHorizontalPortScan,CTU-IoT-Malware-Capture-1-1,1,packet_size,low
40,17,0.0,1,0,0.0,0.0,0.0,40,40,0.0,1,0,0,0,1.0,0.0,1,1,0.0,0.0,0,1,0,0,0,0,0,1,1.0,0.0,0.0,0.0,0.0,0.0,0.0,0.0,0.0,0.0,0.0,0.0,0.0,0.0,0.0,0.0,0.0,0.0,0.0,0.0,0.0,0.0,0.0,1.0,0.0,1.0,0,0,0,0,0,0,benign,0,-,CTU-IoT-Malware-Capture-1-1,0,none,none
40,17,0.0,1,0,0.0,0.0,0.0,40,40,0.0,1,0,0,0,1.0,0.0,1,1,0.0,0.0,0,1,0,0,0,0,0,1,1.0,0.0,0.0,0.0,0.0,0.0,0.0,0.0,0.0,0.0,0.0,0.0,0.0,0.0,0.0,0.0,0.0,0.0,0.0,0.0,0.0,0.0,0.0,1.0,0.0,1.0,0,0,0,0,0,0,benign,0,-,CTU-IoT-Malware-Capture-1-1,0,none,none
40,17,0.0,1,0,0.0,0.0,0.0,40,40,0.0,1,0,0,0,1.0,0.0,1,1,0.0,0.0,0,1,0,0,0,0,0,1,1.0,0.0,0.0,0.0,0.0,0.0,0.0,0.0,0.0,0.0,0.0,0.0,0.0,0.0,0.0,0.0,0.0,0.0,0.0,0.0,0.0,0.0,0.0,1.0,0.0,1.0,0,0,0,0,0,0,benign,0,-,CTU-IoT-Malware-Capture-1-1,0,none,none
48,6,0.0,1,0,0.0,0.0,0.0,48,48,0.0,1,0,0,0,1.0,0.0,1,1,0.0,0.0,0,1,0,0,0,0,0,1,1.0,0.0,0.0,0.0,0.0,0.0,0.0,0.0,0.0,0.0,0.0,0.0,0.0,0.0,0.0,0.0,0.0,0.2,0.0,0.0,0.0,0.0,0.0,1.0,0.0,0.0,1,0,0,0,0,0,malicious,1,PartOfAHorizontalPortScan,CTU-IoT-Malware-Capture-1-1,1,packet_size,low
144,6,2.998805,3,0,1.0003984920660063,0.0,0.0,144,144,0.0,3,0,0,0,3.0,0.0,1,1,0.0,0.0,0,1,0,0,0,0,0,1,1.0,0.0,0.0,0.0,0.0,0.0,0.0,0.0,0.0,0.0,0.0,0.0,0.0,0.0,0.0,0.0,2.998805,0.2,0.0,0.0,0.0,0.0,0.0,1.0,0.0,0.0,1,0,0,0,0,0,malicious,1,PartOfAHorizontalPortScan,CTU-IoT-Malware-Capture-1-1,1,packet_size,low
141,6,2.999068,3,0,1.0003107632104373,0.0,0.0,141,141,0.0,3,0,0,0,3.0,0.0,1,1,0.0,0.0,0,1,0,0,0,0,0,1,1.0,0.0,0.0,0.0,0.0,0.0,0.0,0.0,0.0,0.0,0.0,0.0,0.0,0.0,0.0,0.0,2.999068,0.21666666666666667,0.0,0.0,0.0,0.0,0.0,1.0,0.0,0.0,1,0,0,0,0,0,malicious,1,PartOfAHorizontalPortScan,CTU-IoT-Malware-Capture-1-1,1,packet_size,low
40,17,0.0,1,0,0.0,0.0,0.0,40,40,0.0,1,0,0,0,1.0,0.0,1,1,0.0,0.0,0,1,0,0,0,0,0,1,1.0,0.0,0.0,0.0,0.0,0.0,0.0,0.0,0.0,0.0,0.0,0.0,0.0,0.0,0.0,0.0,0.0,0.0,0.0,0.0,0.0,0.0,0.0,1.0,0.0,1.0,0,0,0,0,0,0,benign,0,-,CTU-IoT-Malware-Capture-1-1,0,none,none
48,6,0.0,1,0,0.0,0.0,0.0,48,48,0.0,1,0,0,0,1.0,0.0,1,1,0.0,0.0,0,1,0,0,0,0,0,1,1.0,0.0,0.0,0.0,0.0,0.0,0.0,0.0,0.0,0.0,0.0,0.0,0.0,0.0,0.0,0.0,0.0,0.2,0.0,0.0,0.0,0.0,0.0,1.0,0.0,0.0,1,0,0,0,0,0,malicious,1,PartOfAHorizontalPortScan,CTU-IoT-Malware-Capture-1-1,1,packet_size,low
68,6,0.0,1,0,0.0,0.0,0.0,68,68,0.0,1,0,0,0,1.0,0.0,1,1,0.0,0.0,0,1,0,0,0,0,0,1,1.0,0.0,0.0,0.0,0.0,0.0,0.0,0.0,0.0,0.0,0.0,0.0,0.0,0.0,0.0,0.0,0.0,0.13333333333333333,0.0,0.0,0.0,0.0,0.0,1.0,0.0,0.0,1,0,0,0,0,0,malicious,1,PartOfAHorizontalPortScan,CTU-IoT-Malware-Capture-1-1,1,packet_size,low
48,6,0.0,1,0,0.0,0.0,0.0,48,48,0.0,1,0,0,0,1.0,0.0,1,1,0.0,0.0,0,1,0,0,0,0,0,1,1.0,0.0,0.0,0.0,0.0,0.0,0.0,0.0,0.0,0.0,0.0,0.0,0.0,0.0,0.0,0.0,0.0,0.2,0.0,0.0,0.0,0.0,0.0,1.0,0.0,0.0,1,0,0,0,0,0,malicious,1,PartOfAHorizontalPortScan,CTU-IoT-Malware-Capture-1-1,1,packet_size,low
82,6,0.0,1,0,0.0,0.0,0.0,82,82,0.0,1,0,0,0,1.0,0.0,1,1,0.0,0.0,0,1,0,0,0,0,0,1,1.0,0.0,0.0,0.0,0.0,0.0,0.0,0.0,0.0,0.0,0.0,0.0,0.0,0.0,0.0,0.0,0.0,0.36666666666666664,0.0,0.0,0.0,0.0,0.0,1.0,0.0,0.0,1,0,0,0,0,0,malicious,1,PartOfAHorizontalPortScan,CTU-IoT-Malware-Capture-1-1,1,packet_size,low
59,6,0.0,1,0,0.0,0.0,0.0,59,59,0.0,1,0,0,0,1.0,0.0,1,1,0.0,0.0,0,1,0,0,0,0,0,1,1.0,0.0,0.0,0.0,0.0,0.0,0.0,0.0,0.0,0.0,0.0,0.0,0.0,0.0,0.0,0.0,0.0,0.016666666666666666,0.0,0.0,0.0,0.0,0.0,1.0,0.0,0.0,1,0,0,0,0,0,malicious,1,PartOfAHorizontalPortScan,CTU-IoT-Malware-Capture-1-1,1,packet_size,low
182,6,2.998566,3,0,1.0004782285932676,0.0,0.0,182,182,0.0,3,0,0,0,3.0,0.0,1,1,0.0,0.0,0,1,0,0,0,0,0,1,1.0,0.0,0.0,0.0,0.0,0.0,0.0,0.0,0.0,0.0,0.0,0.0,0.0,0.0,0.0,0.0,2.998566,0.011111111111111112,0.0,0.0,0.0,0.0,0.0,1.0,0.0,0.0,1,0,0,0,0,0,malicious,1,PartOfAHorizontalPortScan,CTU-IoT-Malware-Capture-1-1,1,packet_size,low
30,6,0.0,1,0,0.0,0.0,0.0,30,30,0.0,1,0,0,0,1.0,0.0,1,1,0.0,0.0,0,1,0,0,0,0,0,1,1.0,0.0,0.0,0.0,0.0,0.0,0.0,0.0,0.0,0.0,0.0,0.0,0.0,0.0,0.0,0.0,0.0,0.5,0.0,0.0,0.0,0.0,0.0,1.0,0.0,0.0,1,0,0,0,0,0,malicious,1,PartOfAHorizontalPortScan,CTU-IoT-Malware-Capture-1-1,1,packet_size,low
40,17,0.0,1,0,0.0,0.0,0.0,40,40,0.0,1,0,0,0,1.0,0.0,1,1,0.0,0.0,0,1,0,0,0,0,0,1,1.0,0.0,0.0,0.0,0.0,0.0,0.0,0.0,0.0,0.0,0.0,0.0,0.0,0.0,0.0,0.0,0.0,0.0,0.0,0.0,0.0,0.0,0.0,1.0,0.0,1.0,0,0,0,0,0,0,benign,0,-,CTU-IoT-Malware-Capture-1-1,0,none,none
58,6,0.0,1,0,0.0,0.0,0.0,58,58,0.0,1,0,0,0,1.0,0.0,1,1,0.0,0.0,0,1,0,0,0,0,0,1,1.0,0.0,0.0,0.0,0.0,0.0,0.0,0.0,0.0,0.0,0.0,0.0,0.0,0.0,0.0,0.0,0.0,0.03333333333333333,0.0,0.0,0.0,0.0,0.0,1.0,0.0,0.0,1,0,0,0,0,0,malicious,1,PartOfAHorizontalPortScan,CTU-IoT-Malware-Capture-1-1,1,packet_size,low
40,17,0.0,1,0,0.0,0.0,0.0,40,40,0.0,1,0,0,0,1.0,0.0,1,1,0.0,0.0,0,1,0,0,0,0,0,1,1.0,0.0,0.0,0.0,0.0,0.0,0.0,0.0,0.0,0.0,0.0,0.0,0.0,0.0,0.0,0.0,0.0,0.0,0.0,0.0,0.0,0.0,0.0,1.0,0.0,1.0,0,0,0,0,0,0,benign,0,-,CTU-IoT-Malware-Capture-1-1,0,none,none
40,17,0.0,1,0,0.0,0.0,0.0,40,40,0.0,1,0,0,0,1.0,0.0,1,1,0.0,0.0,0,1,0,0,0,0,0,1,1.0,0.0,0.0,0.0,0.0,0.0,0.0,0.0,0.0,0.0,0.0,0.0,0.0,0.0,0.0,0.0,0.0,0.0,0.0,0.0,0.0,0.0,0.0,1.0,0.0,1.0,0,0,0,0,0,0,benign,0,-,CTU-IoT-Malware-Capture-1-1,0,none,none
185,6,2.999057,3,0,1.0003144321698454,0.0,0.0,185,185,0.0,3,0,0,0,3.0,0.0,1,1,0.0,0.0,0,1,0,0,0,0,0,1,1.0,0.0,0.0,0.0,0.0,0.0,0.0,0.0,0.0,0.0,0.0,0.0,0.0,0.0,0.0,0.0,2.999057,0.027777777777777776,0.0,0.0,0.0,0.0,0.0,1.0,0.0,0.0,1,0,0,0,0,0,malicious,1,PartOfAHorizontalPortScan,CTU-IoT-Malware-Capture-1-1,1,packet_size,low
52,6,0.0,1,0,0.0,0.0,0.0,52,52,0.0,1,0,0,0,1.0,0.0,1,1,0.0,0.0,0,1,0,0,0,0,0,1,1.0,0.0,0.0,0.0,0.0,0.0,0.0,0.0,0.0,0.0,0.0,0.0,0.0,0.0,0.0,0.0,0.0,0.13333333333333333,0.0,0.0,0.0,0.0,0.0,1.0,0.0,0.0,1,0,0,0,0,0,malicious,1,PartOfAHorizontalPortScan,CTU-IoT-Malware-Capture-1-1,1,packet_size,low
40,17,0.0,1,0,0.0,0.0,0.0,40,40,0.0,1,0,0,0,1.0,0.0,1,1,0.0,0.0,0,1,0,0,0,0,0,1,1.0,0.0,0.0,0.0,0.0,0.0,0.0,0.0,0.0,0.0,0.0,0.0,0.0,0.0,0.0,0.0,0.0,0.0,0.0,0.0,0.0,0.0,0.0,1.0,0.0,1.0,0,0,0,0,0,0,benign,0,-,CTU-IoT-Malware-Capture-1-1,0,none,none
156,6,2.998812,3,0,1.0003961568781237,0.0,0.0,156,156,0.0,3,0,0,0,3.0,0.0,1,1,0.0,0.0,0,1,0,0,0,0,0,1,1.0,0.0,0.0,0.0,0.0,0.0,0.0,0.0,0.0,0.0,0.0,0.0,0.0,0.0,0.0,0.0,2.998812,0.13333333333333333,0.0,0.0,0.0,0.0,0.0,1.0,0.0,0.0,1,0,0,0,0,0,malicious,1,PartOfAHorizontalPortScan,CTU-IoT-Malware-Capture-1-1,1,packet_size,low
68,1,0.0,1,0,0.0,0.0,0.0,68,68,0.0,1,0,0,0,1.0,0.0,1,1,0.0,0.0,0,0,0,0,0,0,0,0,0.0,0.0,0.0,0.0,0.0,0.0,0.0,0.0,0.0,0.0,0.0,0.0,0.0,0.0,0.0,0.0,0.0,0.0,0.0,0.0,0.0,0.0,0.0,1.0,0.0,1.0,0,0,0,0,0,0,benign,0,-,CTU-IoT-Malware-Capture-1-1,0,none,none
57,6,0.0,1,0,0.0,0.0,0.0,57,57,0.0,1,0,0,0,1.0,0.0,1,1,0.0,0.0,0,1,0,0,0,0,0,1,1.0,0.0,0.0,0.0,0.0,0.0,0.0,0.0,0.0,0.0,0.0,0.0,0.0,0.0,0.0,0.0,0.0,0.05,0.0,0.0,0.0,0.0,0.0,1.0,0.0,0.0,1,0,0,0,0,0,malicious,1,PartOfAHorizontalPortScan,CTU-IoT-Malware-Capture-1-1,1,packet_size,low
68,1,0.0,1,0,0.0,0.0,0.0,68,68,0.0,1,0,0,0,1.0,0.0,1,1,0.0,0.0,0,0,0,0,0,0,0,0,0.0,0.0,0.0,0.0,0.0,0.0,0.0,0.0,0.0,0.0,0.0,0.0,0.0,0.0,0.0,0.0,0.0,0.0,0.0,0.0,0.0,0.0,0.0,1.0,0.0,1.0,0,0,0,0,0,0,benign,0,-,CTU-IoT-Malware-Capture-1-1,0,none,none
40,17,0.0,1,0,0.0,0.0,0.0,40,40,0.0,1,0,0,0,1.0,0.0,1,1,0.0,0.0,0,1,0,0,0,0,0,1,1.0,0.0,0.0,0.0,0.0,0.0,0.0,0.0,0.0,0.0,0.0,0.0,0.0,0.0,0.0,0.0,0.0,0.0,0.0,0.0,0.0,0.0,0.0,1.0,0.0,1.0,0,0,0,0,0,0,benign,0,-,CTU-IoT-Malware-Capture-1-1,0,none,none
50,6,0.0,1,0,0.0,0.0,0.0,50,50,0.0,1,0,0,0,1.0,0.0,1,1,0.0,0.0,0,1,0,0,0,0,0,1,1.0,0.0,0.0,0.0,0.0,0.0,0.0,0.0,0.0,0.0,0.0,0.0,0.0,0.0,0.0,0.0,0.0,0.16666666666666666,0.0,0.0,0.0,0.0,0.0,1.0,0.0,0.0,1,0,0,0,0,0,malicious,1,PartOfAHorizontalPortScan,CTU-IoT-Malware-Capture-1-1,1,packet_size,low
227,6,2.999078,3,0,1.0003074278161488,0.0,0.0,227,227,0.0,3,0,0,0,3.0,0.0,1,1,0.0,0.0,0,1,0,0,0,0,0,1,1.0,0.0,0.0,0.0,0.0,0.0,0.0,0.0,0.0,0.0,0.0,0.0,0.0,0.0,0.0,0.0,2.999078,0.2611111111111111,0.0,0.0,0.0,0.0,0.0,1.0,0.0,0.0,1,0,0,0,0,0,malicious,1,PartOfAHorizontalPortScan,CTU-IoT-Malware-Capture-1-1,1,packet_size,low
181,6,2.998819,3,0,1.000393821701143,0.0,0.0,181,181,0.0,3,0,0,0,3.0,0.0,1,1,0.0,0.0,0,1,0,0,0,0,0,1,1.0,0.0,0.0,0.0,0.0,0.0,0.0,0.0,0.0,0.0,0.0,0.0,0.0,0.0,0.0,0.0,2.998819,0.005555555555555556,0.0,0.0,0.0,0.0,0.0,1.0,0.0,0.0,1,0,0,0,0,0,malicious,1,PartOfAHorizontalPortScan,CTU-IoT-Malware-Capture-1-1,1,packet_size,low
66,6,0.0,1,0,0.0,0.0,0.0,66,66,0.0,1,0,0,0,1.0,0.0,1,1,0.0,0.0,0,1,0,0,0,0,0,1,1.0,0.0,0.0,0.0,0.0,0.0,0.0,0.0,0.0,0.0,0.0,0.0,0.0,0.0,0.0,0.0,0.0,0.1,0.0,0.0,0.0,0.0,0.0,1.0,0.0,0.0,1,0,0,0,0,0,malicious,1,PartOfAHorizontalPortScan,CTU-IoT-Malware-Capture-1-1,1,packet_size,low
55,6,0.0,1,0,0.0,0.0,0.0,55,55,0.0,1,0,0,0,1.0,0.0,1,1,0.0,0.0,0,1,0,0,0,0,0,1,1.0,0.0,0.0,0.0,0.0,0.0,0.0,0.0,0.0,0.0,0.0,0.0,0.0,0.0,0.0,0.0,0.0,0.08333333333333333,0.0,0.0,0.0,0.0,0.0,1.0,0.0,0.0,1,0,0,0,0,0,malicious,1,PartOfAHorizontalPortScan,CTU-IoT-Malware-Capture-1-1,1,packet_size,low
189,6,2.99905,3,0,1.0003167669762092,0.0,0.0,189,189,0.0,3,0,0,0,3.0,0.0,1,1,0.0,0.0,0,1,0,0,0,0,0,1,1.0,0.0,0.0,0.0,0.0,0.0,0.0,0.0,0.0,0.0,0.0,0.0,0.0,0.0,0.0,0.0,2.99905,0.05,0.0,0.0,0.0,0.0,0.0,1.0,0.0,0.0,1,0,0,0,0,0,malicious,1,PartOfAHorizontalPortScan,CTU-IoT-Malware-Capture-1-1,1,packet_size,low
40,17,0.0,1,0,0.0,0.0,0.0,40,40,0.0,1,0,0,0,1.0,0.0,1,1,0.0,0.0,0,1,0,0,0,0,0,1,1.0,0.0,0.0,0.0,0.0,0.0,0.0,0.0,0.0,0.0,0.0,0.0,0.0,0.0,0.0,0.0,0.0,0.0,0.0,0.0,0.0,0.0,0.0,1.0,0.0,1.0,0,0,0,0,0,0,benign,0,-,CTU-IoT-Malware-Capture-1-1,0,none,none
40,17,0.0,1,0,0.0,0.0,0.0,40,40,0.0,1,0,0,0,1.0,0.0,1,1,0.0,0.0,0,1,0,0,0,0,0,1,1.0,0.0,0.0,0.0,0.0,0.0,0.0,0.0,0.0,0.0,0.0,0.0,0.0,0.0,0.0,0.0,0.0,0.0,0.0,0.0,0.0,0.0,0.0,1.0,0.0,1.0,0,0,0,0,0,0,benign,0,-,CTU-IoT-Malware-Capture-1-1,0,none,none
153,6,2.99906,3,0,1.0003134315418831,0.0,0.0,153,153,0.0,3,0,0,0,3.0,0.0,1,1,0.0,0.0,0,1,0,0,0,0,0,1,1.0,0.0,0.0,0.0,0.0,0.0,0.0,0.0,0.0,0.0,0.0,0.0,0.0,0.0,0.0,0.0,2.99906,0.15,0.0,0.0,0.0,0.0,0.0,1.0,0.0,0.0,1,0,0,0,0,0,malicious,1,PartOfAHorizontalPortScan,CTU-IoT-Malware-Capture-1-1,1,packet_size,low
180,6,2.999067,3,0,1.0003110967510895,0.0,0.0,180,180,0.0,3,0,0,0,3.0,0.0,1,1,0.0,0.0,0,1,0,0,0,0,0,1,1.0,0.0,0.0,0.0,0.0,0.0,0.0,0.0,0.0,0.0,0.0,0.0,0.0,0.0,0.0,0.0,2.999067,0.0,0.0,0.0,0.0,0.0,0.0,1.0,0.0,0.0,1,0,0,0,0,0,malicious,1,PartOfAHorizontalPortScan,CTU-IoT-Malware-Capture-1-1,1,packet_size,low
40,17,0.0,1,0,0.0,0.0,0.0,40,40,0.0,1,0,0,0,1.0,0.0,1,1,0.0,0.0,0,1,0,0,0,0,0,1,1.0,0.0,0.0,0.0,0.0,0.0,0.0,0.0,0.0,0.0,0.0,0.0,0.0,0.0,0.0,0.0,0.0,0.0,0.0,0.0,0.0,0.0,0.0,1.0,0.0,1.0,0,0,0,0,0,0,benign,0,-,CTU-IoT-Malware-Capture-1-1,0,none,none
176,6,2.998828,3,0,1.000390819346758,0.0,0.0,176,176,0.0,3,0,0,0,3.0,0.0,1,1,0.0,0.0,0,1,0,0,0,0,0,1,1.0,0.0,0.0,0.0,0.0,0.0,0.0,0.0,0.0,0.0,0.0,0.0,0.0,0.0,0.0,0.0,2.998828,0.022222222222222223,0.0,0.0,0.0,0.0,0.0,1.0,0.0,0.0,1,0,0,0,0,0,malicious,1,PartOfAHorizontalPortScan,CTU-IoT-Malware-Capture-1-1,1,packet_size,low
60,6,0.0,1,0,0.0,0.0,0.0,60,60,0.0,1,0,0,0,1.0,0.0,1,1,0.0,0.0,0,1,0,0,0,0,0,1,1.0,0.0,0.0,0.0,0.0,0.0,0.0,0.0,0.0,0.0,0.0,0.0,0.0,0.0,0.0,0.0,0.0,0.0,0.0,0.0,0.0,0.0,0.0,1.0,0.0,1.0,0,0,0,0,0,0,benign,0,-,CTU-IoT-Malware-Capture-1-1,0,none,none
40,17,0.0,1,0,0.0,0.0,0.0,40,40,0.0,1,0,0,0,1.0,0.0,1,1,0.0,0.0,0,1,0,0,0,0,0,1,1.0,0.0,0.0,0.0,0.0,0.0,0.0,0.0,0.0,0.0,0.0,0.0,0.0,0.0,0.0,0.0,0.0,0.0,0.0,0.0,0.0,0.0,0.0,1.0,0.0,1.0,0,0,0,0,0,0,benign,0,-,CTU-IoT-Malware-Capture-1-1,0,none,none
40,17,0.0,1,0,0.0,0.0,0.0,40,40,0.0,1,0,0,0,1.0,0.0,1,1,0.0,0.0,0,1,0,0,0,0,0,1,1.0,0.0,0.0,0.0,0.0,0.0,0.0,0.0,0.0,0.0,0.0,0.0,0.0,0.0,0.0,0.0,0.0,0.0,0.0,0.0,0.0,0.0,0.0,1.0,0.0,1.0,0,0,0,0,0,0,benign,0,-,CTU-IoT-Malware-Capture-1-1,0,none,none
146,6,2.998817,3,0,1.0003944888934537,0.0,0.0,146,146,0.0,3,0,0,0,3.0,0.0,1,1,0.0,0.0,0,1,0,0,0,0,0,1,1.0,0.0,0.0,0.0,0.0,0.0,0.0,0.0,0.0,0.0,0.0,0.0,0.0,0.0,0.0,0.0,2.998817,0.18888888888888888,0.0,0.0,0.0,0.0,0.0,1.0,0.0,0.0,1,0,0,0,0,0,malicious,1,PartOfAHorizontalPortScan,CTU-IoT-Malware-Capture-1-1,1,packet_size,low
67,6,0.0,1,0,0.0,0.0,0.0,67,67,0.0,1,0,0,0,1.0,0.0,1,1,0.0,0.0,0,1,0,0,0,0,0,1,1.0,0.0,0.0,0.0,0.0,0.0,0.0,0.0,0.0,0.0,0.0,0.0,0.0,0.0,0.0,0.0,0.0,0.11666666666666667,0.0,0.0,0.0,0.0,0.0,1.0,0.0,0.0,1,0,0,0,0,0,malicious,1,PartOfAHorizontalPortScan,CTU-IoT-Malware-Capture-1-1,1,packet_size,low
40,17,0.0,1,0,0.0,0.0,0.0,40,40,0.0,1,0,0,0,1.0,0.0,1,1,0.0,0.0,0,1,0,0,0,0,0,1,1.0,0.0,0.0,0.0,0.0,0.0,0.0,0.0,0.0,0.0,0.0,0.0,0.0,0.0,0.0,0.0,0.0,0.0,0.0,0.0,0.0,0.0,0.0,1.0,0.0,1.0,0,0,0,0,0,0,benign,0,-,CTU-IoT-Malware-Capture-1-1,0,none,none
64,6,0.0,1,0,0.0,0.0,0.0,64,64,0.0,1,0,0,0,1.0,0.0,1,1,0.0,0.0,0,1,0,0,0,0,0,1,1.0,0.0,0.0,0.0,0.0,0.0,0.0,0.0,0.0,0.0,0.0,0.0,0.0,0.0,0.0,0.0,0.0,0.06666666666666667,0.0,0.0,0.0,0.0,0.0,1.0,0.0,0.0,1,0,0,0,0,0,malicious,1,PartOfAHorizontalPortScan,CTU-IoT-Malware-Capture-1-1,1,packet_size,low
62,6,0.0,1,0,0.0,0.0,0.0,62,62,0.0,1,0,0,0,1.0,0.0,1,1,0.0,0.0,0,1,0,0,0,0,0,1,1.0,0.0,0.0,0.0,0.0,0.0,0.0,0.0,0.0,0.0,0.0,0.0,0.0,0.0,0.0,0.0,0.0,0.03333333333333333,0.0,0.0,0.0,0.0,0.0,1.0,0.0,0.0,1,0,0,0,0,0,malicious,1,PartOfAHorizontalPortScan,CTU-IoT-Malware-Capture-1-1,1,packet_size,low
40,17,0.0,1,0,0.0,0.0,0.0,40,40,0.0,1,0,0,0,1.0,0.0,1,1,0.0,0.0,0,1,0,0,0,0,0,1,1.0,0.0,0.0,0.0,0.0,0.0,0.0,0.0,0.0,0.0,0.0,0.0,0.0,0.0,0.0,0.0,0.0,0.0,0.0,0.0,0.0,0.0,0.0,1.0,0.0,1.0,0,0,0,0,0,0,benign,0,-,CTU-IoT-Malware-Capture-1-1,0,none,none
59,6,0.0,1,0,0.0,0.0,0.0,59,59,0.0,1,0,0,0,1.0,0.0,1,1,0.0,0.0,0,1,0,0,0,0,0,1,1.0,0.0,0.0,0.0,0.0,0.0,0.0,0.0,0.0,0.0,0.0,0.0,0.0,0.0,0.0,0.0,0.0,0.016666666666666666,0.0,0.0,0.0,0.0,0.0,1.0,0.0,0.0,1,0,0,0,0,0,malicious,1,PartOfAHorizontalPortScan,CTU-IoT-Malware-Capture-1-1,1,packet_size,low
165,6,1.746782,3,0,1.717443848173384,0.0,0.0,165,165,0.0,2,1,0,0,2.0,0.0,1,1,0.0,0.0,0,0,0,0,1,0,0,1,0.0,0.0,0.0,1.0,0.0,0.0,0.0,0.0,0.0,0.0,0.0,0.0,0.0,0.0,0.0,0.0,1.746782,0.03125,0.0,0.0,0.0,0.0,0.0,1.0,0.0,0.0,1,0,0,0,0,0,malicious,1,PartOfAHorizontalPortScan,CTU-IoT-Malware-Capture-1-1,1,packet_size,low
40,17,0.0,1,0,0.0,0.0,0.0,40,40,0.0,1,0,0,0,1.0,0.0,1,1,0.0,0.0,0,1,0,0,0,0,0,1,1.0,0.0,0.0,0.0,0.0,0.0,0.0,0.0,0.0,0.0,0.0,0.0,0.0,0.0,0.0,0.0,0.0,0.0,0.0,0.0,0.0,0.0,0.0,1.0,0.0,1.0,0,0,0,0,0,0,benign,0,-,CTU-IoT-Malware-Capture-1-1,0,none,none
174,6,2.999069,3,0,1.0003104296700076,0.0,0.0,174,174,0.0,3,0,0,0,3.0,0.0,1,1,0.0,0.0,0,1,0,0,0,0,0,1,1.0,0.0,0.0,0.0,0.0,0.0,0.0,0.0,0.0,0.0,0.0,0.0,0.0,0.0,0.0,0.0,2.999069,0.03333333333333333,0.0,0.0,0.0,0.0,0.0,1.0,0.0,0.0,1,0,0,0,0,0,malicious,1,PartOfAHorizontalPortScan,CTU-IoT-Malware-Capture-1-1,1,packet_size,low
40,17,0.0,1,0,0.0,0.0,0.0,40,40,0.0,1,0,0,0,1.0,0.0,1,1,0.0,0.0,0,1,0,0,0,0,0,1,1.0,0.0,0.0,0.0,0.0,0.0,0.0,0.0,0.0,0.0,0.0,0.0,0.0,0.0,0.0,0.0,0.0,0.0,0.0,0.0,0.0,0.0,0.0,1.0,0.0,1.0,0,0,0,0,0,0,benign,0,-,CTU-IoT-Malware-Capture-1-1,0,none,none
56,6,0.0,1,0,0.0,0.0,0.0,56,56,0.0,1,0,0,0,1.0,0.0,1,1,0.0,0.0,0,1,0,0,0,0,0,1,1.0,0.0,0.0,0.0,0.0,0.0,0.0,0.0,0.0,0.0,0.0,0.0,0.0,0.0,0.0,0.0,0.0,0.06666666666666667,0.0,0.0,0.0,0.0,0.0,1.0,0.0,0.0,1,0,0,0,0,0,malicious,1,PartOfAHorizontalPortScan,CTU-IoT-Malware-Capture-1-1,1,packet_size,low
40,17,0.0,1,0,0.0,0.0,0.0,40,40,0.0,1,0,0,0,1.0,0.0,1,1,0.0,0.0,0,1,0,0,0,0,0,1,1.0,0.0,0.0,0.0,0.0,0.0,0.0,0.0,0.0,0.0,0.0,0.0,0.0,0.0,0.0,0.0,0.0,0.0,0.0,0.0,0.0,0.0,0.0,1.0,0.0,1.0,0,0,0,0,0,0,benign,0,-,CTU-IoT-Malware-Capture-1-1,0,none,none
54,6,0.0,1,0,0.0,0.0,0.0,54,54,0.0,1,0,0,0,1.0,0.0,1,1,0.0,0.0,0,1,0,0,0,0,0,1,1.0,0.0,0.0,0.0,0.0,0.0,0.0,0.0,0.0,0.0,0.0,0.0,0.0,0.0,0.0,0.0,0.0,0.1,0.0,0.0,0.0,0.0,0.0,1.0,0.0,0.0,1,0,0,0,0,0,malicious,1,PartOfAHorizontalPortScan,CTU-IoT-Malware-Capture-1-1,1,packet_size,low
65,6,0.0,1,0,0.0,0.0,0.0,65,65,0.0,1,0,0,0,1.0,0.0,1,1,0.0,0.0,0,1,0,0,0,0,0,1,1.0,0.0,0.0,0.0,0.0,0.0,0.0,0.0,0.0,0.0,0.0,0.0,0.0,0.0,0.0,0.0,0.0,0.08333333333333333,0.0,0.0,0.0,0.0,0.0,1.0,0.0,0.0,1,0,0,0,0,0,malicious,1,PartOfAHorizontalPortScan,CTU-IoT-Malware-Capture-1-1,1,packet_size,low
167,6,2.999062,3,0,1.0003127644576872,0.0,0.0,167,167,0.0,3,0,0,0,3.0,0.0,1,1,0.0,0.0,0,1,0,0,0,0,0,1,1.0,0.0,0.0,0.0,0.0,0.0,0.0,0.0,0.0,0.0,0.0,0.0,0.0,0.0,0.0,0.0,2.999062,0.07222222222222222,0.0,0.0,0.0,0.0,0.0,1.0,0.0,0.0,1,0,0,0,0,0,malicious,1,PartOfAHorizontalPortScan,CTU-IoT-Malware-Capture-1-1,1,packet_size,low
56,1,0.0,1,0,0.0,0.0,0.0,56,56,0.0,1,0,0,0,1.0,0.0,1,1,0.0,0.0,0,0,0,0,0,0,0,0,0.0,0.0,0.0,0.0,0.0,0.0,0.0,0.0,0.0,0.0,0.0,0.0,0.0,0.0,0.0,0.0,0.0,0.0,0.0,0.0,0.0,0.0,0.0,1.0,0.0,1.0,0,0,0,0,0,0,benign,0,-,CTU-IoT-Malware-Capture-1-1,0,none,none
58,6,0.0,1,0,0.0,0.0,0.0,58,58,0.0,1,0,0,0,1.0,0.0,1,1,0.0,0.0,0,1,0,0,0,0,0,1,1.0,0.0,0.0,0.0,0.0,0.0,0.0,0.0,0.0,0.0,0.0,0.0,0.0,0.0,0.0,0.0,0.0,0.03333333333333333,0.0,0.0,0.0,0.0,0.0,1.0,0.0,0.0,1,0,0,0,0,0,malicious,1,PartOfAHorizontalPortScan,CTU-IoT-Malware-Capture-1-1,1,packet_size,low
40,17,0.0,1,0,0.0,0.0,0.0,40,40,0.0,1,0,0,0,1.0,0.0,1,1,0.0,0.0,0,1,0,0,0,0,0,1,1.0,0.0,0.0,0.0,0.0,0.0,0.0,0.0,0.0,0.0,0.0,0.0,0.0,0.0,0.0,0.0,0.0,0.0,0.0,0.0,0.0,0.0,0.0,1.0,0.0,1.0,0,0,0,0,0,0,benign,0,-,CTU-IoT-Malware-Capture-1-1,0,none,none
40,17,0.0,1,0,0.0,0.0,0.0,40,40,0.0,1,0,0,0,1.0,0.0,1,1,0.0,0.0,0,1,0,0,0,0,0,1,1.0,0.0,0.0,0.0,0.0,0.0,0.0,0.0,0.0,0.0,0.0,0.0,0.0,0.0,0.0,0.0,0.0,0.0,0.0,0.0,0.0,0.0,0.0,1.0,0.0,1.0,0,0,0,0,0,0,benign,0,-,CTU-IoT-Malware-Capture-1-1,0,none,none
40,17,0.0,1,0,0.0,0.0,0.0,40,40,0.0,1,0,0,0,1.0,0.0,1,1,0.0,0.0,0,1,0,0,0,0,0,1,1.0,0.0,0.0,0.0,0.0,0.0,0.0,0.0,0.0,0.0,0.0,0.0,0.0,0.0,0.0,0.0,0.0,0.0,0.0,0.0,0.0,0.0,0.0,1.0,0.0,1.0,0,0,0,0,0,0,benign,0,-,CTU-IoT-Malware-Capture-1-1,0,none,none
55,6,0.0,1,0,0.0,0.0,0.0,55,55,0.0,1,0,0,0,1.0,0.0,1,1,0.0,0.0,0,1,0,0,0,0,0,1,1.0,0.0,0.0,0.0,0.0,0.0,0.0,0.0,0.0,0.0,0.0,0.0,0.0,0.0,0.0,0.0,0.0,0.08333333333333333,0.0,0.0,0.0,0.0,0.0,1.0,0.0,0.0,1,0,0,0,0,0,malicious,1,PartOfAHorizontalPortScan,CTU-IoT-Malware-Capture-1-1,1,packet_size,low
40,17,0.0,1,0,0.0,0.0,0.0,40,40,0.0,1,0,0,0,1.0,0.0,1,1,0.0,0.0,0,1,0,0,0,0,0,1,1.0,0.0,0.0,0.0,0.0,0.0,0.0,0.0,0.0,0.0,0.0,0.0,0.0,0.0,0.0,0.0,0.0,0.0,0.0,0.0,0.0,0.0,0.0,1.0,0.0,1.0,0,0,0,0,0,0,benign,0,-,CTU-IoT-Malware-Capture-1-1,0,none,none
40,17,0.0,1,0,0.0,0.0,0.0,40,40,0.0,1,0,0,0,1.0,0.0,1,1,0.0,0.0,0,1,0,0,0,0,0,1,1.0,0.0,0.0,0.0,0.0,0.0,0.0,0.0,0.0,0.0,0.0,0.0,0.0,0.0,0.0,0.0,0.0,0.0,0.0,0.0,0.0,0.0,0.0,1.0,0.0,1.0,0,0,0,0,0,0,benign,0,-,CTU-IoT-Malware-Capture-1-1,0,none,none
40,17,0.0,1,0,0.0,0.0,0.0,40,40,0.0,1,0,0,0,1.0,0.0,1,1,0.0,0.0,0,1,0,0,0,0,0,1,1.0,0.0,0.0,0.0,0.0,0.0,0.0,0.0,0.0,0.0,0.0,0.0,0.0,0.0,0.0,0.0,0.0,0.0,0.0,0.0,0.0,0.0,0.0,1.0,0.0,1.0,0,0,0,0,0,0,benign,0,-,CTU-IoT-Malware-Capture-1-1,0,none,none
203,6,2.998565,3,0,1.0004785622456074,0.0,0.0,203,203,0.0,3,0,0,0,3.0,0.0,1,1,0.0,0.0,0,1,0,0,0,0,0,1,1.0,0.0,0.0,0.0,0.0,0.0,0.0,0.0,0.0,0.0,0.0,0.0,0.0,0.0,0.0,0.0,2.998565,0.12777777777777777,0.0,0.0,0.0,0.0,0.0,1.0,0.0,0.0,1,0,0,0,0,0,malicious,1,PartOfAHorizontalPortScan,CTU-IoT-Malware-Capture-1-1,1,packet_size,low
193,6,2.999078,3,0,1.0003074278161488,0.0,0.0,193,193,0.0,3,0,0,0,3.0,0.0,1,1,0.0,0.0,0,1,0,0,0,0,0,1,1.0,0.0,0.0,0.0,0.0,0.0,0.0,0.0,0.0,0.0,0.0,0.0,0.0,0.0,0.0,0.0,2.999078,0.07222222222222222,0.0,0.0,0.0,0.0,0.0,1.0,0.0,0.0,1,0,0,0,0,0,malicious,1,PartOfAHorizontalPortScan,CTU-IoT-Malware-Capture-1-1,1,packet_size,low
40,17,0.0,1,0,0.0,0.0,0.0,40,40,0.0,1,0,0,0,1.0,0.0,1,1,0.0,0.0,0,1,0,0,0,0,0,1,1.0,0.0,0.0,0.0,0.0,0.0,0.0,0.0,0.0,0.0,0.0,0.0,0.0,0.0,0.0,0.0,0.0,0.0,0.0,0.0,0.0,0.0,0.0,1.0,0.0,1.0,0,0,0,0,0,0,benign,0,-,CTU-IoT-Malware-Capture-1-1,0,none,none
68,6,0.120683,2,0,16.572342417739037,0.0,0.0,68,68,0.0,1,1,0,0,1.0,0.0,1,1,0.0,0.0,0,0,0,0,1,0,0,1,0.0,0.0,0.0,1.0,0.0,0.0,0.0,0.0,0.0,0.0,0.0,0.0,0.0,0.0,0.0,0.0,0.120683,0.32,0.0,0.0,0.0,0.0,0.0,1.0,0.0,0.0,1,0,0,0,0,0,malicious,1,PartOfAHorizontalPortScan,CTU-IoT-Malware-Capture-1-1,1,packet_size,low
40,17,0.0,1,0,0.0,0.0,0.0,40,40,0.0,1,0,0,0,1.0,0.0,1,1,0.0,0.0,0,1,0,0,0,0,0,1,1.0,0.0,0.0,0.0,0.0,0.0,0.0,0.0,0.0,0.0,0.0,0.0,0.0,0.0,0.0,0.0,0.0,0.0,0.0,0.0,0.0,0.0,0.0,1.0,0.0,1.0,0,0,0,0,0,0,benign,0,-,CTU-IoT-Malware-Capture-1-1,0,none,none
54,6,0.0,1,0,0.0,0.0,0.0,54,54,0.0,1,0,0,0,1.0,0.0,1,1,0.0,0.0,0,1,0,0,0,0,0,1,1.0,0.0,0.0,0.0,0.0,0.0,0.0,0.0,0.0,0.0,0.0,0.0,0.0,0.0,0.0,0.0,0.0,0.1,0.0,0.0,0.0,0.0,0.0,1.0,0.0,0.0,1,0,0,0,0,0,malicious,1,PartOfAHorizontalPortScan,CTU-IoT-Malware-Capture-1-1,1,packet_size,low
58,6,0.0,1,0,0.0,0.0,0.0,58,58,0.0,1,0,0,0,1.0,0.0,1,1,0.0,0.0,0,1,0,0,0,0,0,1,1.0,0.0,0.0,0.0,0.0,0.0,0.0,0.0,0.0,0.0,0.0,0.0,0.0,0.0,0.0,0.0,0.0,0.03333333333333333,0.0,0.0,0.0,0.0,0.0,1.0,0.0,0.0,1,0,0,0,0,0,malicious,1,PartOfAHorizontalPortScan,CTU-IoT-Malware-Capture-1-1,1,packet_size,low
66,6,0.0,1,0,0.0,0.0,0.0,66,66,0.0,1,0,0,0,1.0,0.0,1,1,0.0,0.0,0,1,0,0,0,0,0,1,1.0,0.0,0.0,0.0,0.0,0.0,0.0,0.0,0.0,0.0,0.0,0.0,0.0,0.0,0.0,0.0,0.0,0.1,0.0,0.0,0.0,0.0,0.0,1.0,0.0,0.0,1,0,0,0,0,0,malicious,1,PartOfAHorizontalPortScan,CTU-IoT-Malware-Capture-1-1,1,packet_size,low
40,17,0.0,1,0,0.0,0.0,0.0,40,40,0.0,1,0,0,0,1.0,0.0,1,1,0.0,0.0,0,1,0,0,0,0,0,1,1.0,0.0,0.0,0.0,0.0,0.0,0.0,0.0,0.0,0.0,0.0,0.0,0.0,0.0,0.0,0.0,0.0,0.0,0.0,0.0,0.0,0.0,0.0,1.0,0.0,1.0,0,0,0,0,0,0,benign,0,-,CTU-IoT-Malware-Capture-1-1,0,none,none
40,17,0.0,1,0,0.0,0.0,0.0,40,40,0.0,1,0,0,0,1.0,0.0,1,1,0.0,0.0,0,1,0,0,0,0,0,1,1.0,0.0,0.0,0.0,0.0,0.0,0.0,0.0,0.0,0.0,0.0,0.0,0.0,0.0,0.0,0.0,0.0,0.0,0.0,0.0,0.0,0.0,0.0,1.0,0.0,1.0,0,0,0,0,0,0,benign,0,-,CTU-IoT-Malware-Capture-1-1,0,none,none
64,6,0.0,1,0,0.0,0.0,0.0,64,64,0.0,1,0,0,0,1.0,0.0,1,1,0.0,0.0,0,1,0,0,0,0,0,1,1.0,0.0,0.0,0.0,0.0,0.0,0.0,0.0,0.0,0.0,0.0,0.0,0.0,0.0,0.0,0.0,0.0,0.06666666666666667,0.0,0.0,0.0,0.0,0.0,1.0,0.0,0.0,1,0,0,0,0,0,malicious,1,PartOfAHorizontalPortScan,CTU-IoT-Malware-Capture-1-1,1,packet_size,low
50,6,0.0,1,0,0.0,0.0,0.0,50,50,0.0,1,0,0,0,1.0,0.0,1,1,0.0,0.0,0,1,0,0,0,0,0,1,1.0,0.0,0.0,0.0,0.0,0.0,0.0,0.0,0.0,0.0,0.0,0.0,0.0,0.0,0.0,0.0,0.0,0.16666666666666666,0.0,0.0,0.0,0.0,0.0,1.0,0.0,0.0,1,0,0,0,0,0,malicious,1,PartOfAHorizontalPortScan,CTU-IoT-Malware-Capture-1-1,1,packet_size,low
40,17,0.0,1,0,0.0,0.0,0.0,40,40,0.0,1,0,0,0,1.0,0.0,1,1,0.0,0.0,0,1,0,0,0,0,0,1,1.0,0.0,0.0,0.0,0.0,0.0,0.0,0.0,0.0,0.0,0.0,0.0,0.0,0.0,0.0,0.0,0.0,0.0,0.0,0.0,0.0,0.0,0.0,1.0,0.0,1.0,0,0,0,0,0,0,benign,0,-,CTU-IoT-Malware-Capture-1-1,0,none,none
67,6,0.0,1,0,0.0,0.0,0.0,67,67,0.0,1,0,0,0,1.0,0.0,1,1,0.0,0.0,0,1,0,0,0,0,0,1,1.0,0.0,0.0,0.0,0.0,0.0,0.0,0.0,0.0,0.0,0.0,0.0,0.0,0.0,0.0,0.0,0.0,0.11666666666666667,0.0,0.0,0.0,0.0,0.0,1.0,0.0,0.0,1,0,0,0,0,0,malicious,1,PartOfAHorizontalPortScan,CTU-IoT-Malware-Capture-1-1,1,packet_size,low
60,6,0.0,1,0,0.0,0.0,0.0,60,60,0.0,1,0,0,0,1.0,0.0,1,1,0.0,0.0,0,1,0,0,0,0,0,1,1.0,0.0,0.0,0.0,0.0,0.0,0.0,0.0,0.0,0.0,0.0,0.0,0.0,0.0,0.0,0.0,0.0,0.0,0.0,0.0,0.0,0.0,0.0,1.0,0.0,1.0,0,0,0,0,0,0,benign,0,-,CTU-IoT-Malware-Capture-1-1,0,none,none
40,17,0.0,1,0,0.0,0.0,0.0,40,40,0.0,1,0,0,0,1.0,0.0,1,1,0.0,0.0,0,1,0,0,0,0,0,1,1.0,0.0,0.0,0.0,0.0,0.0,0.0,0.0,0.0,0.0,0.0,0.0,0.0,0.0,0.0,0.0,0.0,0.0,0.0,0.0,0.0,0.0,0.0,1.0,0.0,1.0,0,0,0,0,0,0,benign,0,-,CTU-IoT-Malware-Capture-1-1,0,none,none
57,6,0.0,1,0,0.0,0.0,0.0,57,57,0.0,1,0,0,0,1.0,0.0,1,1,0.0,0.0,0,1,0,0,0,0,0,1,1.0,0.0,0.0,0.0,0.0,0.0,0.0,0.0,0.0,0.0,0.0,0.0,0.0,0.0,0.0,0.0,0.0,0.05,0.0,0.0,0.0,0.0,0.0,1.0,0.0,0.0,1,0,0,0,0,0,malicious,1,PartOfAHorizontalPortScan,CTU-IoT-Malware-Capture-1-1,1,packet_size,low
49,6,0.0,1,0,0.0,0.0,0.0,49,49,0.0,1,0,0,0,1.0,0.0,1,1,0.0,0.0,0,1,0,0,0,0,0,1,1.0,0.0,0.0,0.0,0.0,0.0,0.0,0.0,0.0,0.0,0.0,0.0,0.0,0.0,0.0,0.0,0.0,0.18333333333333332,0.0,0.0,0.0,0.0,0.0,1.0,0.0,0.0,1,0,0,0,0,0,malicious,1,PartOfAHorizontalPortScan,CTU-IoT-Malware-Capture-1-1,1,packet_size,low
63,6,0.0,1,0,0.0,0.0,0.0,63,63,0.0,1,0,0,0,1.0,0.0,1,1,0.0,0.0,0,1,0,0,0,0,0,1,1.0,0.0,0.0,0.0,0.0,0.0,0.0,0.0,0.0,0.0,0.0,0.0,0.0,0.0,0.0,0.0,0.0,0.05,0.0,0.0,0.0,0.0,0.0,1.0,0.0,0.0,1,0,0,0,0,0,malicious,1,PartOfAHorizontalPortScan,CTU-IoT-Malware-Capture-1-1,1,packet_size,low
62,6,0.0,1,0,0.0,0.0,0.0,62,62,0.0,1,0,0,0,1.0,0.0,1,1,0.0,0.0,0,1,0,0,0,0,0,1,1.0,0.0,0.0,0.0,0.0,0.0,0.0,0.0,0.0,0.0,0.0,0.0,0.0,0.0,0.0,0.0,0.0,0.03333333333333333,0.0,0.0,0.0,0.0,0.0,1.0,0.0,0.0,1,0,0,0,0,0,malicious,1,PartOfAHorizontalPortScan,CTU-IoT-Malware-Capture-1-1,1,packet_size,low
40,17,0.0,1,0,0.0,0.0,0.0,40,40,0.0,1,0,0,0,1.0,0.0,1,1,0.0,0.0,0,1,0,0,0,0,0,1,1.0,0.0,0.0,0.0,0.0,0.0,0.0,0.0,0.0,0.0,0.0,0.0,0.0,0.0,0.0,0.0,0.0,0.0,0.0,0.0,0.0,0.0,0.0,1.0,0.0,1.0,0,0,0,0,0,0,benign,0,-,CTU-IoT-Malware-Capture-1-1,0,none,none
40,17,0.0,1,0,0.0,0.0,0.0,40,40,0.0,1,0,0,0,1.0,0.0,1,1,0.0,0.0,0,1,0,0,0,0,0,1,1.0,0.0,0.0,0.0,0.0,0.0,0.0,0.0,0.0,0.0,0.0,0.0,0.0,0.0,0.0,0.0,0.0,0.0,0.0,0.0,0.0,0.0,0.0,1.0,0.0,1.0,0,0,0,0,0,0,benign,0,-,CTU-IoT-Malware-Capture-1-1,0,none,none
40,17,0.0,1,0,0.0,0.0,0.0,40,40,0.0,1,0,0,0,1.0,0.0,1,1,0.0,0.0,0,1,0,0,0,0,0,1,1.0,0.0,0.0,0.0,0.0,0.0,0.0,0.0,0.0,0.0,0.0,0.0,0.0,0.0,0.0,0.0,0.0,0.0,0.0,0.0,0.0,0.0,0.0,1.0,0.0,1.0,0,0,0,0,0,0,benign,0,-,CTU-IoT-Malware-Capture-1-1,0,none,none
40,17,0.0,1,0,0.0,0.0,0.0,40,40,0.0,1,0,0,0,1.0,0.0,1,1,0.0,0.0,0,1,0,0,0,0,0,1,1.0,0.0,0.0,0.0,0.0,0.0,0.0,0.0,0.0,0.0,0.0,0.0,0.0,0.0,0.0,0.0,0.0,0.0,0.0,0.0,0.0,0.0,0.0,1.0,0.0,1.0,0,0,0,0,0,0,benign,0,-,CTU-IoT-Malware-Capture-1-1,0,none,none
219,6,2.998805,3,0,1.0003984920660063,0.0,0.0,219,219,0.0,3,0,0,0,3.0,0.0,1,1,0.0,0.0,0,1,0,0,0,0,0,1,1.0,0.0,0.0,0.0,0.0,0.0,0.0,0.0,0.0,0.0,0.0,0.0,0.0,0.0,0.0,0.0,2.998805,0.21666666666666667,0.0,0.0,0.0,0.0,0.0,1.0,0.0,0.0,1,0,0,0,0,0,malicious,1,PartOfAHorizontalPortScan,CTU-IoT-Malware-Capture-1-1,1,packet_size,low
40,17,0.0,1,0,0.0,0.0,0.0,40,40,0.0,1,0,0,0,1.0,0.0,1,1,0.0,0.0,0,1,0,0,0,0,0,1,1.0,0.0,0.0,0.0,0.0,0.0,0.0,0.0,0.0,0.0,0.0,0.0,0.0,0.0,0.0,0.0,0.0,0.0,0.0,0.0,0.0,0.0,0.0,1.0,0.0,1.0,0,0,0,0,0,0,benign,0,-,CTU-IoT-Malware-Capture-1-1,0,none,none
185,6,2.998828,3,0,1.000390819346758,0.0,0.0,185,185,0.0,3,0,0,0,3.0,0.0,1,1,0.0,0.0,0,1,0,0,0,0,0,1,1.0,0.0,0.0,0.0,0.0,0.0,0.0,0.0,0.0,0.0,0.0,0.0,0.0,0.0,0.0,0.0,2.998828,0.027777777777777776,0.0,0.0,0.0,0.0,0.0,1.0,0.0,0.0,1,0,0,0,0,0,malicious,1,PartOfAHorizontalPortScan,CTU-IoT-Malware-Capture-1-1,1,packet_size,low
51,6,0.0,1,0,0.0,0.0,0.0,51,51,0.0,1,0,0,0,1.0,0.0,1,1,0.0,0.0,0,1,0,0,0,0,0,1,1.0,0.0,0.0,0.0,0.0,0.0,0.0,0.0,0.0,0.0,0.0,0.0,0.0,0.0,0.0,0.0,0.0,0.15,0.0,0.0,0.0,0.0,0.0,1.0,0.0,0.0,1,0,0,0,0,0,malicious,1,PartOfAHorizontalPortScan,CTU-IoT-Malware-Capture-1-1,1,packet_size,low
63,6,0.0,1,0,0.0,0.0,0.0,63,63,0.0,1,0,0,0,1.0,0.0,1,1,0.0,0.0,0,1,0,0,0,0,0,1,1.0,0.0,0.0,0.0,0.0,0.0,0.0,0.0,0.0,0.0,0.0,0.0,0.0,0.0,0.0,0.0,0.0,0.05,0.0,0.0,0.0,0.0,0.0,1.0,0.0,0.0,1,0,0,0,0,0,malicious,1,PartOfAHorizontalPortScan,CTU-IoT-Malware-Capture-1-1,1,packet_size,low
48,6,0.0,1,0,0.0,0.0,0.0,48,48,0.0,1,0,0,0,1.0,0.0,1,1,0.0,0.0,0,1,0,0,0,0,0,1,1.0,0.0,0.0,0.0,0.0,0.0,0.0,0.0,0.0,0.0,0.0,0.0,0.0,0.0,0.0,0.0,0.0,0.2,0.0,0.0,0.0,0.0,0.0,1.0,0.0,0.0,1,0,0,0,0,0,malicious,1,PartOfAHorizontalPortScan,CTU-IoT-Malware-Capture-1-1,1,packet_size,low
51,6,0.0,1,0,0.0,0.0,0.0,51,51,0.0,1,0,0,0,1.0,0.0,1,1,0.0,0.0,0,1,0,0,0,0,0,1,1.0,0.0,0.0,0.0,0.0,0.0,0.0,0.0,0.0,0.0,0.0,0.0,0.0,0.0,0.0,0.0,0.0,0.15,0.0,0.0,0.0,0.0,0.0,1.0,0.0,0.0,1,0,0,0,0,0,malicious,1,PartOfAHorizontalPortScan,CTU-IoT-Malware-Capture-1-1,1,packet_size,low
180,6,2.999056,3,0,1.0003147657129443,0.0,0.0,180,180,0.0,3,0,0,0,3.0,0.0,1,1,0.0,0.0,0,1,0,0,0,0,0,1,1.0,0.0,0.0,0.0,0.0,0.0,0.0,0.0,0.0,0.0,0.0,0.0,0.0,0.0,0.0,0.0,2.999056,0.0,0.0,0.0,0.0,0.0,0.0,1.0,0.0,1.0,0,0,0,0,0,0,benign,0,-,CTU-IoT-Malware-Capture-1-1,0,none,none
40,17,0.0,1,0,0.0,0.0,0.0,40,40,0.0,1,0,0,0,1.0,0.0,1,1,0.0,0.0,0,1,0,0,0,0,0,1,1.0,0.0,0.0,0.0,0.0,0.0,0.0,0.0,0.0,0.0,0.0,0.0,0.0,0.0,0.0,0.0,0.0,0.0,0.0,0.0,0.0,0.0,0.0,1.0,0.0,1.0,0,0,0,0,0,0,benign,0,-,CTU-IoT-Malware-Capture-1-1,0,none,none
61,6,0.0,1,0,0.0,0.0,0.0,61,61,0.0,1,0,0,0,1.0,0.0,1,1,0.0,0.0,0,1,0,0,0,0,0,1,1.0,0.0,0.0,0.0,0.0,0.0,0.0,0.0,0.0,0.0,0.0,0.0,0.0,0.0,0.0,0.0,0.0,0.016666666666666666,0.0,0.0,0.0,0.0,0.0,1.0,0.0,0.0,1,0,0,0,0,0,malicious,1,PartOfAHorizontalPortScan,CTU-IoT-Malware-Capture-1-1,1,packet_size,low
68,1,0.0,1,0,0.0,0.0,0.0,68,68,0.0,1,0,0,0,1.0,0.0,1,1,0.0,0.0,0,0,0,0,0,0,0,0,0.0,0.0,0.0,0.0,0.0,0.0,0.0,0.0,0.0,0.0,0.0,0.0,0.0,0.0,0.0,0.0,0.0,0.0,0.0,0.0,0.0,0.0,0.0,1.0,0.0,1.0,0,0,0,0,0,0,benign,0,-,CTU-IoT-Malware-Capture-1-1,0,none,none
179,6,2.999065,3,0,1.0003117638330614,0.0,0.0,179,179,0.0,3,0,0,0,3.0,0.0,1,1,0.0,0.0,0,1,0,0,0,0,0,1,1.0,0.0,0.0,0.0,0.0,0.0,0.0,0.0,0.0,0.0,0.0,0.0,0.0,0.0,0.0,0.0,2.999065,0.005555555555555556,0.0,0.0,0.0,0.0,0.0,1.0,0.0,0.0,1,0,0,0,0,0,malicious,1,PartOfAHorizontalPortScan,CTU-IoT-Malware-Capture-1-1,1,packet_size,low
40,17,0.0,1,0,0.0,0.0,0.0,40,40,0.0,1,0,0,0,1.0,0.0,1,1,0.0,0.0,0,1,0,0,0,0,0,1,1.0,0.0,0.0,0.0,0.0,0.0,0.0,0.0,0.0,0.0,0.0,0.0,0.0,0.0,0.0,0.0,0.0,0.0,0.0,0.0,0.0,0.0,0.0,1.0,0.0,1.0,0,0,0,0,0,0,benign,0,-,CTU-IoT-Malware-Capture-1-1,0,none,none
40,17,0.0,1,0,0.0,0.0,0.0,40,40,0.0,1,0,0,0,1.0,0.0,1,1,0.0,0.0,0,1,0,0,0,0,0,1,1.0,0.0,0.0,0.0,0.0,0.0,0.0,0.0,0.0,0.0,0.0,0.0,0.0,0.0,0.0,0.0,0.0,0.0,0.0,0.0,0.0,0.0,0.0,1.0,0.0,1.0,0,0,0,0,0,0,benign,0,-,CTU-IoT-Malware-Capture-1-1,0,none,none
40,17,0.0,1,0,0.0,0.0,0.0,40,40,0.0,1,0,0,0,1.0,0.0,1,1,0.0,0.0,0,1,0,0,0,0,0,1,1.0,0.0,0.0,0.0,0.0,0.0,0.0,0.0,0.0,0.0,0.0,0.0,0.0,0.0,0.0,0.0,0.0,0.0,0.0,0.0,0.0,0.0,0.0,1.0,0.0,1.0,0,0,0,0,0,0,benign,0,-,CTU-IoT-Malware-Capture-1-1,0,none,none
55,6,0.0,1,0,0.0,0.0,0.0,55,55,0.0,1,0,0,0,1.0,0.0,1,1,0.0,0.0,0,1,0,0,0,0,0,1,1.0,0.0,0.0,0.0,0.0,0.0,0.0,0.0,0.0,0.0,0.0,0.0,0.0,0.0,0.0,0.0,0.0,0.08333333333333333,0.0,0.0,0.0,0.0,0.0,1.0,0.0,0.0,1,0,0,0,0,0,malicious,1,PartOfAHorizontalPortScan,CTU-IoT-Malware-Capture-1-1,1,packet_size,low
168,6,2.998826,3,0,1.000391486535064,0.0,0.0,168,168,0.0,3,0,0,0,3.0,0.0,1,1,0.0,0.0,0,1,0,0,0,0,0,1,1.0,0.0,0.0,0.0,0.0,0.0,0.0,0.0,0.0,0.0,0.0,0.0,0.0,0.0,0.0,0.0,2.998826,0.06666666666666667,0.0,0.0,0.0,0.0,0.0,1.0,0.0,0.0,1,0,0,0,0,0,malicious,1,PartOfAHorizontalPortScan,CTU-IoT-Malware-Capture-1-1,1,packet_size,low
73,6,0.0,1,0,0.0,0.0,0.0,73,73,0.0,1,0,0,0,1.0,0.0,1,1,0.0,0.0,0,1,0,0,0,0,0,1,1.0,0.0,0.0,0.0,0.0,0.0,0.0,0.0,0.0,0.0,0.0,0.0,0.0,0.0,0.0,0.0,0.0,0.21666666666666667,0.0,0.0,0.0,0.0,0.0,1.0,0.0,0.0,1,0,0,0,0,0,malicious,1,PartOfAHorizontalPortScan,CTU-IoT-Malware-Capture-1-1,1,packet_size,low
51,6,0.0,1,0,0.0,0.0,0.0,51,51,0.0,1,0,0,0,1.0,0.0,1,1,0.0,0.0,0,1,0,0,0,0,0,1,1.0,0.0,0.0,0.0,0.0,0.0,0.0,0.0,0.0,0.0,0.0,0.0,0.0,0.0,0.0,0.0,0.0,0.15,0.0,0.0,0.0,0.0,0.0,1.0,0.0,0.0,1,0,0,0,0,0,malicious,1,PartOfAHorizontalPortScan,CTU-IoT-Malware-Capture-1-1,1,packet_size,low
60,6,0.0,1,0,0.0,0.0,0.0,60,60,0.0,1,0,0,0,1.0,0.0,1,1,0.0,0.0,0,1,0,0,0,0,0,1,1.0,0.0,0.0,0.0,0.0,0.0,0.0,0.0,0.0,0.0,0.0,0.0,0.0,0.0,0.0,0.0,0.0,0.0,0.0,0.0,0.0,0.0,0.0,1.0,0.0,1.0,0,0,0,0,0,0,benign,0,-,CTU-IoT-Malware-Capture-1-1,0,none,none
55,6,0.0,1,0,0.0,0.0,0.0,55,55,0.0,1,0,0,0,1.0,0.0,1,1,0.0,0.0,0,1,0,0,0,0,0,1,1.0,0.0,0.0,0.0,0.0,0.0,0.0,0.0,0.0,0.0,0.0,0.0,0.0,0.0,0.0,0.0,0.0,0.08333333333333333,0.0,0.0,0.0,0.0,0.0,1.0,0.0,0.0,1,0,0,0,0,0,malicious,1,PartOfAHorizontalPortScan,CTU-IoT-Malware-Capture-1-1,1,packet_size,low
198,6,2.998567,3,0,1.0004778949411501,0.0,0.0,198,198,0.0,3,0,0,0,3.0,0.0,1,1,0.0,0.0,0,1,0,0,0,0,0,1,1.0,0.0,0.0,0.0,0.0,0.0,0.0,0.0,0.0,0.0,0.0,0.0,0.0,0.0,0.0,0.0,2.998567,0.1,0.0,0.0,0.0,0.0,0.0,1.0,0.0,0.0,1,0,0,0,0,0,malicious,1,PartOfAHorizontalPortScan,CTU-IoT-Malware-Capture-1-1,1,packet_size,low
59,6,0.0,1,0,0.0,0.0,0.0,59,59,0.0,1,0,0,0,1.0,0.0,1,1,0.0,0.0,0,1,0,0,0,0,0,1,1.0,0.0,0.0,0.0,0.0,0.0,0.0,0.0,0.0,0.0,0.0,0.0,0.0,0.0,0.0,0.0,0.0,0.016666666666666666,0.0,0.0,0.0,0.0,0.0,1.0,0.0,0.0,1,0,0,0,0,0,malicious,1,PartOfAHorizontalPortScan,CTU-IoT-Malware-Capture-1-1,1,packet_size,low
40,17,0.0,1,0,0.0,0.0,0.0,40,40,0.0,1,0,0,0,1.0,0.0,1,1,0.0,0.0,0,1,0,0,0,0,0,1,1.0,0.0,0.0,0.0,0.0,0.0,0.0,0.0,0.0,0.0,0.0,0.0,0.0,0.0,0.0,0.0,0.0,0.0,0.0,0.0,0.0,0.0,0.0,1.0,0.0,1.0,0,0,0,0,0,0,benign,0,-,CTU-IoT-Malware-Capture-1-1,0,none,none
40,17,0.0,1,0,0.0,0.0,0.0,40,40,0.0,1,0,0,0,1.0,0.0,1,1,0.0,0.0,0,1,0,0,0,0,0,1,1.0,0.0,0.0,0.0,0.0,0.0,0.0,0.0,0.0,0.0,0.0,0.0,0.0,0.0,0.0,0.0,0.0,0.0,0.0,0.0,0.0,0.0,0.0,1.0,0.0,1.0,0,0,0,0,0,0,benign,0,-,CTU-IoT-Malware-Capture-1-1,0,none,none
68,6,0.0,1,0,0.0,0.0,0.0,68,68,0.0,1,0,0,0,1.0,0.0,1,1,0.0,0.0,0,1,0,0,0,0,0,1,1.0,0.0,0.0,0.0,0.0,0.0,0.0,0.0,0.0,0.0,0.0,0.0,0.0,0.0,0.0,0.0,0.0,0.13333333333333333,0.0,0.0,0.0,0.0,0.0,1.0,0.0,0.0,1,0,0,0,0,0,malicious,1,PartOfAHorizontalPortScan,CTU-IoT-Malware-Capture-1-1,1,packet_size,low
47,6,0.0,1,0,0.0,0.0,0.0,47,47,0.0,1,0,0,0,1.0,0.0,1,1,0.0,0.0,0,1,0,0,0,0,0,1,1.0,0.0,0.0,0.0,0.0,0.0,0.0,0.0,0.0,0.0,0.0,0.0,0.0,0.0,0.0,0.0,0.0,0.21666666666666667,0.0,0.0,0.0,0.0,0.0,1.0,0.0,0.0,1,0,0,0,0,0,malicious,1,PartOfAHorizontalPortScan,CTU-IoT-Malware-Capture-1-1,1,packet_size,low
40,17,0.0,1,0,0.0,0.0,0.0,40,40,0.0,1,0,0,0,1.0,0.0,1,1,0.0,0.0,0,1,0,0,0,0,0,1,1.0,0.0,0.0,0.0,0.0,0.0,0.0,0.0,0.0,0.0,0.0,0.0,0.0,0.0,0.0,0.0,0.0,0.0,0.0,0.0,0.0,0.0,0.0,1.0,0.0,1.0,0,0,0,0,0,0,benign,0,-,CTU-IoT-Malware-Capture-1-1,0,none,none
61,6,0.0,1,0,0.0,0.0,0.0,61,61,0.0,1,0,0,0,1.0,0.0,1,1,0.0,0.0,0,1,0,0,0,0,0,1,1.0,0.0,0.0,0.0,0.0,0.0,0.0,0.0,0.0,0.0,0.0,0.0,0.0,0.0,0.0,0.0,0.0,0.016666666666666666,0.0,0.0,0.0,0.0,0.0,1.0,0.0,0.0,1,0,0,0,0,0,malicious,1,PartOfAHorizontalPortScan,CTU-IoT-Malware-Capture-1-1,1,packet_size,low
60,6,0.0,1,0,0.0,0.0,0.0,60,60,0.0,1,0,0,0,1.0,0.0,1,1,0.0,0.0,0,1,0,0,0,0,0,1,1.0,0.0,0.0,0.0,0.0,0.0,0.0,0.0,0.0,0.0,0.0,0.0,0.0,0.0,0.0,0.0,0.0,0.0,0.0,0.0,0.0,0.0,0.0,1.0,0.0,1.0,0,0,0,0,0,0,benign,0,-,CTU-IoT-Malware-Capture-1-1,0,none,none
40,17,0.0,1,0,0.0,0.0,0.0,40,40,0.0,1,0,0,0,1.0,0.0,1,1,0.0,0.0,0,1,0,0,0,0,0,1,1.0,0.0,0.0,0.0,0.0,0.0,0.0,0.0,0.0,0.0,0.0,0.0,0.0,0.0,0.0,0.0,0.0,0.0,0.0,0.0,0.0,0.0,0.0,1.0,0.0,1.0,0,0,0,0,0,0,benign,0,-,CTU-IoT-Malware-Capture-1-1,0,none,none
180,6,2.998825,3,0,1.0003918201295507,0.0,0.0,180,180,0.0,3,0,0,0,3.0,0.0,1,1,0.0,0.0,0,1,0,0,0,0,0,1,1.0,0.0,0.0,0.0,0.0,0.0,0.0,0.0,0.0,0.0,0.0,0.0,0.0,0.0,0.0,0.0,2.998825,0.0,0.0,0.0,0.0,0.0,0.0,1.0,0.0,1.0,0,0,0,0,0,0,benign,0,-,CTU-IoT-Malware-Capture-1-1,0,none,none
74,6,0.0,1,0,0.0,0.0,0.0,74,74,0.0,1,0,0,0,1.0,0.0,1,1,0.0,0.0,0,1,0,0,0,0,0,1,1.0,0.0,0.0,0.0,0.0,0.0,0.0,0.0,0.0,0.0,0.0,0.0,0.0,0.0,0.0,0.0,0.0,0.23333333333333334,0.0,0.0,0.0,0.0,0.0,1.0,0.0,0.0,1,0,0,0,0,0,malicious,1,PartOfAHorizontalPortScan,CTU-IoT-Malware-Capture-1-1,1,packet_size,low
40,17,0.0,1,0,0.0,0.0,0.0,40,40,0.0,1,0,0,0,1.0,0.0,1,1,0.0,0.0,0,1,0,0,0,0,0,1,1.0,0.0,0.0,0.0,0.0,0.0,0.0,0.0,0.0,0.0,0.0,0.0,0.0,0.0,0.0,0.0,0.0,0.0,0.0,0.0,0.0,0.0,0.0,1.0,0.0,1.0,0,0,0,0,0,0,benign,0,-,CTU-IoT-Malware-Capture-1-1,0,none,none
40,17,0.0,1,0,0.0,0.0,0.0,40,40,0.0,1,0,0,0,1.0,0.0,1,1,0.0,0.0,0,1,0,0,0,0,0,1,1.0,0.0,0.0,0.0,0.0,0.0,0.0,0.0,0.0,0.0,0.0,0.0,0.0,0.0,0.0,0.0,0.0,0.0,0.0,0.0,0.0,0.0,0.0,1.0,0.0,1.0,0,0,0,0,0,0,benign,0,-,CTU-IoT-Malware-Capture-1-1,0,none,none
55,6,0.0,1,0,0.0,0.0,0.0,55,55,0.0,1,0,0,0,1.0,0.0,1,1,0.0,0.0,0,1,0,0,0,0,0,1,1.0,0.0,0.0,0.0,0.0,0.0,0.0,0.0,0.0,0.0,0.0,0.0,0.0,0.0,0.0,0.0,0.0,0.08333333333333333,0.0,0.0,0.0,0.0,0.0,1.0,0.0,0.0,1,0,0,0,0,0,malicious,1,PartOfAHorizontalPortScan,CTU-IoT-Malware-Capture-1-1,1,packet_size,low
201,6,2.999063,3,0,1.0003124309159228,0.0,0.0,201,201,0.0,3,0,0,0,3.0,0.0,1,1,0.0,0.0,0,1,0,0,0,0,0,1,1.0,0.0,0.0,0.0,0.0,0.0,0.0,0.0,0.0,0.0,0.0,0.0,0.0,0.0,0.0,0.0,2.999063,0.11666666666666667,0.0,0.0,0.0,0.0,0.0,1.0,0.0,0.0,1,0,0,0,0,0,malicious,1,PartOfAHorizontalPortScan,CTU-IoT-Malware-Capture-1-1,1,packet_size,low
165,6,2.998578,3,0,1.0004742247825469,0.0,0.0,165,165,0.0,3,0,0,0,3.0,0.0,1,1,0.0,0.0,0,1,0,0,0,0,0,1,1.0,0.0,0.0,0.0,0.0,0.0,0.0,0.0,0.0,0.0,0.0,0.0,0.0,0.0,0.0,0.0,2.998578,0.08333333333333333,0.0,0.0,0.0,0.0,0.0,1.0,0.0,0.0,1,0,0,0,0,0,malicious,1,PartOfAHorizontalPortScan,CTU-IoT-Malware-Capture-1-1,1,packet_size,low
65,6,0.0,1,0,0.0,0.0,0.0,65,65,0.0,1,0,0,0,1.0,0.0,1,1,0.0,0.0,0,1,0,0,0,0,0,1,1.0,0.0,0.0,0.0,0.0,0.0,0.0,0.0,0.0,0.0,0.0,0.0,0.0,0.0,0.0,0.0,0.0,0.08333333333333333,0.0,0.0,0.0,0.0,0.0,1.0,0.0,0.0,1,0,0,0,0,0,malicious,1,PartOfAHorizontalPortScan,CTU-IoT-Malware-Capture-1-1,1,packet_size,low
217,6,2.998315,3,0,1.0005619823133993,0.0,0.0,217,217,0.0,3,0,0,0,3.0,0.0,1,1,0.0,0.0,0,1,0,0,0,0,0,1,1.0,0.0,0.0,0.0,0.0,0.0,0.0,0.0,0.0,0.0,0.0,0.0,0.0,0.0,0.0,0.0,2.998315,0.20555555555555555,0.0,0.0,0.0,0.0,0.0,1.0,0.0,0.0,1,0,0,0,0,0,malicious,1,PartOfAHorizontalPortScan,CTU-IoT-Malware-Capture-1-1,1,packet_size,low
57,6,0.0,1,0,0.0,0.0,0.0,57,57,0.0,1,0,0,0,1.0,0.0,1,1,0.0,0.0,0,1,0,0,0,0,0,1,1.0,0.0,0.0,0.0,0.0,0.0,0.0,0.0,0.0,0.0,0.0,0.0,0.0,0.0,0.0,0.0,0.0,0.05,0.0,0.0,0.0,0.0,0.0,1.0,0.0,0.0,1,0,0,0,0,0,malicious,1,PartOfAHorizontalPortScan,CTU-IoT-Malware-Capture-1-1,1,packet_size,low
186,6,2.998811,3,0,1.0003964904757252,0.0,0.0,186,186,0.0,3,0,0,0,3.0,0.0,1,1,0.0,0.0,0,1,0,0,0,0,0,1,1.0,0.0,0.0,0.0,0.0,0.0,0.0,0.0,0.0,0.0,0.0,0.0,0.0,0.0,0.0,0.0,2.998811,0.03333333333333333,0.0,0.0,0.0,0.0,0.0,1.0,0.0,0.0,1,0,0,0,0,0,malicious,1,PartOfAHorizontalPortScan,CTU-IoT-Malware-Capture-1-1,1,packet_size,low
62,6,0.0,1,0,0.0,0.0,0.0,62,62,0.0,1,0,0,0,1.0,0.0,1,1,0.0,0.0,0,1,0,0,0,0,0,1,1.0,0.0,0.0,0.0,0.0,0.0,0.0,0.0,0.0,0.0,0.0,0.0,0.0,0.0,0.0,0.0,0.0,0.03333333333333333,0.0,0.0,0.0,0.0,0.0,1.0,0.0,0.0,1,0,0,0,0,0,malicious,1,PartOfAHorizontalPortScan,CTU-IoT-Malware-Capture-1-1,1,packet_size,low
40,17,0.0,1,0,0.0,0.0,0.0,40,40,0.0,1,0,0,0,1.0,0.0,1,1,0.0,0.0,0,1,0,0,0,0,0,1,1.0,0.0,0.0,0.0,0.0,0.0,0.0,0.0,0.0,0.0,0.0,0.0,0.0,0.0,0.0,0.0,0.0,0.0,0.0,0.0,0.0,0.0,0.0,1.0,0.0,1.0,0,0,0,0,0,0,benign,0,-,CTU-IoT-Malware-Capture-1-1,0,none,none
40,17,0.0,1,0,0.0,0.0,0.0,40,40,0.0,1,0,0,0,1.0,0.0,1,1,0.0,0.0,0,1,0,0,0,0,0,1,1.0,0.0,0.0,0.0,0.0,0.0,0.0,0.0,0.0,0.0,0.0,0.0,0.0,0.0,0.0,0.0,0.0,0.0,0.0,0.0,0.0,0.0,0.0,1.0,0.0,1.0,0,0,0,0,0,0,benign,0,-,CTU-IoT-Malware-Capture-1-1,0,none,none
184,6,2.999057,3,0,1.0003144321698454,0.0,0.0,184,184,0.0,3,0,0,0,3.0,0.0,1,1,0.0,0.0,0,1,0,0,0,0,0,1,1.0,0.0,0.0,0.0,0.0,0.0,0.0,0.0,0.0,0.0,0.0,0.0,0.0,0.0,0.0,0.0,2.999057,0.022222222222222223,0.0,0.0,0.0,0.0,0.0,1.0,0.0,0.0,1,0,0,0,0,0,malicious,1,PartOfAHorizontalPortScan,CTU-IoT-Malware-Capture-1-1,1,packet_size,low
40,17,0.0,1,0,0.0,0.0,0.0,40,40,0.0,1,0,0,0,1.0,0.0,1,1,0.0,0.0,0,1,0,0,0,0,0,1,1.0,0.0,0.0,0.0,0.0,0.0,0.0,0.0,0.0,0.0,0.0,0.0,0.0,0.0,0.0,0.0,0.0,0.0,0.0,0.0,0.0,0.0,0.0,1.0,0.0,1.0,0,0,0,0,0,0,benign,0,-,CTU-IoT-Malware-Capture-1-1,0,none,none
40,17,0.0,1,0,0.0,0.0,0.0,40,40,0.0,1,0,0,0,1.0,0.0,1,1,0.0,0.0,0,1,0,0,0,0,0,1,1.0,0.0,0.0,0.0,0.0,0.0,0.0,0.0,0.0,0.0,0.0,0.0,0.0,0.0,0.0,0.0,0.0,0.0,0.0,0.0,0.0,0.0,0.0,1.0,0.0,1.0,0,0,0,0,0,0,benign,0,-,CTU-IoT-Malware-Capture-1-1,0,none,none
40,17,0.0,1,0,0.0,0.0,0.0,40,40,0.0,1,0,0,0,1.0,0.0,1,1,0.0,0.0,0,1,0,0,0,0,0,1,1.0,0.0,0.0,0.0,0.0,0.0,0.0,0.0,0.0,0.0,0.0,0.0,0.0,0.0,0.0,0.0,0.0,0.0,0.0,0.0,0.0,0.0,0.0,1.0,0.0,1.0,0,0,0,0,0,0,benign,0,-,CTU-IoT-Malware-Capture-1-1,0,none,none
132,6,2.998831,3,0,1.0003898185659679,0.0,0.0,132,132,0.0,3,0,0,0,3.0,0.0,1,1,0.0,0.0,0,1,0,0,0,0,0,1,1.0,0.0,0.0,0.0,0.0,0.0,0.0,0.0,0.0,0.0,0.0,0.0,0.0,0.0,0.0,0.0,2.998831,0.26666666666666666,0.0,0.0,0.0,0.0,0.0,1.0,0.0,0.0,1,0,0,0,0,0,malicious,1,PartOfAHorizontalPortScan,CTU-IoT-Malware-Capture-1-1,1,packet_size,low
60,6,0.0,1,0,0.0,0.0,0.0,60,60,0.0,1,0,0,0,1.0,0.0,1,1,0.0,0.0,0,1,0,0,0,0,0,1,1.0,0.0,0.0,0.0,0.0,0.0,0.0,0.0,0.0,0.0,0.0,0.0,0.0,0.0,0.0,0.0,0.0,0.0,0.0,0.0,0.0,0.0,0.0,1.0,0.0,1.0,0,0,0,0,0,0,benign,0,-,CTU-IoT-Malware-Capture-1-1,0,none,none
40,17,0.0,1,0,0.0,0.0,0.0,40,40,0.0,1,0,0,0,1.0,0.0,1,1,0.0,0.0,0,1,0,0,0,0,0,1,1.0,0.0,0.0,0.0,0.0,0.0,0.0,0.0,0.0,0.0,0.0,0.0,0.0,0.0,0.0,0.0,0.0,0.0,0.0,0.0,0.0,0.0,0.0,1.0,0.0,1.0,0,0,0,0,0,0,benign,0,-,CTU-IoT-Malware-Capture-1-1,0,none,none
54,6,0.0,1,0,0.0,0.0,0.0,54,54,0.0,1,0,0,0,1.0,0.0,1,1,0.0,0.0,0,1,0,0,0,0,0,1,1.0,0.0,0.0,0.0,0.0,0.0,0.0,0.0,0.0,0.0,0.0,0.0,0.0,0.0,0.0,0.0,0.0,0.1,0.0,0.0,0.0,0.0,0.0,1.0,0.0,0.0,1,0,0,0,0,0,malicious,1,PartOfAHorizontalPortScan,CTU-IoT-Malware-Capture-1-1,1,packet_size,low
62,6,0.0,1,0,0.0,0.0,0.0,62,62,0.0,1,0,0,0,1.0,0.0,1,1,0.0,0.0,0,1,0,0,0,0,0,1,1.0,0.0,0.0,0.0,0.0,0.0,0.0,0.0,0.0,0.0,0.0,0.0,0.0,0.0,0.0,0.0,0.0,0.03333333333333333,0.0,0.0,0.0,0.0,0.0,1.0,0.0,0.0,1,0,0,0,0,0,malicious,1,PartOfAHorizontalPortScan,CTU-IoT-Malware-Capture-1-1,1,packet_size,low
40,17,0.0,1,0,0.0,0.0,0.0,40,40,0.0,1,0,0,0,1.0,0.0,1,1,0.0,0.0,0,1,0,0,0,0,0,1,1.0,0.0,0.0,0.0,0.0,0.0,0.0,0.0,0.0,0.0,0.0,0.0,0.0,0.0,0.0,0.0,0.0,0.0,0.0,0.0,0.0,0.0,0.0,1.0,0.0,1.0,0,0,0,0,0,0,benign,0,-,CTU-IoT-Malware-Capture-1-1,0,none,none
65,6,0.0,1,0,0.0,0.0,0.0,65,65,0.0,1,0,0,0,1.0,0.0,1,1,0.0,0.0,0,1,0,0,0,0,0,1,1.0,0.0,0.0,0.0,0.0,0.0,0.0,0.0,0.0,0.0,0.0,0.0,0.0,0.0,0.0,0.0,0.0,0.08333333333333333,0.0,0.0,0.0,0.0,0.0,1.0,0.0,0.0,1,0,0,0,0,0,malicious,1,PartOfAHorizontalPortScan,CTU-IoT-Malware-Capture-1-1,1,packet_size,low
216,6,2.999066,3,0,1.0003114302919642,0.0,0.0,216,216,0.0,3,0,0,0,3.0,0.0,1,1,0.0,0.0,0,1,0,0,0,0,0,1,1.0,0.0,0.0,0.0,0.0,0.0,0.0,0.0,0.0,0.0,0.0,0.0,0.0,0.0,0.0,0.0,2.999066,0.2,0.0,0.0,0.0,0.0,0.0,1.0,0.0,0.0,1,0,0,0,0,0,malicious,1,PartOfAHorizontalPortScan,CTU-IoT-Malware-Capture-1-1,1,packet_size,low
40,17,0.0,1,0,0.0,0.0,0.0,40,40,0.0,1,0,0,0,1.0,0.0,1,1,0.0,0.0,0,1,0,0,0,0,0,1,1.0,0.0,0.0,0.0,0.0,0.0,0.0,0.0,0.0,0.0,0.0,0.0,0.0,0.0,0.0,0.0,0.0,0.0,0.0,0.0,0.0,0.0,0.0,1.0,0.0,1.0,0,0,0,0,0,0,benign,0,-,CTU-IoT-Malware-Capture-1-1,0,none,none
146,6,2.999058,3,0,1.000314098626969,0.0,0.0,146,146,0.0,3,0,0,0,3.0,0.0,1,1,0.0,0.0,0,1,0,0,0,0,0,1,1.0,0.0,0.0,0.0,0.0,0.0,0.0,0.0,0.0,0.0,0.0,0.0,0.0,0.0,0.0,0.0,2.999058,0.18888888888888888,0.0,0.0,0.0,0.0,0.0,1.0,0.0,0.0,1,0,0,0,0,0,malicious,1,PartOfAHorizontalPortScan,CTU-IoT-Malware-Capture-1-1,1,packet_size,low
40,17,0.0,1,0,0.0,0.0,0.0,40,40,0.0,1,0,0,0,1.0,0.0,1,1,0.0,0.0,0,1,0,0,0,0,0,1,1.0,0.0,0.0,0.0,0.0,0.0,0.0,0.0,0.0,0.0,0.0,0.0,0.0,0.0,0.0,0.0,0.0,0.0,0.0,0.0,0.0,0.0,0.0,1.0,0.0,1.0,0,0,0,0,0,0,benign,0,-,CTU-IoT-Malware-Capture-1-1,0,none,none
60,6,0.0,1,0,0.0,0.0,0.0,60,60,0.0,1,0,0,0,1.0,0.0,1,1,0.0,0.0,0,1,0,0,0,0,0,1,1.0,0.0,0.0,0.0,0.0,0.0,0.0,0.0,0.0,0.0,0.0,0.0,0.0,0.0,0.0,0.0,0.0,0.0,0.0,0.0,0.0,0.0,0.0,1.0,0.0,1.0,0,0,0,0,0,0,benign,0,-,CTU-IoT-Malware-Capture-1-1,0,none,none
54,6,0.0,1,0,0.0,0.0,0.0,54,54,0.0,1,0,0,0,1.0,0.0,1,1,0.0,0.0,0,1,0,0,0,0,0,1,1.0,0.0,0.0,0.0,0.0,0.0,0.0,0.0,0.0,0.0,0.0,0.0,0.0,0.0,0.0,0.0,0.0,0.1,0.0,0.0,0.0,0.0,0.0,1.0,0.0,0.0,1,0,0,0,0,0,malicious,1,PartOfAHorizontalPortScan,CTU-IoT-Malware-Capture-1-1,1,packet_size,low
55,6,0.0,1,0,0.0,0.0,0.0,55,55,0.0,1,0,0,0,1.0,0.0,1,1,0.0,0.0,0,1,0,0,0,0,0,1,1.0,0.0,0.0,0.0,0.0,0.0,0.0,0.0,0.0,0.0,0.0,0.0,0.0,0.0,0.0,0.0,0.0,0.08333333333333333,0.0,0.0,0.0,0.0,0.0,1.0,0.0,0.0,1,0,0,0,0,0,malicious,1,PartOfAHorizontalPortScan,CTU-IoT-Malware-Capture-1-1,1,packet_size,low
58,6,0.0,1,0,0.0,0.0,0.0,58,58,0.0,1,0,0,0,1.0,0.0,1,1,0.0,0.0,0,1,0,0,0,0,0,1,1.0,0.0,0.0,0.0,0.0,0.0,0.0,0.0,0.0,0.0,0.0,0.0,0.0,0.0,0.0,0.0,0.0,0.03333333333333333,0.0,0.0,0.0,0.0,0.0,1.0,0.0,0.0,1,0,0,0,0,0,malicious,1,PartOfAHorizontalPortScan,CTU-IoT-Malware-Capture-1-1,1,packet_size,low
74,6,0.0,1,0,0.0,0.0,0.0,74,74,0.0,1,0,0,0,1.0,0.0,1,1,0.0,0.0,0,1,0,0,0,0,0,1,1.0,0.0,0.0,0.0,0.0,0.0,0.0,0.0,0.0,0.0,0.0,0.0,0.0,0.0,0.0,0.0,0.0,0.23333333333333334,0.0,0.0,0.0,0.0,0.0,1.0,0.0,0.0,1,0,0,0,0,0,malicious,1,PartOfAHorizontalPortScan,CTU-IoT-Malware-Capture-1-1,1,packet_size,low
40,17,0.0,1,0,0.0,0.0,0.0,40,40,0.0,1,0,0,0,1.0,0.0,1,1,0.0,0.0,0,1,0,0,0,0,0,1,1.0,0.0,0.0,0.0,0.0,0.0,0.0,0.0,0.0,0.0,0.0,0.0,0.0,0.0,0.0,0.0,0.0,0.0,0.0,0.0,0.0,0.0,0.0,1.0,0.0,1.0,0,0,0,0,0,0,benign,0,-,CTU-IoT-Malware-Capture-1-1,0,none,none
40,17,0.0,1,0,0.0,0.0,0.0,40,40,0.0,1,0,0,0,1.0,0.0,1,1,0.0,0.0,0,1,0,0,0,0,0,1,1.0,0.0,0.0,0.0,0.0,0.0,0.0,0.0,0.0,0.0,0.0,0.0,0.0,0.0,0.0,0.0,0.0,0.0,0.0,0.0,0.0,0.0,0.0,1.0,0.0,1.0,0,0,0,0,0,0,benign,0,-,CTU-IoT-Malware-Capture-1-1,0,none,none
40,17,0.0,1,0,0.0,0.0,0.0,40,40,0.0,1,0,0,0,1.0,0.0,1,1,0.0,0.0,0,1,0,0,0,0,0,1,1.0,0.0,0.0,0.0,0.0,0.0,0.0,0.0,0.0,0.0,0.0,0.0,0.0,0.0,0.0,0.0,0.0,0.0,0.0,0.0,0.0,0.0,0.0,1.0,0.0,1.0,0,0,0,0,0,0,benign,0,-,CTU-IoT-Malware-Capture-1-1,0,none,none
60,6,0.0,1,0,0.0,0.0,0.0,60,60,0.0,1,0,0,0,1.0,0.0,1,1,0.0,0.0,0,1,0,0,0,0,0,1,1.0,0.0,0.0,0.0,0.0,0.0,0.0,0.0,0.0,0.0,0.0,0.0,0.0,0.0,0.0,0.0,0.0,0.0,0.0,0.0,0.0,0.0,0.0,1.0,0.0,1.0,0,0,0,0,0,0,benign,0,-,CTU-IoT-Malware-Capture-1-1,0,none,none
40,17,0.0,1,0,0.0,0.0,0.0,40,40,0.0,1,0,0,0,1.0,0.0,1,1,0.0,0.0,0,1,0,0,0,0,0,1,1.0,0.0,0.0,0.0,0.0,0.0,0.0,0.0,0.0,0.0,0.0,0.0,0.0,0.0,0.0,0.0,0.0,0.0,0.0,0.0,0.0,0.0,0.0,1.0,0.0,1.0,0,0,0,0,0,0,benign,0,-,CTU-IoT-Malware-Capture-1-1,0,none,none
40,17,0.0,1,0,0.0,0.0,0.0,40,40,0.0,1,0,0,0,1.0,0.0,1,1,0.0,0.0,0,1,0,0,0,0,0,1,1.0,0.0,0.0,0.0,0.0,0.0,0.0,0.0,0.0,0.0,0.0,0.0,0.0,0.0,0.0,0.0,0.0,0.0,0.0,0.0,0.0,0.0,0.0,1.0,0.0,1.0,0,0,0,0,0,0,benign,0,-,CTU-IoT-Malware-Capture-1-1,0,none,none
40,17,0.0,1,0,0.0,0.0,0.0,40,40,0.0,1,0,0,0,1.0,0.0,1,1,0.0,0.0,0,1,0,0,0,0,0,1,1.0,0.0,0.0,0.0,0.0,0.0,0.0,0.0,0.0,0.0,0.0,0.0,0.0,0.0,0.0,0.0,0.0,0.0,0.0,0.0,0.0,0.0,0.0,1.0,0.0,1.0,0,0,0,0,0,0,benign,0,-,CTU-IoT-Malware-Capture-1-1,0,none,none
57,6,0.0,1,0,0.0,0.0,0.0,57,57,0.0,1,0,0,0,1.0,0.0,1,1,0.0,0.0,0,1,0,0,0,0,0,1,1.0,0.0,0.0,0.0,0.0,0.0,0.0,0.0,0.0,0.0,0.0,0.0,0.0,0.0,0.0,0.0,0.0,0.05,0.0,0.0,0.0,0.0,0.0,1.0,0.0,0.0,1,0,0,0,0,0,malicious,1,PartOfAHorizontalPortScan,CTU-IoT-Malware-Capture-1-1,1,packet_size,low
40,17,0.0,1,0,0.0,0.0,0.0,40,40,0.0,1,0,0,0,1.0,0.0,1,1,0.0,0.0,0,1,0,0,0,0,0,1,1.0,0.0,0.0,0.0,0.0,0.0,0.0,0.0,0.0,0.0,0.0,0.0,0.0,0.0,0.0,0.0,0.0,0.0,0.0,0.0,0.0,0.0,0.0,1.0,0.0,1.0,0,0,0,0,0,0,benign,0,-,CTU-IoT-Malware-Capture-1-1,0,none,none
141,6,2.999302,3,0,1.0002327208130424,0.0,0.0,141,141,0.0,3,0,0,0,3.0,0.0,1,1,0.0,0.0,0,1,0,0,0,0,0,1,1.0,0.0,0.0,0.0,0.0,0.0,0.0,0.0,0.0,0.0,0.0,0.0,0.0,0.0,0.0,0.0,2.999302,0.21666666666666667,0.0,0.0,0.0,0.0,0.0,1.0,0.0,0.0,1,0,0,0,0,0,malicious,1,PartOfAHorizontalPortScan,CTU-IoT-Malware-Capture-1-1,1,packet_size,low
70,6,0.0,1,0,0.0,0.0,0.0,70,70,0.0,1,0,0,0,1.0,0.0,1,1,0.0,0.0,0,1,0,0,0,0,0,1,1.0,0.0,0.0,0.0,0.0,0.0,0.0,0.0,0.0,0.0,0.0,0.0,0.0,0.0,0.0,0.0,0.0,0.16666666666666666,0.0,0.0,0.0,0.0,0.0,1.0,0.0,0.0,1,0,0,0,0,0,malicious,1,PartOfAHorizontalPortScan,CTU-IoT-Malware-Capture-1-1,1,packet_size,low
48,6,0.0,1,0,0.0,0.0,0.0,48,48,0.0,1,0,0,0,1.0,0.0,1,1,0.0,0.0,0,1,0,0,0,0,0,1,1.0,0.0,0.0,0.0,0.0,0.0,0.0,0.0,0.0,0.0,0.0,0.0,0.0,0.0,0.0,0.0,0.0,0.2,0.0,0.0,0.0,0.0,0.0,1.0,0.0,0.0,1,0,0,0,0,0,malicious,1,PartOfAHorizontalPortScan,CTU-IoT-Malware-Capture-1-1,1,packet_size,low
40,17,0.0,1,0,0.0,0.0,0.0,40,40,0.0,1,0,0,0,1.0,0.0,1,1,0.0,0.0,0,1,0,0,0,0,0,1,1.0,0.0,0.0,0.0,0.0,0.0,0.0,0.0,0.0,0.0,0.0,0.0,0.0,0.0,0.0,0.0,0.0,0.0,0.0,0.0,0.0,0.0,0.0,1.0,0.0,1.0,0,0,0,0,0,0,benign,0,-,CTU-IoT-Malware-Capture-1-1,0,none,none
40,17,0.0,1,0,0.0,0.0,0.0,40,40,0.0,1,0,0,0,1.0,0.0,1,1,0.0,0.0,0,1,0,0,0,0,0,1,1.0,0.0,0.0,0.0,0.0,0.0,0.0,0.0,0.0,0.0,0.0,0.0,0.0,0.0,0.0,0.0,0.0,0.0,0.0,0.0,0.0,0.0,0.0,1.0,0.0,1.0,0,0,0,0,0,0,benign,0,-,CTU-IoT-Malware-Capture-1-1,0,none,none
60,6,0.0,1,0,0.0,0.0,0.0,60,60,0.0,1,0,0,0,1.0,0.0,1,1,0.0,0.0,0,1,0,0,0,0,0,1,1.0,0.0,0.0,0.0,0.0,0.0,0.0,0.0,0.0,0.0,0.0,0.0,0.0,0.0,0.0,0.0,0.0,0.0,0.0,0.0,0.0,0.0,0.0,1.0,0.0,1.0,0,0,0,0,0,0,benign,0,-,CTU-IoT-Malware-Capture-1-1,0,none,none
40,17,0.0,1,0,0.0,0.0,0.0,40,40,0.0,1,0,0,0,1.0,0.0,1,1,0.0,0.0,0,1,0,0,0,0,0,1,1.0,0.0,0.0,0.0,0.0,0.0,0.0,0.0,0.0,0.0,0.0,0.0,0.0,0.0,0.0,0.0,0.0,0.0,0.0,0.0,0.0,0.0,0.0,1.0,0.0,1.0,0,0,0,0,0,0,benign,0,-,CTU-IoT-Malware-Capture-1-1,0,none,none
77,6,0.0,1,0,0.0,0.0,0.0,77,77,0.0,1,0,0,0,1.0,0.0,1,1,0.0,0.0,0,1,0,0,0,0,0,1,1.0,0.0,0.0,0.0,0.0,0.0,0.0,0.0,0.0,0.0,0.0,0.0,0.0,0.0,0.0,0.0,0.0,0.2833333333333333,0.0,0.0,0.0,0.0,0.0,1.0,0.0,0.0,1,0,0,0,0,0,malicious,1,PartOfAHorizontalPortScan,CTU-IoT-Malware-Capture-1-1,1,packet_size,low
40,17,0.0,1,0,0.0,0.0,0.0,40,40,0.0,1,0,0,0,1.0,0.0,1,1,0.0,0.0,0,1,0,0,0,0,0,1,1.0,0.0,0.0,0.0,0.0,0.0,0.0,0.0,0.0,0.0,0.0,0.0,0.0,0.0,0.0,0.0,0.0,0.0,0.0,0.0,0.0,0.0,0.0,1.0,0.0,1.0,0,0,0,0,0,0,benign,0,-,CTU-IoT-Malware-Capture-1-1,0,none,none
68,1,0.0,1,0,0.0,0.0,0.0,68,68,0.0,1,0,0,0,1.0,0.0,1,1,0.0,0.0,0,0,0,0,0,0,0,0,0.0,0.0,0.0,0.0,0.0,0.0,0.0,0.0,0.0,0.0,0.0,0.0,0.0,0.0,0.0,0.0,0.0,0.0,0.0,0.0,0.0,0.0,0.0,1.0,0.0,1.0,0,0,0,0,0,0,benign,0,-,CTU-IoT-Malware-Capture-1-1,0,none,none
65,6,0.0,1,0,0.0,0.0,0.0,65,65,0.0,1,0,0,0,1.0,0.0,1,1,0.0,0.0,0,1,0,0,0,0,0,1,1.0,0.0,0.0,0.0,0.0,0.0,0.0,0.0,0.0,0.0,0.0,0.0,0.0,0.0,0.0,0.0,0.0,0.08333333333333333,0.0,0.0,0.0,0.0,0.0,1.0,0.0,0.0,1,0,0,0,0,0,malicious,1,PartOfAHorizontalPortScan,CTU-IoT-Malware-Capture-1-1,1,packet_size,low
180,6,2.998804,3,0,1.0003988256651652,0.0,0.0,180,180,0.0,3,0,0,0,3.0,0.0,1,1,0.0,0.0,0,1,0,0,0,0,0,1,1.0,0.0,0.0,0.0,0.0,0.0,0.0,0.0,0.0,0.0,0.0,0.0,0.0,0.0,0.0,0.0,2.998804,0.0,0.0,0.0,0.0,0.0,0.0,1.0,0.0,1.0,0,0,0,0,0,0,benign,0,-,CTU-IoT-Malware-Capture-1-1,0,none,none
60,6,0.0,1,0,0.0,0.0,0.0,60,60,0.0,1,0,0,0,1.0,0.0,1,1,0.0,0.0,0,1,0,0,0,0,0,1,1.0,0.0,0.0,0.0,0.0,0.0,0.0,0.0,0.0,0.0,0.0,0.0,0.0,0.0,0.0,0.0,0.0,0.0,0.0,0.0,0.0,0.0,0.0,1.0,0.0,1.0,0,0,0,0,0,0,benign,0,-,CTU-IoT-Malware-Capture-1-1,0,none,none
40,17,0.0,1,0,0.0,0.0,0.0,40,40,0.0,1,0,0,0,1.0,0.0,1,1,0.0,0.0,0,1,0,0,0,0,0,1,1.0,0.0,0.0,0.0,0.0,0.0,0.0,0.0,0.0,0.0,0.0,0.0,0.0,0.0,0.0,0.0,0.0,0.0,0.0,0.0,0.0,0.0,0.0,1.0,0.0,1.0,0,0,0,0,0,0,benign,0,-,CTU-IoT-Malware-Capture-1-1,0,none,none
40,17,0.0,1,0,0.0,0.0,0.0,40,40,0.0,1,0,0,0,1.0,0.0,1,1,0.0,0.0,0,1,0,0,0,0,0,1,1.0,0.0,0.0,0.0,0.0,0.0,0.0,0.0,0.0,0.0,0.0,0.0,0.0,0.0,0.0,0.0,0.0,0.0,0.0,0.0,0.0,0.0,0.0,1.0,0.0,1.0,0,0,0,0,0,0,benign,0,-,CTU-IoT-Malware-Capture-1-1,0,none,none
40,17,0.0,1,0,0.0,0.0,0.0,40,40,0.0,1,0,0,0,1.0,0.0,1,1,0.0,0.0,0,1,0,0,0,0,0,1,1.0,0.0,0.0,0.0,0.0,0.0,0.0,0.0,0.0,0.0,0.0,0.0,0.0,0.0,0.0,0.0,0.0,0.0,0.0,0.0,0.0,0.0,0.0,1.0,0.0,1.0,0,0,0,0,0,0,benign,0,-,CTU-IoT-Malware-Capture-1-1,0,none,none
65,6,0.0,1,0,0.0,0.0,0.0,65,65,0.0,1,0,0,0,1.0,0.0,1,1,0.0,0.0,0,1,0,0,0,0,0,1,1.0,0.0,0.0,0.0,0.0,0.0,0.0,0.0,0.0,0.0,0.0,0.0,0.0,0.0,0.0,0.0,0.0,0.08333333333333333,0.0,0.0,0.0,0.0,0.0,1.0,0.0,0.0,1,0,0,0,0,0,malicious,1,PartOfAHorizontalPortScan,CTU-IoT-Malware-Capture-1-1,1,packet_size,low
172,6,2.998806,3,0,1.0003981584670698,0.0,0.0,172,172,0.0,3,0,0,0,3.0,0.0,1,1,0.0,0.0,0,1,0,0,0,0,0,1,1.0,0.0,0.0,0.0,0.0,0.0,0.0,0.0,0.0,0.0,0.0,0.0,0.0,0.0,0.0,0.0,2.998806,0.044444444444444446,0.0,0.0,0.0,0.0,0.0,1.0,0.0,0.0,1,0,0,0,0,0,malicious,1,PartOfAHorizontalPortScan,CTU-IoT-Malware-Capture-1-1,1,packet_size,low
40,17,0.0,1,0,0.0,0.0,0.0,40,40,0.0,1,0,0,0,1.0,0.0,1,1,0.0,0.0,0,1,0,0,0,0,0,1,1.0,0.0,0.0,0.0,0.0,0.0,0.0,0.0,0.0,0.0,0.0,0.0,0.0,0.0,0.0,0.0,0.0,0.0,0.0,0.0,0.0,0.0,0.0,1.0,0.0,1.0,0,0,0,0,0,0,benign,0,-,CTU-IoT-Malware-Capture-1-1,0,none,none
51,6,0.0,1,0,0.0,0.0,0.0,51,51,0.0,1,0,0,0,1.0,0.0,1,1,0.0,0.0,0,1,0,0,0,0,0,1,1.0,0.0,0.0,0.0,0.0,0.0,0.0,0.0,0.0,0.0,0.0,0.0,0.0,0.0,0.0,0.0,0.0,0.15,0.0,0.0,0.0,0.0,0.0,1.0,0.0,0.0,1,0,0,0,0,0,malicious,1,PartOfAHorizontalPortScan,CTU-IoT-Malware-Capture-1-1,1,packet_size,low
151,6,2.998808,3,0,1.0003974912698645,0.0,0.0,151,151,0.0,3,0,0,0,3.0,0.0,1,1,0.0,0.0,0,1,0,0,0,0,0,1,1.0,0.0,0.0,0.0,0.0,0.0,0.0,0.0,0.0,0.0,0.0,0.0,0.0,0.0,0.0,0.0,2.998808,0.16111111111111112,0.0,0.0,0.0,0.0,0.0,1.0,0.0,0.0,1,0,0,0,0,0,malicious,1,PartOfAHorizontalPortScan,CTU-IoT-Malware-Capture-1-1,1,packet_size,low
40,17,0.0,1,0,0.0,0.0,0.0,40,40,0.0,1,0,0,0,1.0,0.0,1,1,0.0,0.0,0,1,0,0,0,0,0,1,1.0,0.0,0.0,0.0,0.0,0.0,0.0,0.0,0.0,0.0,0.0,0.0,0.0,0.0,0.0,0.0,0.0,0.0,0.0,0.0,0.0,0.0,0.0,1.0,0.0,1.0,0,0,0,0,0,0,benign,0,-,CTU-IoT-Malware-Capture-1-1,0,none,none
54,6,0.0,1,0,0.0,0.0,0.0,54,54,0.0,1,0,0,0,1.0,0.0,1,1,0.0,0.0,0,1,0,0,0,0,0,1,1.0,0.0,0.0,0.0,0.0,0.0,0.0,0.0,0.0,0.0,0.0,0.0,0.0,0.0,0.0,0.0,0.0,0.1,0.0,0.0,0.0,0.0,0.0,1.0,0.0,0.0,1,0,0,0,0,0,malicious,1,PartOfAHorizontalPortScan,CTU-IoT-Malware-Capture-1-1,1,packet_size,low
60,6,0.0,1,0,0.0,0.0,0.0,60,60,0.0,1,0,0,0,1.0,0.0,1,1,0.0,0.0,0,1,0,0,0,0,0,1,1.0,0.0,0.0,0.0,0.0,0.0,0.0,0.0,0.0,0.0,0.0,0.0,0.0,0.0,0.0,0.0,0.0,0.0,0.0,0.0,0.0,0.0,0.0,1.0,0.0,0.0,1,0,0,0,0,0,malicious,1,PartOfAHorizontalPortScan,CTU-IoT-Malware-Capture-1-1,1,packet_size,low
136,6,2.998821,3,0,1.0003931545097224,0.0,0.0,136,136,0.0,3,0,0,0,3.0,0.0,1,1,0.0,0.0,0,1,0,0,0,0,0,1,1.0,0.0,0.0,0.0,0.0,0.0,0.0,0.0,0.0,0.0,0.0,0.0,0.0,0.0,0.0,0.0,2.998821,0.24444444444444444,0.0,0.0,0.0,0.0,0.0,1.0,0.0,0.0,1,0,0,0,0,0,malicious,1,PartOfAHorizontalPortScan,CTU-IoT-Malware-Capture-1-1,1,packet_size,low
68,1,0.0,1,0,0.0,0.0,0.0,68,68,0.0,1,0,0,0,1.0,0.0,1,1,0.0,0.0,0,0,0,0,0,0,0,0,0.0,0.0,0.0,0.0,0.0,0.0,0.0,0.0,0.0,0.0,0.0,0.0,0.0,0.0,0.0,0.0,0.0,0.0,0.0,0.0,0.0,0.0,0.0,1.0,0.0,1.0,0,0,0,0,0,0,benign,0,-,CTU-IoT-Malware-Capture-1-1,0,none,none
40,17,0.0,1,0,0.0,0.0,0.0,40,40,0.0,1,0,0,0,1.0,0.0,1,1,0.0,0.0,0,1,0,0,0,0,0,1,1.0,0.0,0.0,0.0,0.0,0.0,0.0,0.0,0.0,0.0,0.0,0.0,0.0,0.0,0.0,0.0,0.0,0.0,0.0,0.0,0.0,0.0,0.0,1.0,0.0,1.0,0,0,0,0,0,0,benign,0,-,CTU-IoT-Malware-Capture-1-1,0,none,none
40,17,0.0,1,0,0.0,0.0,0.0,40,40,0.0,1,0,0,0,1.0,0.0,1,1,0.0,0.0,0,1,0,0,0,0,0,1,1.0,0.0,0.0,0.0,0.0,0.0,0.0,0.0,0.0,0.0,0.0,0.0,0.0,0.0,0.0,0.0,0.0,0.0,0.0,0.0,0.0,0.0,0.0,1.0,0.0,1.0,0,0,0,0,0,0,benign,0,-,CTU-IoT-Malware-Capture-1-1,0,none,none
192,6,2.998024,3,0,1.00065910079439,0.0,0.0,192,192,0.0,3,0,0,0,3.0,0.0,1,1,0.0,0.0,0,1,0,0,0,0,0,1,1.0,0.0,0.0,0.0,0.0,0.0,0.0,0.0,0.0,0.0,0.0,0.0,0.0,0.0,0.0,0.0,2.998024,0.06666666666666667,0.0,0.0,0.0,0.0,0.0,1.0,0.0,0.0,1,0,0,0,0,0,malicious,1,PartOfAHorizontalPortScan,CTU-IoT-Malware-Capture-1-1,1,packet_size,low
193,6,2.998559,3,0,1.0004805641643202,0.0,0.0,193,193,0.0,3,0,0,0,3.0,0.0,1,1,0.0,0.0,0,1,0,0,0,0,0,1,1.0,0.0,0.0,0.0,0.0,0.0,0.0,0.0,0.0,0.0,0.0,0.0,0.0,0.0,0.0,0.0,2.998559,0.07222222222222222,0.0,0.0,0.0,0.0,0.0,1.0,0.0,0.0,1,0,0,0,0,0,malicious,1,PartOfAHorizontalPortScan,CTU-IoT-Malware-Capture-1-1,1,packet_size,low
57,6,0.0,1,0,0.0,0.0,0.0,57,57,0.0,1,0,0,0,1.0,0.0,1,1,0.0,0.0,0,1,0,0,0,0,0,1,1.0,0.0,0.0,0.0,0.0,0.0,0.0,0.0,0.0,0.0,0.0,0.0,0.0,0.0,0.0,0.0,0.0,0.05,0.0,0.0,0.0,0.0,0.0,1.0,0.0,0.0,1,0,0,0,0,0,malicious,1,PartOfAHorizontalPortScan,CTU-IoT-Malware-Capture-1-1,1,packet_size,low
192,6,1.738289,3,0,1.7258350021199007,0.0,0.0,192,192,0.0,2,1,0,0,2.0,0.0,1,1,0.0,0.0,0,0,0,0,1,0,0,1,0.0,0.0,0.0,1.0,0.0,0.0,0.0,0.0,0.0,0.0,0.0,0.0,0.0,0.0,0.0,0.0,1.738289,0.2,0.0,0.0,0.0,0.0,0.0,1.0,0.0,0.0,1,0,0,0,0,0,malicious,1,PartOfAHorizontalPortScan,CTU-IoT-Malware-Capture-1-1,1,packet_size,low
180,6,2.999076,3,0,1.000308094893227,0.0,0.0,180,180,0.0,3,0,0,0,3.0,0.0,1,1,0.0,0.0,0,1,0,0,0,0,0,1,1.0,0.0,0.0,0.0,0.0,0.0,0.0,0.0,0.0,0.0,0.0,0.0,0.0,0.0,0.0,0.0,2.999076,0.0,0.0,0.0,0.0,0.0,0.0,1.0,0.0,0.0,1,0,0,0,0,0,malicious,1,PartOfAHorizontalPortScan,CTU-IoT-Malware-Capture-1-1,1,packet_size,low
40,17,0.0,1,0,0.0,0.0,0.0,40,40,0.0,1,0,0,0,1.0,0.0,1,1,0.0,0.0,0,1,0,0,0,0,0,1,1.0,0.0,0.0,0.0,0.0,0.0,0.0,0.0,0.0,0.0,0.0,0.0,0.0,0.0,0.0,0.0,0.0,0.0,0.0,0.0,0.0,0.0,0.0,1.0,0.0,1.0,0,0,0,0,0,0,benign,0,-,CTU-IoT-Malware-Capture-1-1,0,none,none
40,17,0.0,1,0,0.0,0.0,0.0,40,40,0.0,1,0,0,0,1.0,0.0,1,1,0.0,0.0,0,1,0,0,0,0,0,1,1.0,0.0,0.0,0.0,0.0,0.0,0.0,0.0,0.0,0.0,0.0,0.0,0.0,0.0,0.0,0.0,0.0,0.0,0.0,0.0,0.0,0.0,0.0,1.0,0.0,1.0,0,0,0,0,0,0,benign,0,-,CTU-IoT-Malware-Capture-1-1,0,none,none
53,6,0.0,1,0,0.0,0.0,0.0,53,53,0.0,1,0,0,0,1.0,0.0,1,1,0.0,0.0,0,1,0,0,0,0,0,1,1.0,0.0,0.0,0.0,0.0,0.0,0.0,0.0,0.0,0.0,0.0,0.0,0.0,0.0,0.0,0.0,0.0,0.11666666666666667,0.0,0.0,0.0,0.0,0.0,1.0,0.0,0.0,1,0,0,0,0,0,malicious,1,PartOfAHorizontalPortScan,CTU-IoT-Malware-Capture-1-1,1,packet_size,low
158,6,2.998557,3,0,1.0004812314723381,0.0,0.0,158,158,0.0,3,0,0,0,3.0,0.0,1,1,0.0,0.0,0,1,0,0,0,0,0,1,1.0,0.0,0.0,0.0,0.0,0.0,0.0,0.0,0.0,0.0,0.0,0.0,0.0,0.0,0.0,0.0,2.998557,0.12222222222222222,0.0,0.0,0.0,0.0,0.0,1.0,0.0,0.0,1,0,0,0,0,0,malicious,1,PartOfAHorizontalPortScan,CTU-IoT-Malware-Capture-1-1,1,packet_size,low
56,6,0.0,1,0,0.0,0.0,0.0,56,56,0.0,1,0,0,0,1.0,0.0,1,1,0.0,0.0,0,1,0,0,0,0,0,1,1.0,0.0,0.0,0.0,0.0,0.0,0.0,0.0,0.0,0.0,0.0,0.0,0.0,0.0,0.0,0.0,0.0,0.06666666666666667,0.0,0.0,0.0,0.0,0.0,1.0,0.0,0.0,1,0,0,0,0,0,malicious,1,PartOfAHorizontalPortScan,CTU-IoT-Malware-Capture-1-1,1,packet_size,low
40,17,0.0,1,0,0.0,0.0,0.0,40,40,0.0,1,0,0,0,1.0,0.0,1,1,0.0,0.0,0,1,0,0,0,0,0,1,1.0,0.0,0.0,0.0,0.0,0.0,0.0,0.0,0.0,0.0,0.0,0.0,0.0,0.0,0.0,0.0,0.0,0.0,0.0,0.0,0.0,0.0,0.0,1.0,0.0,1.0,0,0,0,0,0,0,benign,0,-,CTU-IoT-Malware-Capture-1-1,0,none,none
40,17,0.0,1,0,0.0,0.0,0.0,40,40,0.0,1,0,0,0,1.0,0.0,1,1,0.0,0.0,0,1,0,0,0,0,0,1,1.0,0.0,0.0,0.0,0.0,0.0,0.0,0.0,0.0,0.0,0.0,0.0,0.0,0.0,0.0,0.0,0.0,0.0,0.0,0.0,0.0,0.0,0.0,1.0,0.0,1.0,0,0,0,0,0,0,benign,0,-,CTU-IoT-Malware-Capture-1-1,0,none,none
40,17,0.0,1,0,0.0,0.0,0.0,40,40,0.0,1,0,0,0,1.0,0.0,1,1,0.0,0.0,0,1,0,0,0,0,0,1,1.0,0.0,0.0,0.0,0.0,0.0,0.0,0.0,0.0,0.0,0.0,0.0,0.0,0.0,0.0,0.0,0.0,0.0,0.0,0.0,0.0,0.0,0.0,1.0,0.0,1.0,0,0,0,0,0,0,benign,0,-,CTU-IoT-Malware-Capture-1-1,0,none,none
40,17,0.0,1,0,0.0,0.0,0.0,40,40,0.0,1,0,0,0,1.0,0.0,1,1,0.0,0.0,0,1,0,0,0,0,0,1,1.0,0.0,0.0,0.0,0.0,0.0,0.0,0.0,0.0,0.0,0.0,0.0,0.0,0.0,0.0,0.0,0.0,0.0,0.0,0.0,0.0,0.0,0.0,1.0,0.0,1.0,0,0,0,0,0,0,benign,0,-,CTU-IoT-Malware-Capture-1-1,0,none,none
40,17,0.0,1,0,0.0,0.0,0.0,40,40,0.0,1,0,0,0,1.0,0.0,1,1,0.0,0.0,0,1,0,0,0,0,0,1,1.0,0.0,0.0,0.0,0.0,0.0,0.0,0.0,0.0,0.0,0.0,0.0,0.0,0.0,0.0,0.0,0.0,0.0,0.0,0.0,0.0,0.0,0.0,1.0,0.0,1.0,0,0,0,0,0,0,benign,0,-,CTU-IoT-Malware-Capture-1-1,0,none,none
60,6,0.0,1,0,0.0,0.0,0.0,60,60,0.0,1,0,0,0,1.0,0.0,1,1,0.0,0.0,0,1,0,0,0,0,0,1,1.0,0.0,0.0,0.0,0.0,0.0,0.0,0.0,0.0,0.0,0.0,0.0,0.0,0.0,0.0,0.0,0.0,0.0,0.0,0.0,0.0,0.0,0.0,1.0,0.0,0.0,1,0,0,0,0,0,malicious,1,PartOfAHorizontalPortScan,CTU-IoT-Malware-Capture-1-1,1,packet_size,low
67,6,0.0,1,0,0.0,0.0,0.0,67,67,0.0,1,0,0,0,1.0,0.0,1,1,0.0,0.0,0,1,0,0,0,0,0,1,1.0,0.0,0.0,0.0,0.0,0.0,0.0,0.0,0.0,0.0,0.0,0.0,0.0,0.0,0.0,0.0,0.0,0.11666666666666667,0.0,0.0,0.0,0.0,0.0,1.0,0.0,0.0,1,0,0,0,0,0,malicious,1,PartOfAHorizontalPortScan,CTU-IoT-Malware-Capture-1-1,1,packet_size,low
40,17,0.0,1,0,0.0,0.0,0.0,40,40,0.0,1,0,0,0,1.0,0.0,1,1,0.0,0.0,0,1,0,0,0,0,0,1,1.0,0.0,0.0,0.0,0.0,0.0,0.0,0.0,0.0,0.0,0.0,0.0,0.0,0.0,0.0,0.0,0.0,0.0,0.0,0.0,0.0,0.0,0.0,1.0,0.0,1.0,0,0,0,0,0,0,benign,0,-,CTU-IoT-Malware-Capture-1-1,0,none,none
56,1,0.0,1,0,0.0,0.0,0.0,56,56,0.0,1,0,0,0,1.0,0.0,1,0,0.0,0.0,0,0,0,0,0,0,0,0,0.0,0.0,0.0,0.0,0.0,0.0,0.0,0.0,0.0,0.0,0.0,0.0,0.0,0.0,0.0,0.0,0.0,0.0,0.0,0.0,0.0,0.0,0.0,1.0,0.0,1.0,0,0,0,0,0,0,benign,0,-,CTU-IoT-Malware-Capture-1-1,0,none,none
147,6,2.998821,3,0,1.0003931545097224,0.0,0.0,147,147,0.0,3,0,0,0,3.0,0.0,1,1,0.0,0.0,0,1,0,0,0,0,0,1,1.0,0.0,0.0,0.0,0.0,0.0,0.0,0.0,0.0,0.0,0.0,0.0,0.0,0.0,0.0,0.0,2.998821,0.18333333333333332,0.0,0.0,0.0,0.0,0.0,1.0,0.0,0.0,1,0,0,0,0,0,malicious,1,PartOfAHorizontalPortScan,CTU-IoT-Malware-Capture-1-1,1,packet_size,low
40,17,0.0,1,0,0.0,0.0,0.0,40,40,0.0,1,0,0,0,1.0,0.0,1,1,0.0,0.0,0,1,0,0,0,0,0,1,1.0,0.0,0.0,0.0,0.0,0.0,0.0,0.0,0.0,0.0,0.0,0.0,0.0,0.0,0.0,0.0,0.0,0.0,0.0,0.0,0.0,0.0,0.0,1.0,0.0,1.0,0,0,0,0,0,0,benign,0,-,CTU-IoT-Malware-Capture-1-1,0,none,none
40,17,0.0,1,0,0.0,0.0,0.0,40,40,0.0,1,0,0,0,1.0,0.0,1,1,0.0,0.0,0,1,0,0,0,0,0,1,1.0,0.0,0.0,0.0,0.0,0.0,0.0,0.0,0.0,0.0,0.0,0.0,0.0,0.0,0.0,0.0,0.0,0.0,0.0,0.0,0.0,0.0,0.0,1.0,0.0,1.0,0,0,0,0,0,0,benign,0,-,CTU-IoT-Malware-Capture-1-1,0,none,none
42,6,0.0,1,0,0.0,0.0,0.0,42,42,0.0,1,0,0,0,1.0,0.0,1,1,0.0,0.0,0,1,0,0,0,0,0,1,1.0,0.0,0.0,0.0,0.0,0.0,0.0,0.0,0.0,0.0,0.0,0.0,0.0,0.0,0.0,0.0,0.0,0.3,0.0,0.0,0.0,0.0,0.0,1.0,0.0,0.0,1,0,0,0,0,0,malicious,1,PartOfAHorizontalPortScan,CTU-IoT-Malware-Capture-1-1,1,packet_size,low
52,6,0.0,1,0,0.0,0.0,0.0,52,52,0.0,1,0,0,0,1.0,0.0,1,1,0.0,0.0,0,1,0,0,0,0,0,1,1.0,0.0,0.0,0.0,0.0,0.0,0.0,0.0,0.0,0.0,0.0,0.0,0.0,0.0,0.0,0.0,0.0,0.13333333333333333,0.0,0.0,0.0,0.0,0.0,1.0,0.0,0.0,1,0,0,0,0,0,malicious,1,PartOfAHorizontalPortScan,CTU-IoT-Malware-Capture-1-1,1,packet_size,low
40,17,0.0,1,0,0.0,0.0,0.0,40,40,0.0,1,0,0,0,1.0,0.0,1,1,0.0,0.0,0,1,0,0,0,0,0,1,1.0,0.0,0.0,0.0,0.0,0.0,0.0,0.0,0.0,0.0,0.0,0.0,0.0,0.0,0.0,0.0,0.0,0.0,0.0,0.0,0.0,0.0,0.0,1.0,0.0,1.0,0,0,0,0,0,0,benign,0,-,CTU-IoT-Malware-Capture-1-1,0,none,none
60,6,0.0,1,0,0.0,0.0,0.0,60,60,0.0,1,0,0,0,1.0,0.0,1,1,0.0,0.0,0,1,0,0,0,0,0,1,1.0,0.0,0.0,0.0,0.0,0.0,0.0,0.0,0.0,0.0,0.0,0.0,0.0,0.0,0.0,0.0,0.0,0.0,0.0,0.0,0.0,0.0,0.0,1.0,0.0,0.0,1,0,0,0,0,0,malicious,1,PartOfAHorizontalPortScan,CTU-IoT-Malware-Capture-1-1,1,packet_size,low
63,6,0.0,1,0,0.0,0.0,0.0,63,63,0.0,1,0,0,0,1.0,0.0,1,1,0.0,0.0,0,1,0,0,0,0,0,1,1.0,0.0,0.0,0.0,0.0,0.0,0.0,0.0,0.0,0.0,0.0,0.0,0.0,0.0,0.0,0.0,0.0,0.05,0.0,0.0,0.0,0.0,0.0,1.0,0.0,0.0,1,0,0,0,0,0,malicious,1,PartOfAHorizontalPortScan,CTU-IoT-Malware-Capture-1-1,1,packet_size,low
106,6,0.304093,2,0,6.576935345437087,0.0,0.0,106,106,0.0,1,1,0,0,1.0,0.0,1,1,0.0,0.0,0,0,0,0,1,0,0,1,0.0,0.0,0.0,1.0,0.0,0.0,0.0,0.0,0.0,0.0,0.0,0.0,0.0,0.0,0.0,0.0,0.304093,0.06,0.0,0.0,0.0,0.0,0.0,1.0,0.0,0.0,1,0,0,0,0,0,malicious,1,PartOfAHorizontalPortScan,CTU-IoT-Malware-Capture-1-1,1,packet_size,low
40,17,0.0,1,0,0.0,0.0,0.0,40,40,0.0,1,0,0,0,1.0,0.0,1,1,0.0,0.0,0,1,0,0,0,0,0,1,1.0,0.0,0.0,0.0,0.0,0.0,0.0,0.0,0.0,0.0,0.0,0.0,0.0,0.0,0.0,0.0,0.0,0.0,0.0,0.0,0.0,0.0,0.0,1.0,0.0,1.0,0,0,0,0,0,0,benign,0,-,CTU-IoT-Malware-Capture-1-1,0,none,none
62,6,0.0,1,0,0.0,0.0,0.0,62,62,0.0,1,0,0,0,1.0,0.0,1,1,0.0,0.0,0,1,0,0,0,0,0,1,1.0,0.0,0.0,0.0,0.0,0.0,0.0,0.0,0.0,0.0,0.0,0.0,0.0,0.0,0.0,0.0,0.0,0.03333333333333333,0.0,0.0,0.0,0.0,0.0,1.0,0.0,0.0,1,0,0,0,0,0,malicious,1,PartOfAHorizontalPortScan,CTU-IoT-Malware-Capture-1-1,1,packet_size,low
68,6,0.0,1,0,0.0,0.0,0.0,68,68,0.0,1,0,0,0,1.0,0.0,1,1,0.0,0.0,0,1,0,0,0,0,0,1,1.0,0.0,0.0,0.0,0.0,0.0,0.0,0.0,0.0,0.0,0.0,0.0,0.0,0.0,0.0,0.0,0.0,0.13333333333333333,0.0,0.0,0.0,0.0,0.0,1.0,0.0,0.0,1,0,0,0,0,0,malicious,1,PartOfAHorizontalPortScan,CTU-IoT-Malware-Capture-1-1,1,packet_size,low
176,1,3.16396,2,120,0.6321192429739947,37.927154578439676,60.0,176,176,0.0,2,0,120,0,2.0,120.0,1,1,0.0,0.0,0,0,0,0,0,0,0,0,0.0,0.0,0.0,0.0,0.0,0.0,0.0,0.0,0.0,0.0,0.0,0.0,0.0,0.0,0.0,0.0,3.16396,0.0,0.0,0.0,0.0,0.0,0.0,1.0,0.0,1.0,0,0,0,0,0,0,benign,0,-,CTU-IoT-Malware-Capture-1-1,0,none,none
61,6,0.0,1,0,0.0,0.0,0.0,61,61,0.0,1,0,0,0,1.0,0.0,1,1,0.0,0.0,0,1,0,0,0,0,0,1,1.0,0.0,0.0,0.0,0.0,0.0,0.0,0.0,0.0,0.0,0.0,0.0,0.0,0.0,0.0,0.0,0.0,0.016666666666666666,0.0,0.0,0.0,0.0,0.0,1.0,0.0,0.0,1,0,0,0,0,0,malicious,1,PartOfAHorizontalPortScan,CTU-IoT-Malware-Capture-1-1,1,packet_size,low
40,17,0.0,1,0,0.0,0.0,0.0,40,40,0.0,1,0,0,0,1.0,0.0,1,1,0.0,0.0,0,1,0,0,0,0,0,1,1.0,0.0,0.0,0.0,0.0,0.0,0.0,0.0,0.0,0.0,0.0,0.0,0.0,0.0,0.0,0.0,0.0,0.0,0.0,0.0,0.0,0.0,0.0,1.0,0.0,1.0,0,0,0,0,0,0,benign,0,-,CTU-IoT-Malware-Capture-1-1,0,none,none
40,17,0.0,1,0,0.0,0.0,0.0,40,40,0.0,1,0,0,0,1.0,0.0,1,1,0.0,0.0,0,1,0,0,0,0,0,1,1.0,0.0,0.0,0.0,0.0,0.0,0.0,0.0,0.0,0.0,0.0,0.0,0.0,0.0,0.0,0.0,0.0,0.0,0.0,0.0,0.0,0.0,0.0,1.0,0.0,1.0,0,0,0,0,0,0,benign,0,-,CTU-IoT-Malware-Capture-1-1,0,none,none
40,17,0.0,1,0,0.0,0.0,0.0,40,40,0.0,1,0,0,0,1.0,0.0,1,1,0.0,0.0,0,1,0,0,0,0,0,1,1.0,0.0,0.0,0.0,0.0,0.0,0.0,0.0,0.0,0.0,0.0,0.0,0.0,0.0,0.0,0.0,0.0,0.0,0.0,0.0,0.0,0.0,0.0,1.0,0.0,1.0,0,0,0,0,0,0,benign,0,-,CTU-IoT-Malware-Capture-1-1,0,none,none
133,6,2.999062,3,0,1.0003127644576872,0.0,0.0,133,133,0.0,3,0,0,0,3.0,0.0,1,1,0.0,0.0,0,1,0,0,0,0,0,1,1.0,0.0,0.0,0.0,0.0,0.0,0.0,0.0,0.0,0.0,0.0,0.0,0.0,0.0,0.0,0.0,2.999062,0.2611111111111111,0.0,0.0,0.0,0.0,0.0,1.0,0.0,0.0,1,0,0,0,0,0,malicious,1,PartOfAHorizontalPortScan,CTU-IoT-Malware-Capture-1-1,1,packet_size,low
238,6,2.998827,3,0,1.0003911529407998,0.0,0.0,238,238,0.0,3,0,0,0,3.0,0.0,1,1,0.0,0.0,0,1,0,0,0,0,0,1,1.0,0.0,0.0,0.0,0.0,0.0,0.0,0.0,0.0,0.0,0.0,0.0,0.0,0.0,0.0,0.0,2.998827,0.32222222222222224,0.0,0.0,0.0,0.0,0.0,1.0,0.0,0.0,1,0,0,0,0,0,malicious,1,PartOfAHorizontalPortScan,CTU-IoT-Malware-Capture-1-1,1,packet_size,low
40,17,0.0,1,0,0.0,0.0,0.0,40,40,0.0,1,0,0,0,1.0,0.0,1,1,0.0,0.0,0,1,0,0,0,0,0,1,1.0,0.0,0.0,0.0,0.0,0.0,0.0,0.0,0.0,0.0,0.0,0.0,0.0,0.0,0.0,0.0,0.0,0.0,0.0,0.0,0.0,0.0,0.0,1.0,0.0,1.0,0,0,0,0,0,0,benign,0,-,CTU-IoT-Malware-Capture-1-1,0,none,none
50,6,0.0,1,0,0.0,0.0,0.0,50,50,0.0,1,0,0,0,1.0,0.0,1,1,0.0,0.0,0,1,0,0,0,0,0,1,1.0,0.0,0.0,0.0,0.0,0.0,0.0,0.0,0.0,0.0,0.0,0.0,0.0,0.0,0.0,0.0,0.0,0.16666666666666666,0.0,0.0,0.0,0.0,0.0,1.0,0.0,0.0,1,0,0,0,0,0,malicious,1,PartOfAHorizontalPortScan,CTU-IoT-Malware-Capture-1-1,1,packet_size,low
79,6,0.0,1,0,0.0,0.0,0.0,79,79,0.0,1,0,0,0,1.0,0.0,1,1,0.0,0.0,0,1,0,0,0,0,0,1,1.0,0.0,0.0,0.0,0.0,0.0,0.0,0.0,0.0,0.0,0.0,0.0,0.0,0.0,0.0,0.0,0.0,0.31666666666666665,0.0,0.0,0.0,0.0,0.0,1.0,0.0,0.0,1,0,0,0,0,0,malicious,1,PartOfAHorizontalPortScan,CTU-IoT-Malware-Capture-1-1,1,packet_size,low
40,17,0.0,1,0,0.0,0.0,0.0,40,40,0.0,1,0,0,0,1.0,0.0,1,1,0.0,0.0,0,1,0,0,0,0,0,1,1.0,0.0,0.0,0.0,0.0,0.0,0.0,0.0,0.0,0.0,0.0,0.0,0.0,0.0,0.0,0.0,0.0,0.0,0.0,0.0,0.0,0.0,0.0,1.0,0.0,1.0,0,0,0,0,0,0,benign,0,-,CTU-IoT-Malware-Capture-1-1,0,none,none
52,6,0.0,1,0,0.0,0.0,0.0,52,52,0.0,1,0,0,0,1.0,0.0,1,1,0.0,0.0,0,1,0,0,0,0,0,1,1.0,0.0,0.0,0.0,0.0,0.0,0.0,0.0,0.0,0.0,0.0,0.0,0.0,0.0,0.0,0.0,0.0,0.13333333333333333,0.0,0.0,0.0,0.0,0.0,1.0,0.0,0.0,1,0,0,0,0,0,malicious,1,PartOfAHorizontalPortScan,CTU-IoT-Malware-Capture-1-1,1,packet_size,low
152,17,0.003983,2,96,502.13406979663563,24102.43535023851,48.0,152,152,0.0,1,1,48,48,1.0,1.0,1,1,0.0,0.0,0,1,0,1,0,0,0,2,0.5,0.0,0.5,0.0,0.0,0.0,0.0,0.0,0.0,0.0,0.0,0.0,0.0,0.0,0.0,0.0,0.003983,0.0,0.0,0.0,0.0,0.0,0.0,1.0,0.0,1.0,0,0,0,0,0,0,benign,0,-,CTU-IoT-Malware-Capture-1-1,0,none,none
40,17,0.0,1,0,0.0,0.0,0.0,40,40,0.0,1,0,0,0,1.0,0.0,1,1,0.0,0.0,0,1,0,0,0,0,0,1,1.0,0.0,0.0,0.0,0.0,0.0,0.0,0.0,0.0,0.0,0.0,0.0,0.0,0.0,0.0,0.0,0.0,0.0,0.0,0.0,0.0,0.0,0.0,1.0,0.0,1.0,0,0,0,0,0,0,benign,0,-,CTU-IoT-Malware-Capture-1-1,0,none,none
58,6,0.0,1,0,0.0,0.0,0.0,58,58,0.0,1,0,0,0,1.0,0.0,1,1,0.0,0.0,0,1,0,0,0,0,0,1,1.0,0.0,0.0,0.0,0.0,0.0,0.0,0.0,0.0,0.0,0.0,0.0,0.0,0.0,0.0,0.0,0.0,0.03333333333333333,0.0,0.0,0.0,0.0,0.0,1.0,0.0,0.0,1,0,0,0,0,0,malicious,1,PartOfAHorizontalPortScan,CTU-IoT-Malware-Capture-1-1,1,packet_size,low
208,6,2.999056,3,0,1.0003147657129443,0.0,0.0,208,208,0.0,3,0,0,0,3.0,0.0,1,1,0.0,0.0,0,1,0,0,0,0,0,1,1.0,0.0,0.0,0.0,0.0,0.0,0.0,0.0,0.0,0.0,0.0,0.0,0.0,0.0,0.0,0.0,2.999056,0.15555555555555556,0.0,0.0,0.0,0.0,0.0,1.0,0.0,0.0,1,0,0,0,0,0,malicious,1,PartOfAHorizontalPortScan,CTU-IoT-Malware-Capture-1-1,1,packet_size,low
40,17,0.0,1,0,0.0,0.0,0.0,40,40,0.0,1,0,0,0,1.0,0.0,1,1,0.0,0.0,0,1,0,0,0,0,0,1,1.0,0.0,0.0,0.0,0.0,0.0,0.0,0.0,0.0,0.0,0.0,0.0,0.0,0.0,0.0,0.0,0.0,0.0,0.0,0.0,0.0,0.0,0.0,1.0,0.0,1.0,0,0,0,0,0,0,benign,0,-,CTU-IoT-Malware-Capture-1-1,0,none,none
40,17,0.0,1,0,0.0,0.0,0.0,40,40,0.0,1,0,0,0,1.0,0.0,1,1,0.0,0.0,0,1,0,0,0,0,0,1,1.0,0.0,0.0,0.0,0.0,0.0,0.0,0.0,0.0,0.0,0.0,0.0,0.0,0.0,0.0,0.0,0.0,0.0,0.0,0.0,0.0,0.0,0.0,1.0,0.0,1.0,0,0,0,0,0,0,benign,0,-,CTU-IoT-Malware-Capture-1-1,0,none,none
60,6,0.0,1,0,0.0,0.0,0.0,60,60,0.0,1,0,0,0,1.0,0.0,1,1,0.0,0.0,0,1,0,0,0,0,0,1,1.0,0.0,0.0,0.0,0.0,0.0,0.0,0.0,0.0,0.0,0.0,0.0,0.0,0.0,0.0,0.0,0.0,0.0,0.0,0.0,0.0,0.0,0.0,1.0,0.0,1.0,0,0,0,0,0,0,benign,0,-,CTU-IoT-Malware-Capture-1-1,0,none,none
64,6,0.0,1,0,0.0,0.0,0.0,64,64,0.0,1,0,0,0,1.0,0.0,1,1,0.0,0.0,0,1,0,0,0,0,0,1,1.0,0.0,0.0,0.0,0.0,0.0,0.0,0.0,0.0,0.0,0.0,0.0,0.0,0.0,0.0,0.0,0.0,0.06666666666666667,0.0,0.0,0.0,0.0,0.0,1.0,0.0,0.0,1,0,0,0,0,0,malicious,1,PartOfAHorizontalPortScan,CTU-IoT-Malware-Capture-1-1,1,packet_size,low
40,17,0.0,1,0,0.0,0.0,0.0,40,40,0.0,1,0,0,0,1.0,0.0,1,1,0.0,0.0,0,1,0,0,0,0,0,1,1.0,0.0,0.0,0.0,0.0,0.0,0.0,0.0,0.0,0.0,0.0,0.0,0.0,0.0,0.0,0.0,0.0,0.0,0.0,0.0,0.0,0.0,0.0,1.0,0.0,1.0,0,0,0,0,0,0,benign,0,-,CTU-IoT-Malware-Capture-1-1,0,none,none
60,6,0.0,1,0,0.0,0.0,0.0,60,60,0.0,1,0,0,0,1.0,0.0,1,1,0.0,0.0,0,1,0,0,0,0,0,1,1.0,0.0,0.0,0.0,0.0,0.0,0.0,0.0,0.0,0.0,0.0,0.0,0.0,0.0,0.0,0.0,0.0,0.0,0.0,0.0,0.0,0.0,0.0,1.0,0.0,1.0,0,0,0,0,0,0,benign,0,-,CTU-IoT-Malware-Capture-1-1,0,none,none
40,17,0.0,1,0,0.0,0.0,0.0,40,40,0.0,1,0,0,0,1.0,0.0,1,1,0.0,0.0,0,1,0,0,0,0,0,1,1.0,0.0,0.0,0.0,0.0,0.0,0.0,0.0,0.0,0.0,0.0,0.0,0.0,0.0,0.0,0.0,0.0,0.0,0.0,0.0,0.0,0.0,0.0,1.0,0.0,1.0,0,0,0,0,0,0,benign,0,-,CTU-IoT-Malware-Capture-1-1,0,none,none
71,6,0.0,1,0,0.0,0.0,0.0,71,71,0.0,1,0,0,0,1.0,0.0,1,1,0.0,0.0,0,1,0,0,0,0,0,1,1.0,0.0,0.0,0.0,0.0,0.0,0.0,0.0,0.0,0.0,0.0,0.0,0.0,0.0,0.0,0.0,0.0,0.18333333333333332,0.0,0.0,0.0,0.0,0.0,1.0,0.0,0.0,1,0,0,0,0,0,malicious,1,PartOfAHorizontalPortScan,CTU-IoT-Malware-Capture-1-1,1,packet_size,low
40,17,0.0,1,0,0.0,0.0,0.0,40,40,0.0,1,0,0,0,1.0,0.0,1,1,0.0,0.0,0,1,0,0,0,0,0,1,1.0,0.0,0.0,0.0,0.0,0.0,0.0,0.0,0.0,0.0,0.0,0.0,0.0,0.0,0.0,0.0,0.0,0.0,0.0,0.0,0.0,0.0,0.0,1.0,0.0,1.0,0,0,0,0,0,0,benign,0,-,CTU-IoT-Malware-Capture-1-1,0,none,none
40,17,0.0,1,0,0.0,0.0,0.0,40,40,0.0,1,0,0,0,1.0,0.0,1,1,0.0,0.0,0,1,0,0,0,0,0,1,1.0,0.0,0.0,0.0,0.0,0.0,0.0,0.0,0.0,0.0,0.0,0.0,0.0,0.0,0.0,0.0,0.0,0.0,0.0,0.0,0.0,0.0,0.0,1.0,0.0,1.0,0,0,0,0,0,0,benign,0,-,CTU-IoT-Malware-Capture-1-1,0,none,none
40,17,0.0,1,0,0.0,0.0,0.0,40,40,0.0,1,0,0,0,1.0,0.0,1,1,0.0,0.0,0,1,0,0,0,0,0,1,1.0,0.0,0.0,0.0,0.0,0.0,0.0,0.0,0.0,0.0,0.0,0.0,0.0,0.0,0.0,0.0,0.0,0.0,0.0,0.0,0.0,0.0,0.0,1.0,0.0,1.0,0,0,0,0,0,0,benign,0,-,CTU-IoT-Malware-Capture-1-1,0,none,none
40,17,0.0,1,0,0.0,0.0,0.0,40,40,0.0,1,0,0,0,1.0,0.0,1,1,0.0,0.0,0,1,0,0,0,0,0,1,1.0,0.0,0.0,0.0,0.0,0.0,0.0,0.0,0.0,0.0,0.0,0.0,0.0,0.0,0.0,0.0,0.0,0.0,0.0,0.0,0.0,0.0,0.0,1.0,0.0,1.0,0,0,0,0,0,0,benign,0,-,CTU-IoT-Malware-Capture-1-1,0,none,none
200,6,2.998824,3,0,1.00039215372426,0.0,0.0,200,200,0.0,3,0,0,0,3.0,0.0,1,1,0.0,0.0,0,1,0,0,0,0,0,1,1.0,0.0,0.0,0.0,0.0,0.0,0.0,0.0,0.0,0.0,0.0,0.0,0.0,0.0,0.0,0.0,2.998824,0.1111111111111111,0.0,0.0,0.0,0.0,0.0,1.0,0.0,0.0,1,0,0,0,0,0,malicious,1,PartOfAHorizontalPortScan,CTU-IoT-Malware-Capture-1-1,1,packet_size,low
40,17,0.0,1,0,0.0,0.0,0.0,40,40,0.0,1,0,0,0,1.0,0.0,1,1,0.0,0.0,0,1,0,0,0,0,0,1,1.0,0.0,0.0,0.0,0.0,0.0,0.0,0.0,0.0,0.0,0.0,0.0,0.0,0.0,0.0,0.0,0.0,0.0,0.0,0.0,0.0,0.0,0.0,1.0,0.0,1.0,0,0,0,0,0,0,benign,0,-,CTU-IoT-Malware-Capture-1-1,0,none,none
40,17,0.0,1,0,0.0,0.0,0.0,40,40,0.0,1,0,0,0,1.0,0.0,1,1,0.0,0.0,0,1,0,0,0,0,0,1,1.0,0.0,0.0,0.0,0.0,0.0,0.0,0.0,0.0,0.0,0.0,0.0,0.0,0.0,0.0,0.0,0.0,0.0,0.0,0.0,0.0,0.0,0.0,1.0,0.0,1.0,0,0,0,0,0,0,benign,0,-,CTU-IoT-Malware-Capture-1-1,0,none,none
151,6,2.998807,3,0,1.000397824868356,0.0,0.0,151,151,0.0,3,0,0,0,3.0,0.0,1,1,0.0,0.0,0,1,0,0,0,0,0,1,1.0,0.0,0.0,0.0,0.0,0.0,0.0,0.0,0.0,0.0,0.0,0.0,0.0,0.0,0.0,0.0,2.998807,0.16111111111111112,0.0,0.0,0.0,0.0,0.0,1.0,0.0,0.0,1,0,0,0,0,0,malicious,1,PartOfAHorizontalPortScan,CTU-IoT-Malware-Capture-1-1,1,packet_size,low
40,17,0.0,1,0,0.0,0.0,0.0,40,40,0.0,1,0,0,0,1.0,0.0,1,1,0.0,0.0,0,1,0,0,0,0,0,1,1.0,0.0,0.0,0.0,0.0,0.0,0.0,0.0,0.0,0.0,0.0,0.0,0.0,0.0,0.0,0.0,0.0,0.0,0.0,0.0,0.0,0.0,0.0,1.0,0.0,1.0,0,0,0,0,0,0,benign,0,-,CTU-IoT-Malware-Capture-1-1,0,none,none
174,6,2.993808,3,0,1.0020682689070242,0.0,0.0,174,174,0.0,3,0,0,0,3.0,0.0,1,1,0.0,0.0,0,1,0,0,0,0,0,1,1.0,0.0,0.0,0.0,0.0,0.0,0.0,0.0,0.0,0.0,0.0,0.0,0.0,0.0,0.0,0.0,2.993808,0.03333333333333333,0.0,0.0,0.0,0.0,0.0,1.0,0.0,0.0,1,0,0,0,0,0,malicious,1,PartOfAHorizontalPortScan,CTU-IoT-Malware-Capture-1-1,1,packet_size,low
177,6,2.998825,3,0,1.0003918201295507,0.0,0.0,177,177,0.0,3,0,0,0,3.0,0.0,1,1,0.0,0.0,0,1,0,0,0,0,0,1,1.0,0.0,0.0,0.0,0.0,0.0,0.0,0.0,0.0,0.0,0.0,0.0,0.0,0.0,0.0,0.0,2.998825,0.016666666666666666,0.0,0.0,0.0,0.0,0.0,1.0,0.0,0.0,1,0,0,0,0,0,malicious,1,PartOfAHorizontalPortScan,CTU-IoT-Malware-Capture-1-1,1,packet_size,low
163,6,2.998556,3,0,1.000481565126681,0.0,0.0,163,163,0.0,3,0,0,0,3.0,0.0,1,1,0.0,0.0,0,1,0,0,0,0,0,1,1.0,0.0,0.0,0.0,0.0,0.0,0.0,0.0,0.0,0.0,0.0,0.0,0.0,0.0,0.0,0.0,2.998556,0.09444444444444444,0.0,0.0,0.0,0.0,0.0,1.0,0.0,0.0,1,0,0,0,0,0,malicious,1,PartOfAHorizontalPortScan,CTU-IoT-Malware-Capture-1-1,1,packet_size,low
55,6,0.0,1,0,0.0,0.0,0.0,55,55,0.0,1,0,0,0,1.0,0.0,1,1,0.0,0.0,0,1,0,0,0,0,0,1,1.0,0.0,0.0,0.0,0.0,0.0,0.0,0.0,0.0,0.0,0.0,0.0,0.0,0.0,0.0,0.0,0.0,0.08333333333333333,0.0,0.0,0.0,0.0,0.0,1.0,0.0,0.0,1,0,0,0,0,0,malicious,1,PartOfAHorizontalPortScan,CTU-IoT-Malware-Capture-1-1,1,packet_size,low
64,6,0.0,1,0,0.0,0.0,0.0,64,64,0.0,1,0,0,0,1.0,0.0,1,1,0.0,0.0,0,1,0,0,0,0,0,1,1.0,0.0,0.0,0.0,0.0,0.0,0.0,0.0,0.0,0.0,0.0,0.0,0.0,0.0,0.0,0.0,0.0,0.06666666666666667,0.0,0.0,0.0,0.0,0.0,1.0,0.0,0.0,1,0,0,0,0,0,malicious,1,PartOfAHorizontalPortScan,CTU-IoT-Malware-Capture-1-1,1,packet_size,low
