packet_size,protocol,flow_duration,total_packets,total_bytes,packets_per_second,bytes_per_second,avg_packet_size,min_packet_size,max_packet_size,packet_size_std,forward_packet_count,backward_packet_count,forward_bytes,backward_bytes,packet_direction_ratio,flow_symmetry_ratio,unique_src_ports,unique_dst_ports,ttl_mean,ttl_std,ip_fragment_count,tcp_syn_count,tcp_ack_count,tcp_fin_count,tcp_rst_count,tcp_psh_count,tcp_urg_count,tcp_flag_total,tcp_syn_ratio,tcp_ack_ratio,tcp_fin_ratio,tcp_rst_ratio,tcp_psh_ratio,tcp_urg_ratio,retransmission_estimate,packet_size_entropy,timing_entropy,burstiness_score,packet_rate_variance,byte_rate_variance,payload_variability_score,inter_arrival_mean,inter_arrival_std,flow_idle_time,flow_active_time,packet_size_randomization_score,timing_jitter_score,fragmentation_anomaly_score,ttl_randomization_score,tos_randomization_score,window_randomization_score,header_consistency_score,timing_irregularity_score,flow_uniformity_score,obf_size_randomized,obf_timing_jittered,obf_fragmented,obf_ttl_randomized,obf_tos_randomized,obf_window_randomized,label,label_binary,attack_family,scenario_id,obfuscation_applied,obfuscation_type,obfuscation_severity,obf_fragment_index,obf_total_fragments
20,6,0.0,1,0,0.0,0.0,0.0,20,20,0.0,1,0,0,0,1.0,0.0,1,1,0.0,0.0,2,1,0,0,0,0,0,1,1.0,0.0,0.0,0.0,0.0,0.0,0.0,0.0,0.0,0.0,0.0,0.0,0.0,0.0,0.0,0.0,0.0,0.0,0.0,0.5,0.0,0.0,0.0,1.0,0.0,0.0,0,0,1,0,0,0,malicious,1,PartOfAHorizontalPortScan,CTU-IoT-Malware-Capture-1-1,1,fragmentation,medium,1.0,3.0
40,17,0.0,1,0,0.0,0.0,0.0,40,40,0.0,1,0,0,0,1.0,0.0,1,1,0.0,0.0,0,1,0,0,0,0,0,1,1.0,0.0,0.0,0.0,0.0,0.0,0.0,0.0,0.0,0.0,0.0,0.0,0.0,0.0,0.0,0.0,0.0,0.0,0.0,0.0,0.0,0.0,0.0,1.0,0.0,1.0,0,0,0,0,0,0,benign,0,-,CTU-IoT-Malware-Capture-1-1,0,none,none,0.0,0.0
60,6,2.998807,3,0,1.000397824868356,0.0,0.0,60,60,0.0,3,0,0,0,3.0,0.0,1,1,0.0,0.0,2,1,0,0,0,0,0,1,1.0,0.0,0.0,0.0,0.0,0.0,0.0,0.0,0.0,0.0,0.0,0.0,0.0,0.0,0.0,0.0,2.998807,0.0,0.0,0.5,0.0,0.0,0.0,1.0,0.0,0.0,0,0,1,0,0,0,malicious,1,PartOfAHorizontalPortScan,CTU-IoT-Malware-Capture-1-1,1,fragmentation,medium,1.0,3.0
40,17,0.0,1,0,0.0,0.0,0.0,40,40,0.0,1,0,0,0,1.0,0.0,1,1,0.0,0.0,0,1,0,0,0,0,0,1,1.0,0.0,0.0,0.0,0.0,0.0,0.0,0.0,0.0,0.0,0.0,0.0,0.0,0.0,0.0,0.0,0.0,0.0,0.0,0.0,0.0,0.0,0.0,1.0,0.0,1.0,0,0,0,0,0,0,benign,0,-,CTU-IoT-Malware-Capture-1-1,0,none,none,0.0,0.0
20,6,0.0,1,0,0.0,0.0,0.0,20,20,0.0,1,0,0,0,1.0,0.0,1,1,0.0,0.0,2,1,0,0,0,0,0,1,1.0,0.0,0.0,0.0,0.0,0.0,0.0,0.0,0.0,0.0,0.0,0.0,0.0,0.0,0.0,0.0,0.0,0.0,0.0,0.5,0.0,0.0,0.0,1.0,0.0,0.0,0,0,1,0,0,0,malicious,1,PartOfAHorizontalPortScan,CTU-IoT-Malware-Capture-1-1,1,fragmentation,medium,0.0,3.0
60,6,0.0,1,0,0.0,0.0,0.0,60,60,0.0,1,0,0,0,1.0,0.0,1,1,0.0,0.0,0,1,0,0,0,0,0,1,1.0,0.0,0.0,0.0,0.0,0.0,0.0,0.0,0.0,0.0,0.0,0.0,0.0,0.0,0.0,0.0,0.0,0.0,0.0,0.0,0.0,0.0,0.0,1.0,0.0,1.0,0,0,0,0,0,0,malicious,1,PartOfAHorizontalPortScan,CTU-IoT-Malware-Capture-1-1,1,fragmentation,medium,0.0,0.0
60,6,2.999065,3,0,1.0003117638330614,0.0,0.0,60,60,0.0,3,0,0,0,3.0,0.0,1,1,0.0,0.0,2,1,0,0,0,0,0,1,1.0,0.0,0.0,0.0,0.0,0.0,0.0,0.0,0.0,0.0,0.0,0.0,0.0,0.0,0.0,0.0,2.999065,0.0,0.0,0.5,0.0,0.0,0.0,1.0,0.0,0.0,0,0,1,0,0,0,malicious,1,PartOfAHorizontalPortScan,CTU-IoT-Malware-Capture-1-1,1,fragmentation,medium,0.0,3.0
68,1,0.0,1,0,0.0,0.0,0.0,68,68,0.0,1,0,0,0,1.0,0.0,1,1,0.0,0.0,0,0,0,0,0,0,0,0,0.0,0.0,0.0,0.0,0.0,0.0,0.0,0.0,0.0,0.0,0.0,0.0,0.0,0.0,0.0,0.0,0.0,0.0,0.0,0.0,0.0,0.0,0.0,1.0,0.0,1.0,0,0,0,0,0,0,benign,0,-,CTU-IoT-Malware-Capture-1-1,0,none,none,0.0,0.0
45,6,2.998578,3,0,1.0004742247825469,0.0,0.0,45,45,0.0,3,0,0,0,3.0,0.0,1,1,0.0,0.0,3,1,0,0,0,0,0,1,1.0,0.0,0.0,0.0,0.0,0.0,0.0,0.0,0.0,0.0,0.0,0.0,0.0,0.0,0.0,0.0,2.998578,0.0,0.0,0.75,0.0,0.0,0.0,1.0,0.0,0.0,0,0,1,0,0,0,malicious,1,PartOfAHorizontalPortScan,CTU-IoT-Malware-Capture-1-1,1,fragmentation,medium,1.0,4.0
40,17,0.0,1,0,0.0,0.0,0.0,40,40,0.0,1,0,0,0,1.0,0.0,1,1,0.0,0.0,0,1,0,0,0,0,0,1,1.0,0.0,0.0,0.0,0.0,0.0,0.0,0.0,0.0,0.0,0.0,0.0,0.0,0.0,0.0,0.0,0.0,0.0,0.0,0.0,0.0,0.0,0.0,1.0,0.0,1.0,0,0,0,0,0,0,benign,0,-,CTU-IoT-Malware-Capture-1-1,0,none,none,0.0,0.0
40,17,0.0,1,0,0.0,0.0,0.0,40,40,0.0,1,0,0,0,1.0,0.0,1,1,0.0,0.0,0,1,0,0,0,0,0,1,1.0,0.0,0.0,0.0,0.0,0.0,0.0,0.0,0.0,0.0,0.0,0.0,0.0,0.0,0.0,0.0,0.0,0.0,0.0,0.0,0.0,0.0,0.0,1.0,0.0,1.0,0,0,0,0,0,0,benign,0,-,CTU-IoT-Malware-Capture-1-1,0,none,none,0.0,0.0
56,1,0.0,1,0,0.0,0.0,0.0,56,56,0.0,1,0,0,0,1.0,0.0,1,0,0.0,0.0,0,0,0,0,0,0,0,0,0.0,0.0,0.0,0.0,0.0,0.0,0.0,0.0,0.0,0.0,0.0,0.0,0.0,0.0,0.0,0.0,0.0,0.0,0.0,0.0,0.0,0.0,0.0,1.0,0.0,1.0,0,0,0,0,0,0,benign,0,-,CTU-IoT-Malware-Capture-1-1,0,none,none,0.0,0.0
40,17,0.0,1,0,0.0,0.0,0.0,40,40,0.0,1,0,0,0,1.0,0.0,1,1,0.0,0.0,0,1,0,0,0,0,0,1,1.0,0.0,0.0,0.0,0.0,0.0,0.0,0.0,0.0,0.0,0.0,0.0,0.0,0.0,0.0,0.0,0.0,0.0,0.0,0.0,0.0,0.0,0.0,1.0,0.0,1.0,0,0,0,0,0,0,benign,0,-,CTU-IoT-Malware-Capture-1-1,0,none,none,0.0,0.0
40,17,0.0,1,0,0.0,0.0,0.0,40,40,0.0,1,0,0,0,1.0,0.0,1,1,0.0,0.0,0,1,0,0,0,0,0,1,1.0,0.0,0.0,0.0,0.0,0.0,0.0,0.0,0.0,0.0,0.0,0.0,0.0,0.0,0.0,0.0,0.0,0.0,0.0,0.0,0.0,0.0,0.0,1.0,0.0,1.0,0,0,0,0,0,0,benign,0,-,CTU-IoT-Malware-Capture-1-1,0,none,none,0.0,0.0
60,6,0.0,1,0,0.0,0.0,0.0,60,60,0.0,1,0,0,0,1.0,0.0,1,1,0.0,0.0,0,1,0,0,0,0,0,1,1.0,0.0,0.0,0.0,0.0,0.0,0.0,0.0,0.0,0.0,0.0,0.0,0.0,0.0,0.0,0.0,0.0,0.0,0.0,0.0,0.0,0.0,0.0,1.0,0.0,1.0,0,0,0,0,0,0,malicious,1,PartOfAHorizontalPortScan,CTU-IoT-Malware-Capture-1-1,1,fragmentation,medium,0.0,0.0
40,17,0.0,1,0,0.0,0.0,0.0,40,40,0.0,1,0,0,0,1.0,0.0,1,1,0.0,0.0,0,1,0,0,0,0,0,1,1.0,0.0,0.0,0.0,0.0,0.0,0.0,0.0,0.0,0.0,0.0,0.0,0.0,0.0,0.0,0.0,0.0,0.0,0.0,0.0,0.0,0.0,0.0,1.0,0.0,1.0,0,0,0,0,0,0,benign,0,-,CTU-IoT-Malware-Capture-1-1,0,none,none,0.0,0.0
60,6,0.0,1,0,0.0,0.0,0.0,60,60,0.0,1,0,0,0,1.0,0.0,1,1,0.0,0.0,0,1,0,0,0,0,0,1,1.0,0.0,0.0,0.0,0.0,0.0,0.0,0.0,0.0,0.0,0.0,0.0,0.0,0.0,0.0,0.0,0.0,0.0,0.0,0.0,0.0,0.0,0.0,1.0,0.0,1.0,0,0,0,0,0,0,benign,0,-,CTU-IoT-Malware-Capture-1-1,0,none,none,0.0,0.0
60,6,0.0,1,0,0.0,0.0,0.0,60,60,0.0,1,0,0,0,1.0,0.0,1,1,0.0,0.0,0,1,0,0,0,0,0,1,1.0,0.0,0.0,0.0,0.0,0.0,0.0,0.0,0.0,0.0,0.0,0.0,0.0,0.0,0.0,0.0,0.0,0.0,0.0,0.0,0.0,0.0,0.0,1.0,0.0,1.0,0,0,0,0,0,0,malicious,1,PartOfAHorizontalPortScan,CTU-IoT-Malware-Capture-1-1,1,fragmentation,medium,0.0,0.0
40,17,0.0,1,0,0.0,0.0,0.0,40,40,0.0,1,0,0,0,1.0,0.0,1,1,0.0,0.0,0,1,0,0,0,0,0,1,1.0,0.0,0.0,0.0,0.0,0.0,0.0,0.0,0.0,0.0,0.0,0.0,0.0,0.0,0.0,0.0,0.0,0.0,0.0,0.0,0.0,0.0,0.0,1.0,0.0,1.0,0,0,0,0,0,0,benign,0,-,CTU-IoT-Malware-Capture-1-1,0,none,none,0.0,0.0
60,6,0.0,1,0,0.0,0.0,0.0,60,60,0.0,1,0,0,0,1.0,0.0,1,1,0.0,0.0,0,1,0,0,0,0,0,1,1.0,0.0,0.0,0.0,0.0,0.0,0.0,0.0,0.0,0.0,0.0,0.0,0.0,0.0,0.0,0.0,0.0,0.0,0.0,0.0,0.0,0.0,0.0,1.0,0.0,1.0,0,0,0,0,0,0,malicious,1,PartOfAHorizontalPortScan,CTU-IoT-Malware-Capture-1-1,1,fragmentation,medium,0.0,0.0
60,6,0.0,1,0,0.0,0.0,0.0,60,60,0.0,1,0,0,0,1.0,0.0,1,1,0.0,0.0,0,1,0,0,0,0,0,1,1.0,0.0,0.0,0.0,0.0,0.0,0.0,0.0,0.0,0.0,0.0,0.0,0.0,0.0,0.0,0.0,0.0,0.0,0.0,0.0,0.0,0.0,0.0,1.0,0.0,1.0,0,0,0,0,0,0,benign,0,-,CTU-IoT-Malware-Capture-1-1,0,none,none,0.0,0.0
40,17,0.0,1,0,0.0,0.0,0.0,40,40,0.0,1,0,0,0,1.0,0.0,1,1,0.0,0.0,0,1,0,0,0,0,0,1,1.0,0.0,0.0,0.0,0.0,0.0,0.0,0.0,0.0,0.0,0.0,0.0,0.0,0.0,0.0,0.0,0.0,0.0,0.0,0.0,0.0,0.0,0.0,1.0,0.0,1.0,0,0,0,0,0,0,benign,0,-,CTU-IoT-Malware-Capture-1-1,0,none,none,0.0,0.0
40,17,0.0,1,0,0.0,0.0,0.0,40,40,0.0,1,0,0,0,1.0,0.0,1,1,0.0,0.0,0,1,0,0,0,0,0,1,1.0,0.0,0.0,0.0,0.0,0.0,0.0,0.0,0.0,0.0,0.0,0.0,0.0,0.0,0.0,0.0,0.0,0.0,0.0,0.0,0.0,0.0,0.0,1.0,0.0,1.0,0,0,0,0,0,0,benign,0,-,CTU-IoT-Malware-Capture-1-1,0,none,none,0.0,0.0
20,6,0.0,1,0,0.0,0.0,0.0,20,20,0.0,1,0,0,0,1.0,0.0,1,1,0.0,0.0,4,1,0,0,0,0,0,1,1.0,0.0,0.0,0.0,0.0,0.0,0.0,0.0,0.0,0.0,0.0,0.0,0.0,0.0,0.0,0.0,0.0,0.0,0.0,1.0,0.0,0.0,0.0,1.0,0.0,0.0,0,0,1,0,0,0,malicious,1,PartOfAHorizontalPortScan,CTU-IoT-Malware-Capture-1-1,1,fragmentation,medium,0.0,5.0
20,6,0.0,1,0,0.0,0.0,0.0,20,20,0.0,1,0,0,0,1.0,0.0,1,1,0.0,0.0,2,1,0,0,0,0,0,1,1.0,0.0,0.0,0.0,0.0,0.0,0.0,0.0,0.0,0.0,0.0,0.0,0.0,0.0,0.0,0.0,0.0,0.0,0.0,0.5,0.0,0.0,0.0,1.0,0.0,0.0,0,0,1,0,0,0,malicious,1,PartOfAHorizontalPortScan,CTU-IoT-Malware-Capture-1-1,1,fragmentation,medium,1.0,3.0
180,6,2.999056,3,0,1.0003147657129443,0.0,0.0,180,180,0.0,3,0,0,0,3.0,0.0,1,1,0.0,0.0,0,1,0,0,0,0,0,1,1.0,0.0,0.0,0.0,0.0,0.0,0.0,0.0,0.0,0.0,0.0,0.0,0.0,0.0,0.0,0.0,2.999056,0.0,0.0,0.0,0.0,0.0,0.0,1.0,0.0,1.0,0,0,0,0,0,0,benign,0,-,CTU-IoT-Malware-Capture-1-1,0,none,none,0.0,0.0
40,17,0.0,1,0,0.0,0.0,0.0,40,40,0.0,1,0,0,0,1.0,0.0,1,1,0.0,0.0,0,1,0,0,0,0,0,1,1.0,0.0,0.0,0.0,0.0,0.0,0.0,0.0,0.0,0.0,0.0,0.0,0.0,0.0,0.0,0.0,0.0,0.0,0.0,0.0,0.0,0.0,0.0,1.0,0.0,1.0,0,0,0,0,0,0,benign,0,-,CTU-IoT-Malware-Capture-1-1,0,none,none,0.0,0.0
36,6,2.99905,3,0,1.0003167669762092,0.0,0.0,36,36,0.0,3,0,0,0,3.0,0.0,1,1,0.0,0.0,4,1,0,0,0,0,0,1,1.0,0.0,0.0,0.0,0.0,0.0,0.0,0.0,0.0,0.0,0.0,0.0,0.0,0.0,0.0,0.0,2.99905,0.0,0.0,1.0,0.0,0.0,0.0,1.0,0.0,0.0,0,0,1,0,0,0,malicious,1,PartOfAHorizontalPortScan,CTU-IoT-Malware-Capture-1-1,1,fragmentation,medium,0.0,5.0
60,6,0.0,1,0,0.0,0.0,0.0,60,60,0.0,1,0,0,0,1.0,0.0,1,1,0.0,0.0,0,1,0,0,0,0,0,1,1.0,0.0,0.0,0.0,0.0,0.0,0.0,0.0,0.0,0.0,0.0,0.0,0.0,0.0,0.0,0.0,0.0,0.0,0.0,0.0,0.0,0.0,0.0,1.0,0.0,1.0,0,0,0,0,0,0,malicious,1,PartOfAHorizontalPortScan,CTU-IoT-Malware-Capture-1-1,1,fragmentation,medium,0.0,0.0
20,6,0.0,1,0,0.0,0.0,0.0,20,20,0.0,1,0,0,0,1.0,0.0,1,1,0.0,0.0,4,1,0,0,0,0,0,1,1.0,0.0,0.0,0.0,0.0,0.0,0.0,0.0,0.0,0.0,0.0,0.0,0.0,0.0,0.0,0.0,0.0,0.0,0.0,1.0,0.0,0.0,0.0,1.0,0.0,0.0,0,0,1,0,0,0,malicious,1,PartOfAHorizontalPortScan,CTU-IoT-Malware-Capture-1-1,1,fragmentation,medium,0.0,5.0
40,17,0.0,1,0,0.0,0.0,0.0,40,40,0.0,1,0,0,0,1.0,0.0,1,1,0.0,0.0,0,1,0,0,0,0,0,1,1.0,0.0,0.0,0.0,0.0,0.0,0.0,0.0,0.0,0.0,0.0,0.0,0.0,0.0,0.0,0.0,0.0,0.0,0.0,0.0,0.0,0.0,0.0,1.0,0.0,1.0,0,0,0,0,0,0,benign,0,-,CTU-IoT-Malware-Capture-1-1,0,none,none,0.0,0.0
180,6,2.994058,3,0,1.0019845974927675,0.0,0.0,180,180,0.0,3,0,0,0,3.0,0.0,1,1,0.0,0.0,0,1,0,0,0,0,0,1,1.0,0.0,0.0,0.0,0.0,0.0,0.0,0.0,0.0,0.0,0.0,0.0,0.0,0.0,0.0,0.0,2.994058,0.0,0.0,0.0,0.0,0.0,0.0,1.0,0.0,1.0,0,0,0,0,0,0,benign,0,-,CTU-IoT-Malware-Capture-1-1,0,none,none,0.0,0.0
40,17,0.0,1,0,0.0,0.0,0.0,40,40,0.0,1,0,0,0,1.0,0.0,1,1,0.0,0.0,0,1,0,0,0,0,0,1,1.0,0.0,0.0,0.0,0.0,0.0,0.0,0.0,0.0,0.0,0.0,0.0,0.0,0.0,0.0,0.0,0.0,0.0,0.0,0.0,0.0,0.0,0.0,1.0,0.0,1.0,0,0,0,0,0,0,benign,0,-,CTU-IoT-Malware-Capture-1-1,0,none,none,0.0,0.0
40,17,0.0,1,0,0.0,0.0,0.0,40,40,0.0,1,0,0,0,1.0,0.0,1,1,0.0,0.0,0,1,0,0,0,0,0,1,1.0,0.0,0.0,0.0,0.0,0.0,0.0,0.0,0.0,0.0,0.0,0.0,0.0,0.0,0.0,0.0,0.0,0.0,0.0,0.0,0.0,0.0,0.0,1.0,0.0,1.0,0,0,0,0,0,0,benign,0,-,CTU-IoT-Malware-Capture-1-1,0,none,none,0.0,0.0
40,17,0.0,1,0,0.0,0.0,0.0,40,40,0.0,1,0,0,0,1.0,0.0,1,1,0.0,0.0,0,1,0,0,0,0,0,1,1.0,0.0,0.0,0.0,0.0,0.0,0.0,0.0,0.0,0.0,0.0,0.0,0.0,0.0,0.0,0.0,0.0,0.0,0.0,0.0,0.0,0.0,0.0,1.0,0.0,1.0,0,0,0,0,0,0,benign,0,-,CTU-IoT-Malware-Capture-1-1,0,none,none,0.0,0.0
180,6,2.998821,3,0,1.0003931545097224,0.0,0.0,180,180,0.0,3,0,0,0,3.0,0.0,1,1,0.0,0.0,0,1,0,0,0,0,0,1,1.0,0.0,0.0,0.0,0.0,0.0,0.0,0.0,0.0,0.0,0.0,0.0,0.0,0.0,0.0,0.0,2.998821,0.0,0.0,0.0,0.0,0.0,0.0,1.0,0.0,1.0,0,0,0,0,0,0,malicious,1,PartOfAHorizontalPortScan,CTU-IoT-Malware-Capture-1-1,1,fragmentation,medium,0.0,0.0
30,6,0.0,1,0,0.0,0.0,0.0,30,30,0.0,1,0,0,0,1.0,0.0,1,1,0.0,0.0,1,1,0,0,0,0,0,1,1.0,0.0,0.0,0.0,0.0,0.0,0.0,0.0,0.0,0.0,0.0,0.0,0.0,0.0,0.0,0.0,0.0,0.0,0.0,0.25,0.0,0.0,0.0,1.0,0.0,0.0,0,0,1,0,0,0,malicious,1,PartOfAHorizontalPortScan,CTU-IoT-Malware-Capture-1-1,1,fragmentation,medium,0.0,2.0
36,6,2.999302,3,0,1.0002327208130424,0.0,0.0,36,36,0.0,3,0,0,0,3.0,0.0,1,1,0.0,0.0,4,1,0,0,0,0,0,1,1.0,0.0,0.0,0.0,0.0,0.0,0.0,0.0,0.0,0.0,0.0,0.0,0.0,0.0,0.0,0.0,2.999302,0.0,0.0,1.0,0.0,0.0,0.0,1.0,0.0,0.0,0,0,1,0,0,0,malicious,1,PartOfAHorizontalPortScan,CTU-IoT-Malware-Capture-1-1,1,fragmentation,medium,3.0,5.0
20,6,0.0,1,0,0.0,0.0,0.0,20,20,0.0,1,0,0,0,1.0,0.0,1,1,0.0,0.0,3,1,0,0,0,0,0,1,1.0,0.0,0.0,0.0,0.0,0.0,0.0,0.0,0.0,0.0,0.0,0.0,0.0,0.0,0.0,0.0,0.0,0.0,0.0,0.75,0.0,0.0,0.0,1.0,0.0,0.0,0,0,1,0,0,0,malicious,1,PartOfAHorizontalPortScan,CTU-IoT-Malware-Capture-1-1,1,fragmentation,medium,3.0,4.0
60,6,0.0,1,0,0.0,0.0,0.0,60,60,0.0,1,0,0,0,1.0,0.0,1,1,0.0,0.0,0,1,0,0,0,0,0,1,1.0,0.0,0.0,0.0,0.0,0.0,0.0,0.0,0.0,0.0,0.0,0.0,0.0,0.0,0.0,0.0,0.0,0.0,0.0,0.0,0.0,0.0,0.0,1.0,0.0,1.0,0,0,0,0,0,0,malicious,1,PartOfAHorizontalPortScan,CTU-IoT-Malware-Capture-1-1,1,fragmentation,medium,0.0,0.0
20,6,0.0,1,0,0.0,0.0,0.0,20,20,0.0,1,0,0,0,1.0,0.0,1,1,0.0,0.0,3,1,0,0,0,0,0,1,1.0,0.0,0.0,0.0,0.0,0.0,0.0,0.0,0.0,0.0,0.0,0.0,0.0,0.0,0.0,0.0,0.0,0.0,0.0,0.75,0.0,0.0,0.0,1.0,0.0,0.0,0,0,1,0,0,0,malicious,1,PartOfAHorizontalPortScan,CTU-IoT-Malware-Capture-1-1,1,fragmentation,medium,1.0,4.0
40,17,0.0,1,0,0.0,0.0,0.0,40,40,0.0,1,0,0,0,1.0,0.0,1,1,0.0,0.0,0,1,0,0,0,0,0,1,1.0,0.0,0.0,0.0,0.0,0.0,0.0,0.0,0.0,0.0,0.0,0.0,0.0,0.0,0.0,0.0,0.0,0.0,0.0,0.0,0.0,0.0,0.0,1.0,0.0,1.0,0,0,0,0,0,0,benign,0,-,CTU-IoT-Malware-Capture-1-1,0,none,none,0.0,0.0
40,17,0.0,1,0,0.0,0.0,0.0,40,40,0.0,1,0,0,0,1.0,0.0,1,1,0.0,0.0,0,1,0,0,0,0,0,1,1.0,0.0,0.0,0.0,0.0,0.0,0.0,0.0,0.0,0.0,0.0,0.0,0.0,0.0,0.0,0.0,0.0,0.0,0.0,0.0,0.0,0.0,0.0,1.0,0.0,1.0,0,0,0,0,0,0,benign,0,-,CTU-IoT-Malware-Capture-1-1,0,none,none,0.0,0.0
100,6,0.181649,2,0,11.010245033003208,0.0,0.0,100,100,0.0,1,1,0,0,1.0,0.0,1,1,0.0,0.0,0,0,0,0,1,0,0,1,0.0,0.0,0.0,1.0,0.0,0.0,0.0,0.0,0.0,0.0,0.0,0.0,0.0,0.0,0.0,0.0,0.181649,0.0,0.0,0.0,0.0,0.0,0.0,1.0,0.0,1.0,0,0,0,0,0,0,malicious,1,PartOfAHorizontalPortScan,CTU-IoT-Malware-Capture-1-1,1,fragmentation,medium,0.0,0.0
20,6,0.0,1,0,0.0,0.0,0.0,20,20,0.0,1,0,0,0,1.0,0.0,1,1,0.0,0.0,4,1,0,0,0,0,0,1,1.0,0.0,0.0,0.0,0.0,0.0,0.0,0.0,0.0,0.0,0.0,0.0,0.0,0.0,0.0,0.0,0.0,0.0,0.0,1.0,0.0,0.0,0.0,1.0,0.0,0.0,0,0,1,0,0,0,malicious,1,PartOfAHorizontalPortScan,CTU-IoT-Malware-Capture-1-1,1,fragmentation,medium,3.0,5.0
40,17,0.0,1,0,0.0,0.0,0.0,40,40,0.0,1,0,0,0,1.0,0.0,1,1,0.0,0.0,0,1,0,0,0,0,0,1,1.0,0.0,0.0,0.0,0.0,0.0,0.0,0.0,0.0,0.0,0.0,0.0,0.0,0.0,0.0,0.0,0.0,0.0,0.0,0.0,0.0,0.0,0.0,1.0,0.0,1.0,0,0,0,0,0,0,benign,0,-,CTU-IoT-Malware-Capture-1-1,0,none,none,0.0,0.0
20,6,0.0,1,0,0.0,0.0,0.0,20,20,0.0,1,0,0,0,1.0,0.0,1,1,0.0,0.0,2,1,0,0,0,0,0,1,1.0,0.0,0.0,0.0,0.0,0.0,0.0,0.0,0.0,0.0,0.0,0.0,0.0,0.0,0.0,0.0,0.0,0.0,0.0,0.5,0.0,0.0,0.0,1.0,0.0,0.0,0,0,1,0,0,0,malicious,1,PartOfAHorizontalPortScan,CTU-IoT-Malware-Capture-1-1,1,fragmentation,medium,2.0,3.0
60,6,0.0,1,0,0.0,0.0,0.0,60,60,0.0,1,0,0,0,1.0,0.0,1,1,0.0,0.0,0,1,0,0,0,0,0,1,1.0,0.0,0.0,0.0,0.0,0.0,0.0,0.0,0.0,0.0,0.0,0.0,0.0,0.0,0.0,0.0,0.0,0.0,0.0,0.0,0.0,0.0,0.0,1.0,0.0,1.0,0,0,0,0,0,0,malicious,1,PartOfAHorizontalPortScan,CTU-IoT-Malware-Capture-1-1,1,fragmentation,medium,0.0,0.0
40,17,0.0,1,0,0.0,0.0,0.0,40,40,0.0,1,0,0,0,1.0,0.0,1,1,0.0,0.0,0,1,0,0,0,0,0,1,1.0,0.0,0.0,0.0,0.0,0.0,0.0,0.0,0.0,0.0,0.0,0.0,0.0,0.0,0.0,0.0,0.0,0.0,0.0,0.0,0.0,0.0,0.0,1.0,0.0,1.0,0,0,0,0,0,0,benign,0,-,CTU-IoT-Malware-Capture-1-1,0,none,none,0.0,0.0
36,6,2.999302,3,0,1.0002327208130424,0.0,0.0,36,36,0.0,3,0,0,0,3.0,0.0,1,1,0.0,0.0,4,1,0,0,0,0,0,1,1.0,0.0,0.0,0.0,0.0,0.0,0.0,0.0,0.0,0.0,0.0,0.0,0.0,0.0,0.0,0.0,2.999302,0.0,0.0,1.0,0.0,0.0,0.0,1.0,0.0,0.0,0,0,1,0,0,0,malicious,1,PartOfAHorizontalPortScan,CTU-IoT-Malware-Capture-1-1,1,fragmentation,medium,1.0,5.0
60,6,0.0,1,0,0.0,0.0,0.0,60,60,0.0,1,0,0,0,1.0,0.0,1,1,0.0,0.0,0,1,0,0,0,0,0,1,1.0,0.0,0.0,0.0,0.0,0.0,0.0,0.0,0.0,0.0,0.0,0.0,0.0,0.0,0.0,0.0,0.0,0.0,0.0,0.0,0.0,0.0,0.0,1.0,0.0,1.0,0,0,0,0,0,0,benign,0,-,CTU-IoT-Malware-Capture-1-1,0,none,none,0.0,0.0
40,17,0.0,1,0,0.0,0.0,0.0,40,40,0.0,1,0,0,0,1.0,0.0,1,1,0.0,0.0,0,1,0,0,0,0,0,1,1.0,0.0,0.0,0.0,0.0,0.0,0.0,0.0,0.0,0.0,0.0,0.0,0.0,0.0,0.0,0.0,0.0,0.0,0.0,0.0,0.0,0.0,0.0,1.0,0.0,1.0,0,0,0,0,0,0,benign,0,-,CTU-IoT-Malware-Capture-1-1,0,none,none,0.0,0.0
40,17,0.0,1,0,0.0,0.0,0.0,40,40,0.0,1,0,0,0,1.0,0.0,1,1,0.0,0.0,0,1,0,0,0,0,0,1,1.0,0.0,0.0,0.0,0.0,0.0,0.0,0.0,0.0,0.0,0.0,0.0,0.0,0.0,0.0,0.0,0.0,0.0,0.0,0.0,0.0,0.0,0.0,1.0,0.0,1.0,0,0,0,0,0,0,benign,0,-,CTU-IoT-Malware-Capture-1-1,0,none,none,0.0,0.0
40,17,0.0,1,0,0.0,0.0,0.0,40,40,0.0,1,0,0,0,1.0,0.0,1,1,0.0,0.0,0,1,0,0,0,0,0,1,1.0,0.0,0.0,0.0,0.0,0.0,0.0,0.0,0.0,0.0,0.0,0.0,0.0,0.0,0.0,0.0,0.0,0.0,0.0,0.0,0.0,0.0,0.0,1.0,0.0,1.0,0,0,0,0,0,0,benign,0,-,CTU-IoT-Malware-Capture-1-1,0,none,none,0.0,0.0
20,6,0.0,1,0,0.0,0.0,0.0,20,20,0.0,1,0,0,0,1.0,0.0,1,1,0.0,0.0,4,1,0,0,0,0,0,1,1.0,0.0,0.0,0.0,0.0,0.0,0.0,0.0,0.0,0.0,0.0,0.0,0.0,0.0,0.0,0.0,0.0,0.0,0.0,1.0,0.0,0.0,0.0,1.0,0.0,0.0,0,0,1,0,0,0,malicious,1,PartOfAHorizontalPortScan,CTU-IoT-Malware-Capture-1-1,1,fragmentation,medium,3.0,5.0
40,17,0.0,1,0,0.0,0.0,0.0,40,40,0.0,1,0,0,0,1.0,0.0,1,1,0.0,0.0,0,1,0,0,0,0,0,1,1.0,0.0,0.0,0.0,0.0,0.0,0.0,0.0,0.0,0.0,0.0,0.0,0.0,0.0,0.0,0.0,0.0,0.0,0.0,0.0,0.0,0.0,0.0,1.0,0.0,1.0,0,0,0,0,0,0,benign,0,-,CTU-IoT-Malware-Capture-1-1,0,none,none,0.0,0.0
152,17,0.014733,2,96,135.74967759451573,6515.984524536754,48.0,152,152,0.0,1,1,48,48,1.0,1.0,1,1,0.0,0.0,0,1,0,1,0,0,0,2,0.5,0.0,0.5,0.0,0.0,0.0,0.0,0.0,0.0,0.0,0.0,0.0,0.0,0.0,0.0,0.0,0.014733,0.0,0.0,0.0,0.0,0.0,0.0,1.0,0.0,1.0,0,0,0,0,0,0,benign,0,-,CTU-IoT-Malware-Capture-1-1,0,none,none,0.0,0.0
30,6,0.0,1,0,0.0,0.0,0.0,30,30,0.0,1,0,0,0,1.0,0.0,1,1,0.0,0.0,1,1,0,0,0,0,0,1,1.0,0.0,0.0,0.0,0.0,0.0,0.0,0.0,0.0,0.0,0.0,0.0,0.0,0.0,0.0,0.0,0.0,0.0,0.0,0.25,0.0,0.0,0.0,1.0,0.0,0.0,0,0,1,0,0,0,malicious,1,PartOfAHorizontalPortScan,CTU-IoT-Malware-Capture-1-1,1,fragmentation,medium,1.0,2.0
40,17,0.0,1,0,0.0,0.0,0.0,40,40,0.0,1,0,0,0,1.0,0.0,1,1,0.0,0.0,0,1,0,0,0,0,0,1,1.0,0.0,0.0,0.0,0.0,0.0,0.0,0.0,0.0,0.0,0.0,0.0,0.0,0.0,0.0,0.0,0.0,0.0,0.0,0.0,0.0,0.0,0.0,1.0,0.0,1.0,0,0,0,0,0,0,benign,0,-,CTU-IoT-Malware-Capture-1-1,0,none,none,0.0,0.0
40,17,0.0,1,0,0.0,0.0,0.0,40,40,0.0,1,0,0,0,1.0,0.0,1,1,0.0,0.0,0,1,0,0,0,0,0,1,1.0,0.0,0.0,0.0,0.0,0.0,0.0,0.0,0.0,0.0,0.0,0.0,0.0,0.0,0.0,0.0,0.0,0.0,0.0,0.0,0.0,0.0,0.0,1.0,0.0,1.0,0,0,0,0,0,0,benign,0,-,CTU-IoT-Malware-Capture-1-1,0,none,none,0.0,0.0
20,6,0.0,1,0,0.0,0.0,0.0,20,20,0.0,1,0,0,0,1.0,0.0,1,1,0.0,0.0,3,1,0,0,0,0,0,1,1.0,0.0,0.0,0.0,0.0,0.0,0.0,0.0,0.0,0.0,0.0,0.0,0.0,0.0,0.0,0.0,0.0,0.0,0.0,0.75,0.0,0.0,0.0,1.0,0.0,0.0,0,0,1,0,0,0,malicious,1,PartOfAHorizontalPortScan,CTU-IoT-Malware-Capture-1-1,1,fragmentation,medium,2.0,4.0
20,6,0.0,1,0,0.0,0.0,0.0,20,20,0.0,1,0,0,0,1.0,0.0,1,1,0.0,0.0,3,1,0,0,0,0,0,1,1.0,0.0,0.0,0.0,0.0,0.0,0.0,0.0,0.0,0.0,0.0,0.0,0.0,0.0,0.0,0.0,0.0,0.0,0.0,0.75,0.0,0.0,0.0,1.0,0.0,0.0,0,0,1,0,0,0,malicious,1,PartOfAHorizontalPortScan,CTU-IoT-Malware-Capture-1-1,1,fragmentation,medium,0.0,4.0
20,6,0.0,1,0,0.0,0.0,0.0,20,20,0.0,1,0,0,0,1.0,0.0,1,1,0.0,0.0,3,1,0,0,0,0,0,1,1.0,0.0,0.0,0.0,0.0,0.0,0.0,0.0,0.0,0.0,0.0,0.0,0.0,0.0,0.0,0.0,0.0,0.0,0.0,0.75,0.0,0.0,0.0,1.0,0.0,0.0,0,0,1,0,0,0,malicious,1,PartOfAHorizontalPortScan,CTU-IoT-Malware-Capture-1-1,1,fragmentation,medium,3.0,4.0
40,17,0.0,1,0,0.0,0.0,0.0,40,40,0.0,1,0,0,0,1.0,0.0,1,1,0.0,0.0,0,1,0,0,0,0,0,1,1.0,0.0,0.0,0.0,0.0,0.0,0.0,0.0,0.0,0.0,0.0,0.0,0.0,0.0,0.0,0.0,0.0,0.0,0.0,0.0,0.0,0.0,0.0,1.0,0.0,1.0,0,0,0,0,0,0,benign,0,-,CTU-IoT-Malware-Capture-1-1,0,none,none,0.0,0.0
20,6,0.0,1,0,0.0,0.0,0.0,20,20,0.0,1,0,0,0,1.0,0.0,1,1,0.0,0.0,3,1,0,0,0,0,0,1,1.0,0.0,0.0,0.0,0.0,0.0,0.0,0.0,0.0,0.0,0.0,0.0,0.0,0.0,0.0,0.0,0.0,0.0,0.0,0.75,0.0,0.0,0.0,1.0,0.0,0.0,0,0,1,0,0,0,malicious,1,PartOfAHorizontalPortScan,CTU-IoT-Malware-Capture-1-1,1,fragmentation,medium,0.0,4.0
40,17,0.0,1,0,0.0,0.0,0.0,40,40,0.0,1,0,0,0,1.0,0.0,1,1,0.0,0.0,0,1,0,0,0,0,0,1,1.0,0.0,0.0,0.0,0.0,0.0,0.0,0.0,0.0,0.0,0.0,0.0,0.0,0.0,0.0,0.0,0.0,0.0,0.0,0.0,0.0,0.0,0.0,1.0,0.0,1.0,0,0,0,0,0,0,benign,0,-,CTU-IoT-Malware-Capture-1-1,0,none,none,0.0,0.0
40,17,0.0,1,0,0.0,0.0,0.0,40,40,0.0,1,0,0,0,1.0,0.0,1,1,0.0,0.0,0,1,0,0,0,0,0,1,1.0,0.0,0.0,0.0,0.0,0.0,0.0,0.0,0.0,0.0,0.0,0.0,0.0,0.0,0.0,0.0,0.0,0.0,0.0,0.0,0.0,0.0,0.0,1.0,0.0,1.0,0,0,0,0,0,0,benign,0,-,CTU-IoT-Malware-Capture-1-1,0,none,none,0.0,0.0
20,6,0.0,1,0,0.0,0.0,0.0,20,20,0.0,1,0,0,0,1.0,0.0,1,1,0.0,0.0,4,1,0,0,0,0,0,1,1.0,0.0,0.0,0.0,0.0,0.0,0.0,0.0,0.0,0.0,0.0,0.0,0.0,0.0,0.0,0.0,0.0,0.0,0.0,1.0,0.0,0.0,0.0,1.0,0.0,0.0,0,0,1,0,0,0,malicious,1,PartOfAHorizontalPortScan,CTU-IoT-Malware-Capture-1-1,1,fragmentation,medium,3.0,5.0
20,6,0.0,1,0,0.0,0.0,0.0,20,20,0.0,1,0,0,0,1.0,0.0,1,1,0.0,0.0,2,1,0,0,0,0,0,1,1.0,0.0,0.0,0.0,0.0,0.0,0.0,0.0,0.0,0.0,0.0,0.0,0.0,0.0,0.0,0.0,0.0,0.0,0.0,0.5,0.0,0.0,0.0,1.0,0.0,0.0,0,0,1,0,0,0,malicious,1,PartOfAHorizontalPortScan,CTU-IoT-Malware-Capture-1-1,1,fragmentation,medium,0.0,3.0
180,6,2.99856,3,0,1.000480230510645,0.0,0.0,180,180,0.0,3,0,0,0,3.0,0.0,1,1,0.0,0.0,0,1,0,0,0,0,0,1,1.0,0.0,0.0,0.0,0.0,0.0,0.0,0.0,0.0,0.0,0.0,0.0,0.0,0.0,0.0,0.0,2.99856,0.0,0.0,0.0,0.0,0.0,0.0,1.0,0.0,1.0,0,0,0,0,0,0,malicious,1,PartOfAHorizontalPortScan,CTU-IoT-Malware-Capture-1-1,1,fragmentation,medium,0.0,0.0
40,17,0.0,1,0,0.0,0.0,0.0,40,40,0.0,1,0,0,0,1.0,0.0,1,1,0.0,0.0,0,1,0,0,0,0,0,1,1.0,0.0,0.0,0.0,0.0,0.0,0.0,0.0,0.0,0.0,0.0,0.0,0.0,0.0,0.0,0.0,0.0,0.0,0.0,0.0,0.0,0.0,0.0,1.0,0.0,1.0,0,0,0,0,0,0,benign,0,-,CTU-IoT-Malware-Capture-1-1,0,none,none,0.0,0.0
40,17,0.0,1,0,0.0,0.0,0.0,40,40,0.0,1,0,0,0,1.0,0.0,1,1,0.0,0.0,0,1,0,0,0,0,0,1,1.0,0.0,0.0,0.0,0.0,0.0,0.0,0.0,0.0,0.0,0.0,0.0,0.0,0.0,0.0,0.0,0.0,0.0,0.0,0.0,0.0,0.0,0.0,1.0,0.0,1.0,0,0,0,0,0,0,benign,0,-,CTU-IoT-Malware-Capture-1-1,0,none,none,0.0,0.0
40,17,0.0,1,0,0.0,0.0,0.0,40,40,0.0,1,0,0,0,1.0,0.0,1,1,0.0,0.0,0,1,0,0,0,0,0,1,1.0,0.0,0.0,0.0,0.0,0.0,0.0,0.0,0.0,0.0,0.0,0.0,0.0,0.0,0.0,0.0,0.0,0.0,0.0,0.0,0.0,0.0,0.0,1.0,0.0,1.0,0,0,0,0,0,0,benign,0,-,CTU-IoT-Malware-Capture-1-1,0,none,none,0.0,0.0
30,6,0.0,1,0,0.0,0.0,0.0,30,30,0.0,1,0,0,0,1.0,0.0,1,1,0.0,0.0,1,1,0,0,0,0,0,1,1.0,0.0,0.0,0.0,0.0,0.0,0.0,0.0,0.0,0.0,0.0,0.0,0.0,0.0,0.0,0.0,0.0,0.0,0.0,0.25,0.0,0.0,0.0,1.0,0.0,0.0,0,0,1,0,0,0,malicious,1,PartOfAHorizontalPortScan,CTU-IoT-Malware-Capture-1-1,1,fragmentation,medium,0.0,2.0
40,17,0.0,1,0,0.0,0.0,0.0,40,40,0.0,1,0,0,0,1.0,0.0,1,1,0.0,0.0,0,1,0,0,0,0,0,1,1.0,0.0,0.0,0.0,0.0,0.0,0.0,0.0,0.0,0.0,0.0,0.0,0.0,0.0,0.0,0.0,0.0,0.0,0.0,0.0,0.0,0.0,0.0,1.0,0.0,1.0,0,0,0,0,0,0,benign,0,-,CTU-IoT-Malware-Capture-1-1,0,none,none,0.0,0.0
20,6,0.0,1,0,0.0,0.0,0.0,20,20,0.0,1,0,0,0,1.0,0.0,1,1,0.0,0.0,2,1,0,0,0,0,0,1,1.0,0.0,0.0,0.0,0.0,0.0,0.0,0.0,0.0,0.0,0.0,0.0,0.0,0.0,0.0,0.0,0.0,0.0,0.0,0.5,0.0,0.0,0.0,1.0,0.0,0.0,0,0,1,0,0,0,malicious,1,PartOfAHorizontalPortScan,CTU-IoT-Malware-Capture-1-1,1,fragmentation,medium,0.0,3.0
180,6,2.99905,3,0,1.0003167669762092,0.0,0.0,180,180,0.0,3,0,0,0,3.0,0.0,1,1,0.0,0.0,0,1,0,0,0,0,0,1,1.0,0.0,0.0,0.0,0.0,0.0,0.0,0.0,0.0,0.0,0.0,0.0,0.0,0.0,0.0,0.0,2.99905,0.0,0.0,0.0,0.0,0.0,0.0,1.0,0.0,1.0,0,0,0,0,0,0,malicious,1,PartOfAHorizontalPortScan,CTU-IoT-Malware-Capture-1-1,1,fragmentation,medium,0.0,0.0
60,6,0.0,1,0,0.0,0.0,0.0,60,60,0.0,1,0,0,0,1.0,0.0,1,1,0.0,0.0,0,1,0,0,0,0,0,1,1.0,0.0,0.0,0.0,0.0,0.0,0.0,0.0,0.0,0.0,0.0,0.0,0.0,0.0,0.0,0.0,0.0,0.0,0.0,0.0,0.0,0.0,0.0,1.0,0.0,1.0,0,0,0,0,0,0,benign,0,-,CTU-IoT-Malware-Capture-1-1,0,none,none,0.0,0.0
30,6,0.0,1,0,0.0,0.0,0.0,30,30,0.0,1,0,0,0,1.0,0.0,1,1,0.0,0.0,1,1,0,0,0,0,0,1,1.0,0.0,0.0,0.0,0.0,0.0,0.0,0.0,0.0,0.0,0.0,0.0,0.0,0.0,0.0,0.0,0.0,0.0,0.0,0.25,0.0,0.0,0.0,1.0,0.0,0.0,0,0,1,0,0,0,malicious,1,PartOfAHorizontalPortScan,CTU-IoT-Malware-Capture-1-1,1,fragmentation,medium,1.0,2.0
60,6,0.0,1,0,0.0,0.0,0.0,60,60,0.0,1,0,0,0,1.0,0.0,1,1,0.0,0.0,0,1,0,0,0,0,0,1,1.0,0.0,0.0,0.0,0.0,0.0,0.0,0.0,0.0,0.0,0.0,0.0,0.0,0.0,0.0,0.0,0.0,0.0,0.0,0.0,0.0,0.0,0.0,1.0,0.0,1.0,0,0,0,0,0,0,malicious,1,PartOfAHorizontalPortScan,CTU-IoT-Malware-Capture-1-1,1,fragmentation,medium,0.0,0.0
40,17,0.0,1,0,0.0,0.0,0.0,40,40,0.0,1,0,0,0,1.0,0.0,1,1,0.0,0.0,0,1,0,0,0,0,0,1,1.0,0.0,0.0,0.0,0.0,0.0,0.0,0.0,0.0,0.0,0.0,0.0,0.0,0.0,0.0,0.0,0.0,0.0,0.0,0.0,0.0,0.0,0.0,1.0,0.0,1.0,0,0,0,0,0,0,benign,0,-,CTU-IoT-Malware-Capture-1-1,0,none,none,0.0,0.0
60,6,0.0,1,0,0.0,0.0,0.0,60,60,0.0,1,0,0,0,1.0,0.0,1,1,0.0,0.0,0,1,0,0,0,0,0,1,1.0,0.0,0.0,0.0,0.0,0.0,0.0,0.0,0.0,0.0,0.0,0.0,0.0,0.0,0.0,0.0,0.0,0.0,0.0,0.0,0.0,0.0,0.0,1.0,0.0,1.0,0,0,0,0,0,0,benign,0,-,CTU-IoT-Malware-Capture-1-1,0,none,none,0.0,0.0
20,6,0.0,1,0,0.0,0.0,0.0,20,20,0.0,1,0,0,0,1.0,0.0,1,1,0.0,0.0,3,1,0,0,0,0,0,1,1.0,0.0,0.0,0.0,0.0,0.0,0.0,0.0,0.0,0.0,0.0,0.0,0.0,0.0,0.0,0.0,0.0,0.0,0.0,0.75,0.0,0.0,0.0,1.0,0.0,0.0,0,0,1,0,0,0,malicious,1,PartOfAHorizontalPortScan,CTU-IoT-Malware-Capture-1-1,1,fragmentation,medium,0.0,4.0
60,6,0.0,1,0,0.0,0.0,0.0,60,60,0.0,1,0,0,0,1.0,0.0,1,1,0.0,0.0,0,1,0,0,0,0,0,1,1.0,0.0,0.0,0.0,0.0,0.0,0.0,0.0,0.0,0.0,0.0,0.0,0.0,0.0,0.0,0.0,0.0,0.0,0.0,0.0,0.0,0.0,0.0,1.0,0.0,1.0,0,0,0,0,0,0,malicious,1,PartOfAHorizontalPortScan,CTU-IoT-Malware-Capture-1-1,1,fragmentation,medium,0.0,0.0
40,17,0.0,1,0,0.0,0.0,0.0,40,40,0.0,1,0,0,0,1.0,0.0,1,1,0.0,0.0,0,1,0,0,0,0,0,1,1.0,0.0,0.0,0.0,0.0,0.0,0.0,0.0,0.0,0.0,0.0,0.0,0.0,0.0,0.0,0.0,0.0,0.0,0.0,0.0,0.0,0.0,0.0,1.0,0.0,1.0,0,0,0,0,0,0,benign,0,-,CTU-IoT-Malware-Capture-1-1,0,none,none,0.0,0.0
180,6,2.998556,3,0,1.000481565126681,0.0,0.0,180,180,0.0,3,0,0,0,3.0,0.0,1,1,0.0,0.0,0,1,0,0,0,0,0,1,1.0,0.0,0.0,0.0,0.0,0.0,0.0,0.0,0.0,0.0,0.0,0.0,0.0,0.0,0.0,0.0,2.998556,0.0,0.0,0.0,0.0,0.0,0.0,1.0,0.0,1.0,0,0,0,0,0,0,malicious,1,PartOfAHorizontalPortScan,CTU-IoT-Malware-Capture-1-1,1,fragmentation,medium,0.0,0.0
60,6,0.0,1,0,0.0,0.0,0.0,60,60,0.0,1,0,0,0,1.0,0.0,1,1,0.0,0.0,0,1,0,0,0,0,0,1,1.0,0.0,0.0,0.0,0.0,0.0,0.0,0.0,0.0,0.0,0.0,0.0,0.0,0.0,0.0,0.0,0.0,0.0,0.0,0.0,0.0,0.0,0.0,1.0,0.0,1.0,0,0,0,0,0,0,benign,0,-,CTU-IoT-Malware-Capture-1-1,0,none,none,0.0,0.0
40,17,0.0,1,0,0.0,0.0,0.0,40,40,0.0,1,0,0,0,1.0,0.0,1,1,0.0,0.0,0,1,0,0,0,0,0,1,1.0,0.0,0.0,0.0,0.0,0.0,0.0,0.0,0.0,0.0,0.0,0.0,0.0,0.0,0.0,0.0,0.0,0.0,0.0,0.0,0.0,0.0,0.0,1.0,0.0,1.0,0,0,0,0,0,0,benign,0,-,CTU-IoT-Malware-Capture-1-1,0,none,none,0.0,0.0
68,1,0.0,1,0,0.0,0.0,0.0,68,68,0.0,1,0,0,0,1.0,0.0,1,1,0.0,0.0,0,0,0,0,0,0,0,0,0.0,0.0,0.0,0.0,0.0,0.0,0.0,0.0,0.0,0.0,0.0,0.0,0.0,0.0,0.0,0.0,0.0,0.0,0.0,0.0,0.0,0.0,0.0,1.0,0.0,1.0,0,0,0,0,0,0,benign,0,-,CTU-IoT-Malware-Capture-1-1,0,none,none,0.0,0.0
56,1,0.0,1,0,0.0,0.0,0.0,56,56,0.0,1,0,0,0,1.0,0.0,1,1,0.0,0.0,0,0,0,0,0,0,0,0,0.0,0.0,0.0,0.0,0.0,0.0,0.0,0.0,0.0,0.0,0.0,0.0,0.0,0.0,0.0,0.0,0.0,0.0,0.0,0.0,0.0,0.0,0.0,1.0,0.0,1.0,0,0,0,0,0,0,benign,0,-,CTU-IoT-Malware-Capture-1-1,0,none,none,0.0,0.0
40,17,0.0,1,0,0.0,0.0,0.0,40,40,0.0,1,0,0,0,1.0,0.0,1,1,0.0,0.0,0,1,0,0,0,0,0,1,1.0,0.0,0.0,0.0,0.0,0.0,0.0,0.0,0.0,0.0,0.0,0.0,0.0,0.0,0.0,0.0,0.0,0.0,0.0,0.0,0.0,0.0,0.0,1.0,0.0,1.0,0,0,0,0,0,0,benign,0,-,CTU-IoT-Malware-Capture-1-1,0,none,none,0.0,0.0
60,6,0.0,1,0,0.0,0.0,0.0,60,60,0.0,1,0,0,0,1.0,0.0,1,1,0.0,0.0,0,1,0,0,0,0,0,1,1.0,0.0,0.0,0.0,0.0,0.0,0.0,0.0,0.0,0.0,0.0,0.0,0.0,0.0,0.0,0.0,0.0,0.0,0.0,0.0,0.0,0.0,0.0,1.0,0.0,1.0,0,0,0,0,0,0,malicious,1,PartOfAHorizontalPortScan,CTU-IoT-Malware-Capture-1-1,1,fragmentation,medium,0.0,0.0
40,17,0.0,1,0,0.0,0.0,0.0,40,40,0.0,1,0,0,0,1.0,0.0,1,1,0.0,0.0,0,1,0,0,0,0,0,1,1.0,0.0,0.0,0.0,0.0,0.0,0.0,0.0,0.0,0.0,0.0,0.0,0.0,0.0,0.0,0.0,0.0,0.0,0.0,0.0,0.0,0.0,0.0,1.0,0.0,1.0,0,0,0,0,0,0,benign,0,-,CTU-IoT-Malware-Capture-1-1,0,none,none,0.0,0.0
40,17,0.0,1,0,0.0,0.0,0.0,40,40,0.0,1,0,0,0,1.0,0.0,1,1,0.0,0.0,0,1,0,0,0,0,0,1,1.0,0.0,0.0,0.0,0.0,0.0,0.0,0.0,0.0,0.0,0.0,0.0,0.0,0.0,0.0,0.0,0.0,0.0,0.0,0.0,0.0,0.0,0.0,1.0,0.0,1.0,0,0,0,0,0,0,benign,0,-,CTU-IoT-Malware-Capture-1-1,0,none,none,0.0,0.0
152,17,0.001239,2,96,1614.2050040355125,77481.8401937046,48.0,152,152,0.0,1,1,48,48,1.0,1.0,1,1,0.0,0.0,0,1,0,1,0,0,0,2,0.5,0.0,0.5,0.0,0.0,0.0,0.0,0.0,0.0,0.0,0.0,0.0,0.0,0.0,0.0,0.0,0.001239,0.0,0.0,0.0,0.0,0.0,0.0,1.0,0.0,1.0,0,0,0,0,0,0,benign,0,-,CTU-IoT-Malware-Capture-1-1,0,none,none,0.0,0.0
40,17,0.0,1,0,0.0,0.0,0.0,40,40,0.0,1,0,0,0,1.0,0.0,1,1,0.0,0.0,0,1,0,0,0,0,0,1,1.0,0.0,0.0,0.0,0.0,0.0,0.0,0.0,0.0,0.0,0.0,0.0,0.0,0.0,0.0,0.0,0.0,0.0,0.0,0.0,0.0,0.0,0.0,1.0,0.0,1.0,0,0,0,0,0,0,benign,0,-,CTU-IoT-Malware-Capture-1-1,0,none,none,0.0,0.0
40,17,0.0,1,0,0.0,0.0,0.0,40,40,0.0,1,0,0,0,1.0,0.0,1,1,0.0,0.0,0,1,0,0,0,0,0,1,1.0,0.0,0.0,0.0,0.0,0.0,0.0,0.0,0.0,0.0,0.0,0.0,0.0,0.0,0.0,0.0,0.0,0.0,0.0,0.0,0.0,0.0,0.0,1.0,0.0,1.0,0,0,0,0,0,0,benign,0,-,CTU-IoT-Malware-Capture-1-1,0,none,none,0.0,0.0
40,17,0.0,1,0,0.0,0.0,0.0,40,40,0.0,1,0,0,0,1.0,0.0,1,1,0.0,0.0,0,1,0,0,0,0,0,1,1.0,0.0,0.0,0.0,0.0,0.0,0.0,0.0,0.0,0.0,0.0,0.0,0.0,0.0,0.0,0.0,0.0,0.0,0.0,0.0,0.0,0.0,0.0,1.0,0.0,1.0,0,0,0,0,0,0,benign,0,-,CTU-IoT-Malware-Capture-1-1,0,none,none,0.0,0.0
40,17,0.0,1,0,0.0,0.0,0.0,40,40,0.0,1,0,0,0,1.0,0.0,1,1,0.0,0.0,0,1,0,0,0,0,0,1,1.0,0.0,0.0,0.0,0.0,0.0,0.0,0.0,0.0,0.0,0.0,0.0,0.0,0.0,0.0,0.0,0.0,0.0,0.0,0.0,0.0,0.0,0.0,1.0,0.0,1.0,0,0,0,0,0,0,benign,0,-,CTU-IoT-Malware-Capture-1-1,0,none,none,0.0,0.0
40,17,0.0,1,0,0.0,0.0,0.0,40,40,0.0,1,0,0,0,1.0,0.0,1,1,0.0,0.0,0,1,0,0,0,0,0,1,1.0,0.0,0.0,0.0,0.0,0.0,0.0,0.0,0.0,0.0,0.0,0.0,0.0,0.0,0.0,0.0,0.0,0.0,0.0,0.0,0.0,0.0,0.0,1.0,0.0,1.0,0,0,0,0,0,0,benign,0,-,CTU-IoT-Malware-Capture-1-1,0,none,none,0.0,0.0
40,17,0.0,1,0,0.0,0.0,0.0,40,40,0.0,1,0,0,0,1.0,0.0,1,1,0.0,0.0,0,1,0,0,0,0,0,1,1.0,0.0,0.0,0.0,0.0,0.0,0.0,0.0,0.0,0.0,0.0,0.0,0.0,0.0,0.0,0.0,0.0,0.0,0.0,0.0,0.0,0.0,0.0,1.0,0.0,1.0,0,0,0,0,0,0,benign,0,-,CTU-IoT-Malware-Capture-1-1,0,none,none,0.0,0.0
60,6,0.0,1,0,0.0,0.0,0.0,60,60,0.0,1,0,0,0,1.0,0.0,1,1,0.0,0.0,0,1,0,0,0,0,0,1,1.0,0.0,0.0,0.0,0.0,0.0,0.0,0.0,0.0,0.0,0.0,0.0,0.0,0.0,0.0,0.0,0.0,0.0,0.0,0.0,0.0,0.0,0.0,1.0,0.0,1.0,0,0,0,0,0,0,malicious,1,PartOfAHorizontalPortScan,CTU-IoT-Malware-Capture-1-1,1,fragmentation,medium,0.0,0.0
36,6,2.99905,3,0,1.0003167669762092,0.0,0.0,36,36,0.0,3,0,0,0,3.0,0.0,1,1,0.0,0.0,4,1,0,0,0,0,0,1,1.0,0.0,0.0,0.0,0.0,0.0,0.0,0.0,0.0,0.0,0.0,0.0,0.0,0.0,0.0,0.0,2.99905,0.0,0.0,1.0,0.0,0.0,0.0,1.0,0.0,0.0,0,0,1,0,0,0,malicious,1,PartOfAHorizontalPortScan,CTU-IoT-Malware-Capture-1-1,1,fragmentation,medium,3.0,5.0
180,6,2.999057,3,0,1.0003144321698454,0.0,0.0,180,180,0.0,3,0,0,0,3.0,0.0,1,1,0.0,0.0,0,1,0,0,0,0,0,1,1.0,0.0,0.0,0.0,0.0,0.0,0.0,0.0,0.0,0.0,0.0,0.0,0.0,0.0,0.0,0.0,2.999057,0.0,0.0,0.0,0.0,0.0,0.0,1.0,0.0,1.0,0,0,0,0,0,0,malicious,1,PartOfAHorizontalPortScan,CTU-IoT-Malware-Capture-1-1,1,fragmentation,medium,0.0,0.0
40,17,0.0,1,0,0.0,0.0,0.0,40,40,0.0,1,0,0,0,1.0,0.0,1,1,0.0,0.0,0,1,0,0,0,0,0,1,1.0,0.0,0.0,0.0,0.0,0.0,0.0,0.0,0.0,0.0,0.0,0.0,0.0,0.0,0.0,0.0,0.0,0.0,0.0,0.0,0.0,0.0,0.0,1.0,0.0,1.0,0,0,0,0,0,0,benign,0,-,CTU-IoT-Malware-Capture-1-1,0,none,none,0.0,0.0
40,17,0.0,1,0,0.0,0.0,0.0,40,40,0.0,1,0,0,0,1.0,0.0,1,1,0.0,0.0,0,1,0,0,0,0,0,1,1.0,0.0,0.0,0.0,0.0,0.0,0.0,0.0,0.0,0.0,0.0,0.0,0.0,0.0,0.0,0.0,0.0,0.0,0.0,0.0,0.0,0.0,0.0,1.0,0.0,1.0,0,0,0,0,0,0,benign,0,-,CTU-IoT-Malware-Capture-1-1,0,none,none,0.0,0.0
40,17,0.0,1,0,0.0,0.0,0.0,40,40,0.0,1,0,0,0,1.0,0.0,1,1,0.0,0.0,0,1,0,0,0,0,0,1,1.0,0.0,0.0,0.0,0.0,0.0,0.0,0.0,0.0,0.0,0.0,0.0,0.0,0.0,0.0,0.0,0.0,0.0,0.0,0.0,0.0,0.0,0.0,1.0,0.0,1.0,0,0,0,0,0,0,benign,0,-,CTU-IoT-Malware-Capture-1-1,0,none,none,0.0,0.0
40,17,0.0,1,0,0.0,0.0,0.0,40,40,0.0,1,0,0,0,1.0,0.0,1,1,0.0,0.0,0,1,0,0,0,0,0,1,1.0,0.0,0.0,0.0,0.0,0.0,0.0,0.0,0.0,0.0,0.0,0.0,0.0,0.0,0.0,0.0,0.0,0.0,0.0,0.0,0.0,0.0,0.0,1.0,0.0,1.0,0,0,0,0,0,0,benign,0,-,CTU-IoT-Malware-Capture-1-1,0,none,none,0.0,0.0
40,17,0.0,1,0,0.0,0.0,0.0,40,40,0.0,1,0,0,0,1.0,0.0,1,1,0.0,0.0,0,1,0,0,0,0,0,1,1.0,0.0,0.0,0.0,0.0,0.0,0.0,0.0,0.0,0.0,0.0,0.0,0.0,0.0,0.0,0.0,0.0,0.0,0.0,0.0,0.0,0.0,0.0,1.0,0.0,1.0,0,0,0,0,0,0,benign,0,-,CTU-IoT-Malware-Capture-1-1,0,none,none,0.0,0.0
45,6,2.998807,3,0,1.000397824868356,0.0,0.0,45,45,0.0,3,0,0,0,3.0,0.0,1,1,0.0,0.0,3,1,0,0,0,0,0,1,1.0,0.0,0.0,0.0,0.0,0.0,0.0,0.0,0.0,0.0,0.0,0.0,0.0,0.0,0.0,0.0,2.998807,0.0,0.0,0.75,0.0,0.0,0.0,1.0,0.0,0.0,0,0,1,0,0,0,malicious,1,PartOfAHorizontalPortScan,CTU-IoT-Malware-Capture-1-1,1,fragmentation,medium,3.0,4.0
152,17,0.026467,2,96,75.56579891940908,3627.1583481316356,48.0,152,152,0.0,1,1,48,48,1.0,1.0,1,1,0.0,0.0,0,1,0,1,0,0,0,2,0.5,0.0,0.5,0.0,0.0,0.0,0.0,0.0,0.0,0.0,0.0,0.0,0.0,0.0,0.0,0.0,0.026467,0.0,0.0,0.0,0.0,0.0,0.0,1.0,0.0,1.0,0,0,0,0,0,0,benign,0,-,CTU-IoT-Malware-Capture-1-1,0,none,none,0.0,0.0
180,6,2.998806,3,0,1.0003981584670698,0.0,0.0,180,180,0.0,3,0,0,0,3.0,0.0,1,1,0.0,0.0,0,1,0,0,0,0,0,1,1.0,0.0,0.0,0.0,0.0,0.0,0.0,0.0,0.0,0.0,0.0,0.0,0.0,0.0,0.0,0.0,2.998806,0.0,0.0,0.0,0.0,0.0,0.0,1.0,0.0,1.0,0,0,0,0,0,0,malicious,1,PartOfAHorizontalPortScan,CTU-IoT-Malware-Capture-1-1,1,fragmentation,medium,0.0,0.0
40,17,0.0,1,0,0.0,0.0,0.0,40,40,0.0,1,0,0,0,1.0,0.0,1,1,0.0,0.0,0,1,0,0,0,0,0,1,1.0,0.0,0.0,0.0,0.0,0.0,0.0,0.0,0.0,0.0,0.0,0.0,0.0,0.0,0.0,0.0,0.0,0.0,0.0,0.0,0.0,0.0,0.0,1.0,0.0,1.0,0,0,0,0,0,0,benign,0,-,CTU-IoT-Malware-Capture-1-1,0,none,none,0.0,0.0
20,6,0.0,1,0,0.0,0.0,0.0,20,20,0.0,1,0,0,0,1.0,0.0,1,1,0.0,0.0,4,1,0,0,0,0,0,1,1.0,0.0,0.0,0.0,0.0,0.0,0.0,0.0,0.0,0.0,0.0,0.0,0.0,0.0,0.0,0.0,0.0,0.0,0.0,1.0,0.0,0.0,0.0,1.0,0.0,0.0,0,0,1,0,0,0,malicious,1,PartOfAHorizontalPortScan,CTU-IoT-Malware-Capture-1-1,1,fragmentation,medium,2.0,5.0
40,17,0.0,1,0,0.0,0.0,0.0,40,40,0.0,1,0,0,0,1.0,0.0,1,1,0.0,0.0,0,1,0,0,0,0,0,1,1.0,0.0,0.0,0.0,0.0,0.0,0.0,0.0,0.0,0.0,0.0,0.0,0.0,0.0,0.0,0.0,0.0,0.0,0.0,0.0,0.0,0.0,0.0,1.0,0.0,1.0,0,0,0,0,0,0,benign,0,-,CTU-IoT-Malware-Capture-1-1,0,none,none,0.0,0.0
60,6,0.0,1,0,0.0,0.0,0.0,60,60,0.0,1,0,0,0,1.0,0.0,1,1,0.0,0.0,0,1,0,0,0,0,0,1,1.0,0.0,0.0,0.0,0.0,0.0,0.0,0.0,0.0,0.0,0.0,0.0,0.0,0.0,0.0,0.0,0.0,0.0,0.0,0.0,0.0,0.0,0.0,1.0,0.0,1.0,0,0,0,0,0,0,benign,0,-,CTU-IoT-Malware-Capture-1-1,0,none,none,0.0,0.0
45,6,2.998819,3,0,1.000393821701143,0.0,0.0,45,45,0.0,3,0,0,0,3.0,0.0,1,1,0.0,0.0,3,1,0,0,0,0,0,1,1.0,0.0,0.0,0.0,0.0,0.0,0.0,0.0,0.0,0.0,0.0,0.0,0.0,0.0,0.0,0.0,2.998819,0.0,0.0,0.75,0.0,0.0,0.0,1.0,0.0,0.0,0,0,1,0,0,0,malicious,1,PartOfAHorizontalPortScan,CTU-IoT-Malware-Capture-1-1,1,fragmentation,medium,3.0,4.0
40,17,0.0,1,0,0.0,0.0,0.0,40,40,0.0,1,0,0,0,1.0,0.0,1,1,0.0,0.0,0,1,0,0,0,0,0,1,1.0,0.0,0.0,0.0,0.0,0.0,0.0,0.0,0.0,0.0,0.0,0.0,0.0,0.0,0.0,0.0,0.0,0.0,0.0,0.0,0.0,0.0,0.0,1.0,0.0,1.0,0,0,0,0,0,0,benign,0,-,CTU-IoT-Malware-Capture-1-1,0,none,none,0.0,0.0
60,6,0.0,1,0,0.0,0.0,0.0,60,60,0.0,1,0,0,0,1.0,0.0,1,1,0.0,0.0,0,1,0,0,0,0,0,1,1.0,0.0,0.0,0.0,0.0,0.0,0.0,0.0,0.0,0.0,0.0,0.0,0.0,0.0,0.0,0.0,0.0,0.0,0.0,0.0,0.0,0.0,0.0,1.0,0.0,1.0,0,0,0,0,0,0,malicious,1,PartOfAHorizontalPortScan,CTU-IoT-Malware-Capture-1-1,1,fragmentation,medium,0.0,0.0
60,6,0.0,1,0,0.0,0.0,0.0,60,60,0.0,1,0,0,0,1.0,0.0,1,1,0.0,0.0,0,1,0,0,0,0,0,1,1.0,0.0,0.0,0.0,0.0,0.0,0.0,0.0,0.0,0.0,0.0,0.0,0.0,0.0,0.0,0.0,0.0,0.0,0.0,0.0,0.0,0.0,0.0,1.0,0.0,1.0,0,0,0,0,0,0,benign,0,-,CTU-IoT-Malware-Capture-1-1,0,none,none,0.0,0.0
40,17,0.0,1,0,0.0,0.0,0.0,40,40,0.0,1,0,0,0,1.0,0.0,1,1,0.0,0.0,0,1,0,0,0,0,0,1,1.0,0.0,0.0,0.0,0.0,0.0,0.0,0.0,0.0,0.0,0.0,0.0,0.0,0.0,0.0,0.0,0.0,0.0,0.0,0.0,0.0,0.0,0.0,1.0,0.0,1.0,0,0,0,0,0,0,benign,0,-,CTU-IoT-Malware-Capture-1-1,0,none,none,0.0,0.0
60,6,0.0,1,0,0.0,0.0,0.0,60,60,0.0,1,0,0,0,1.0,0.0,1,1,0.0,0.0,0,1,0,0,0,0,0,1,1.0,0.0,0.0,0.0,0.0,0.0,0.0,0.0,0.0,0.0,0.0,0.0,0.0,0.0,0.0,0.0,0.0,0.0,0.0,0.0,0.0,0.0,0.0,1.0,0.0,1.0,0,0,0,0,0,0,malicious,1,PartOfAHorizontalPortScan,CTU-IoT-Malware-Capture-1-1,1,fragmentation,medium,0.0,0.0
36,6,2.999319,3,0,1.0002270515406997,0.0,0.0,36,36,0.0,3,0,0,0,3.0,0.0,1,1,0.0,0.0,4,1,0,0,0,0,0,1,1.0,0.0,0.0,0.0,0.0,0.0,0.0,0.0,0.0,0.0,0.0,0.0,0.0,0.0,0.0,0.0,2.999319,0.0,0.0,1.0,0.0,0.0,0.0,1.0,0.0,0.0,0,0,1,0,0,0,malicious,1,PartOfAHorizontalPortScan,CTU-IoT-Malware-Capture-1-1,1,fragmentation,medium,0.0,5.0
40,17,0.0,1,0,0.0,0.0,0.0,40,40,0.0,1,0,0,0,1.0,0.0,1,1,0.0,0.0,0,1,0,0,0,0,0,1,1.0,0.0,0.0,0.0,0.0,0.0,0.0,0.0,0.0,0.0,0.0,0.0,0.0,0.0,0.0,0.0,0.0,0.0,0.0,0.0,0.0,0.0,0.0,1.0,0.0,1.0,0,0,0,0,0,0,benign,0,-,CTU-IoT-Malware-Capture-1-1,0,none,none,0.0,0.0
50,6,0.304093,2,0,6.576935345437087,0.0,0.0,50,50,0.0,1,1,0,0,1.0,0.0,1,1,0.0,0.0,1,0,0,0,1,0,0,1,0.0,0.0,0.0,1.0,0.0,0.0,0.0,0.0,0.0,0.0,0.0,0.0,0.0,0.0,0.0,0.0,0.304093,0.0,0.0,0.25,0.0,0.0,0.0,1.0,0.0,0.0,0,0,1,0,0,0,malicious,1,PartOfAHorizontalPortScan,CTU-IoT-Malware-Capture-1-1,1,fragmentation,medium,0.0,2.0
45,6,2.99881,3,0,1.000396824073549,0.0,0.0,45,45,0.0,3,0,0,0,3.0,0.0,1,1,0.0,0.0,3,1,0,0,0,0,0,1,1.0,0.0,0.0,0.0,0.0,0.0,0.0,0.0,0.0,0.0,0.0,0.0,0.0,0.0,0.0,0.0,2.99881,0.0,0.0,0.75,0.0,0.0,0.0,1.0,0.0,0.0,0,0,1,0,0,0,malicious,1,PartOfAHorizontalPortScan,CTU-IoT-Malware-Capture-1-1,1,fragmentation,medium,1.0,4.0
180,6,2.998805,3,0,1.0003984920660063,0.0,0.0,180,180,0.0,3,0,0,0,3.0,0.0,1,1,0.0,0.0,0,1,0,0,0,0,0,1,1.0,0.0,0.0,0.0,0.0,0.0,0.0,0.0,0.0,0.0,0.0,0.0,0.0,0.0,0.0,0.0,2.998805,0.0,0.0,0.0,0.0,0.0,0.0,1.0,0.0,1.0,0,0,0,0,0,0,malicious,1,PartOfAHorizontalPortScan,CTU-IoT-Malware-Capture-1-1,1,fragmentation,medium,0.0,0.0
60,6,0.0,1,0,0.0,0.0,0.0,60,60,0.0,1,0,0,0,1.0,0.0,1,1,0.0,0.0,0,1,0,0,0,0,0,1,1.0,0.0,0.0,0.0,0.0,0.0,0.0,0.0,0.0,0.0,0.0,0.0,0.0,0.0,0.0,0.0,0.0,0.0,0.0,0.0,0.0,0.0,0.0,1.0,0.0,1.0,0,0,0,0,0,0,benign,0,-,CTU-IoT-Malware-Capture-1-1,0,none,none,0.0,0.0
40,17,0.0,1,0,0.0,0.0,0.0,40,40,0.0,1,0,0,0,1.0,0.0,1,1,0.0,0.0,0,1,0,0,0,0,0,1,1.0,0.0,0.0,0.0,0.0,0.0,0.0,0.0,0.0,0.0,0.0,0.0,0.0,0.0,0.0,0.0,0.0,0.0,0.0,0.0,0.0,0.0,0.0,1.0,0.0,1.0,0,0,0,0,0,0,benign,0,-,CTU-IoT-Malware-Capture-1-1,0,none,none,0.0,0.0
40,17,0.0,1,0,0.0,0.0,0.0,40,40,0.0,1,0,0,0,1.0,0.0,1,1,0.0,0.0,0,1,0,0,0,0,0,1,1.0,0.0,0.0,0.0,0.0,0.0,0.0,0.0,0.0,0.0,0.0,0.0,0.0,0.0,0.0,0.0,0.0,0.0,0.0,0.0,0.0,0.0,0.0,1.0,0.0,1.0,0,0,0,0,0,0,benign,0,-,CTU-IoT-Malware-Capture-1-1,0,none,none,0.0,0.0
20,6,0.0,1,0,0.0,0.0,0.0,20,20,0.0,1,0,0,0,1.0,0.0,1,1,0.0,0.0,2,1,0,0,0,0,0,1,1.0,0.0,0.0,0.0,0.0,0.0,0.0,0.0,0.0,0.0,0.0,0.0,0.0,0.0,0.0,0.0,0.0,0.0,0.0,0.5,0.0,0.0,0.0,1.0,0.0,0.0,0,0,1,0,0,0,malicious,1,PartOfAHorizontalPortScan,CTU-IoT-Malware-Capture-1-1,1,fragmentation,medium,1.0,3.0
40,17,0.0,1,0,0.0,0.0,0.0,40,40,0.0,1,0,0,0,1.0,0.0,1,1,0.0,0.0,0,1,0,0,0,0,0,1,1.0,0.0,0.0,0.0,0.0,0.0,0.0,0.0,0.0,0.0,0.0,0.0,0.0,0.0,0.0,0.0,0.0,0.0,0.0,0.0,0.0,0.0,0.0,1.0,0.0,1.0,0,0,0,0,0,0,benign,0,-,CTU-IoT-Malware-Capture-1-1,0,none,none,0.0,0.0
40,17,0.0,1,0,0.0,0.0,0.0,40,40,0.0,1,0,0,0,1.0,0.0,1,1,0.0,0.0,0,1,0,0,0,0,0,1,1.0,0.0,0.0,0.0,0.0,0.0,0.0,0.0,0.0,0.0,0.0,0.0,0.0,0.0,0.0,0.0,0.0,0.0,0.0,0.0,0.0,0.0,0.0,1.0,0.0,1.0,0,0,0,0,0,0,benign,0,-,CTU-IoT-Malware-Capture-1-1,0,none,none,0.0,0.0
20,6,0.0,1,0,0.0,0.0,0.0,20,20,0.0,1,0,0,0,1.0,0.0,1,1,0.0,0.0,2,1,0,0,0,0,0,1,1.0,0.0,0.0,0.0,0.0,0.0,0.0,0.0,0.0,0.0,0.0,0.0,0.0,0.0,0.0,0.0,0.0,0.0,0.0,0.5,0.0,0.0,0.0,1.0,0.0,0.0,0,0,1,0,0,0,malicious,1,PartOfAHorizontalPortScan,CTU-IoT-Malware-Capture-1-1,1,fragmentation,medium,2.0,3.0
20,6,0.0,1,0,0.0,0.0,0.0,20,20,0.0,1,0,0,0,1.0,0.0,1,1,0.0,0.0,4,1,0,0,0,0,0,1,1.0,0.0,0.0,0.0,0.0,0.0,0.0,0.0,0.0,0.0,0.0,0.0,0.0,0.0,0.0,0.0,0.0,0.0,0.0,1.0,0.0,0.0,0.0,1.0,0.0,0.0,0,0,1,0,0,0,malicious,1,PartOfAHorizontalPortScan,CTU-IoT-Malware-Capture-1-1,1,fragmentation,medium,1.0,5.0
30,6,0.0,1,0,0.0,0.0,0.0,30,30,0.0,1,0,0,0,1.0,0.0,1,1,0.0,0.0,1,1,0,0,0,0,0,1,1.0,0.0,0.0,0.0,0.0,0.0,0.0,0.0,0.0,0.0,0.0,0.0,0.0,0.0,0.0,0.0,0.0,0.0,0.0,0.25,0.0,0.0,0.0,1.0,0.0,0.0,0,0,1,0,0,0,malicious,1,PartOfAHorizontalPortScan,CTU-IoT-Malware-Capture-1-1,1,fragmentation,medium,1.0,2.0
60,6,0.0,1,0,0.0,0.0,0.0,60,60,0.0,1,0,0,0,1.0,0.0,1,1,0.0,0.0,0,1,0,0,0,0,0,1,1.0,0.0,0.0,0.0,0.0,0.0,0.0,0.0,0.0,0.0,0.0,0.0,0.0,0.0,0.0,0.0,0.0,0.0,0.0,0.0,0.0,0.0,0.0,1.0,0.0,1.0,0,0,0,0,0,0,malicious,1,PartOfAHorizontalPortScan,CTU-IoT-Malware-Capture-1-1,1,fragmentation,medium,0.0,0.0
40,17,0.0,1,0,0.0,0.0,0.0,40,40,0.0,1,0,0,0,1.0,0.0,1,1,0.0,0.0,0,1,0,0,0,0,0,1,1.0,0.0,0.0,0.0,0.0,0.0,0.0,0.0,0.0,0.0,0.0,0.0,0.0,0.0,0.0,0.0,0.0,0.0,0.0,0.0,0.0,0.0,0.0,1.0,0.0,1.0,0,0,0,0,0,0,benign,0,-,CTU-IoT-Malware-Capture-1-1,0,none,none,0.0,0.0
20,6,0.0,1,0,0.0,0.0,0.0,20,20,0.0,1,0,0,0,1.0,0.0,1,1,0.0,0.0,3,1,0,0,0,0,0,1,1.0,0.0,0.0,0.0,0.0,0.0,0.0,0.0,0.0,0.0,0.0,0.0,0.0,0.0,0.0,0.0,0.0,0.0,0.0,0.75,0.0,0.0,0.0,1.0,0.0,0.0,0,0,1,0,0,0,malicious,1,PartOfAHorizontalPortScan,CTU-IoT-Malware-Capture-1-1,1,fragmentation,medium,2.0,4.0
60,6,0.0,1,0,0.0,0.0,0.0,60,60,0.0,1,0,0,0,1.0,0.0,1,1,0.0,0.0,0,1,0,0,0,0,0,1,1.0,0.0,0.0,0.0,0.0,0.0,0.0,0.0,0.0,0.0,0.0,0.0,0.0,0.0,0.0,0.0,0.0,0.0,0.0,0.0,0.0,0.0,0.0,1.0,0.0,1.0,0,0,0,0,0,0,malicious,1,PartOfAHorizontalPortScan,CTU-IoT-Malware-Capture-1-1,1,fragmentation,medium,0.0,0.0
40,17,0.0,1,0,0.0,0.0,0.0,40,40,0.0,1,0,0,0,1.0,0.0,1,1,0.0,0.0,0,1,0,0,0,0,0,1,1.0,0.0,0.0,0.0,0.0,0.0,0.0,0.0,0.0,0.0,0.0,0.0,0.0,0.0,0.0,0.0,0.0,0.0,0.0,0.0,0.0,0.0,0.0,1.0,0.0,1.0,0,0,0,0,0,0,benign,0,-,CTU-IoT-Malware-Capture-1-1,0,none,none,0.0,0.0
60,6,0.0,1,0,0.0,0.0,0.0,60,60,0.0,1,0,0,0,1.0,0.0,1,1,0.0,0.0,0,1,0,0,0,0,0,1,1.0,0.0,0.0,0.0,0.0,0.0,0.0,0.0,0.0,0.0,0.0,0.0,0.0,0.0,0.0,0.0,0.0,0.0,0.0,0.0,0.0,0.0,0.0,1.0,0.0,1.0,0,0,0,0,0,0,malicious,1,PartOfAHorizontalPortScan,CTU-IoT-Malware-Capture-1-1,1,fragmentation,medium,0.0,0.0
40,17,0.0,1,0,0.0,0.0,0.0,40,40,0.0,1,0,0,0,1.0,0.0,1,1,0.0,0.0,0,1,0,0,0,0,0,1,1.0,0.0,0.0,0.0,0.0,0.0,0.0,0.0,0.0,0.0,0.0,0.0,0.0,0.0,0.0,0.0,0.0,0.0,0.0,0.0,0.0,0.0,0.0,1.0,0.0,1.0,0,0,0,0,0,0,benign,0,-,CTU-IoT-Malware-Capture-1-1,0,none,none,0.0,0.0
40,17,0.0,1,0,0.0,0.0,0.0,40,40,0.0,1,0,0,0,1.0,0.0,1,1,0.0,0.0,0,1,0,0,0,0,0,1,1.0,0.0,0.0,0.0,0.0,0.0,0.0,0.0,0.0,0.0,0.0,0.0,0.0,0.0,0.0,0.0,0.0,0.0,0.0,0.0,0.0,0.0,0.0,1.0,0.0,1.0,0,0,0,0,0,0,benign,0,-,CTU-IoT-Malware-Capture-1-1,0,none,none,0.0,0.0
20,6,0.0,1,0,0.0,0.0,0.0,20,20,0.0,1,0,0,0,1.0,0.0,1,1,0.0,0.0,3,1,0,0,0,0,0,1,1.0,0.0,0.0,0.0,0.0,0.0,0.0,0.0,0.0,0.0,0.0,0.0,0.0,0.0,0.0,0.0,0.0,0.0,0.0,0.75,0.0,0.0,0.0,1.0,0.0,0.0,0,0,1,0,0,0,malicious,1,PartOfAHorizontalPortScan,CTU-IoT-Malware-Capture-1-1,1,fragmentation,medium,1.0,4.0
40,17,0.0,1,0,0.0,0.0,0.0,40,40,0.0,1,0,0,0,1.0,0.0,1,1,0.0,0.0,0,1,0,0,0,0,0,1,1.0,0.0,0.0,0.0,0.0,0.0,0.0,0.0,0.0,0.0,0.0,0.0,0.0,0.0,0.0,0.0,0.0,0.0,0.0,0.0,0.0,0.0,0.0,1.0,0.0,1.0,0,0,0,0,0,0,benign,0,-,CTU-IoT-Malware-Capture-1-1,0,none,none,0.0,0.0
40,17,0.0,1,0,0.0,0.0,0.0,40,40,0.0,1,0,0,0,1.0,0.0,1,1,0.0,0.0,0,1,0,0,0,0,0,1,1.0,0.0,0.0,0.0,0.0,0.0,0.0,0.0,0.0,0.0,0.0,0.0,0.0,0.0,0.0,0.0,0.0,0.0,0.0,0.0,0.0,0.0,0.0,1.0,0.0,1.0,0,0,0,0,0,0,benign,0,-,CTU-IoT-Malware-Capture-1-1,0,none,none,0.0,0.0
20,6,0.0,1,0,0.0,0.0,0.0,20,20,0.0,1,0,0,0,1.0,0.0,1,1,0.0,0.0,2,1,0,0,0,0,0,1,1.0,0.0,0.0,0.0,0.0,0.0,0.0,0.0,0.0,0.0,0.0,0.0,0.0,0.0,0.0,0.0,0.0,0.0,0.0,0.5,0.0,0.0,0.0,1.0,0.0,0.0,0,0,1,0,0,0,malicious,1,PartOfAHorizontalPortScan,CTU-IoT-Malware-Capture-1-1,1,fragmentation,medium,1.0,3.0
60,6,0.0,1,0,0.0,0.0,0.0,60,60,0.0,1,0,0,0,1.0,0.0,1,1,0.0,0.0,0,1,0,0,0,0,0,1,1.0,0.0,0.0,0.0,0.0,0.0,0.0,0.0,0.0,0.0,0.0,0.0,0.0,0.0,0.0,0.0,0.0,0.0,0.0,0.0,0.0,0.0,0.0,1.0,0.0,1.0,0,0,0,0,0,0,malicious,1,PartOfAHorizontalPortScan,CTU-IoT-Malware-Capture-1-1,1,fragmentation,medium,0.0,0.0
60,6,2.998808,3,0,1.0003974912698645,0.0,0.0,60,60,0.0,3,0,0,0,3.0,0.0,1,1,0.0,0.0,2,1,0,0,0,0,0,1,1.0,0.0,0.0,0.0,0.0,0.0,0.0,0.0,0.0,0.0,0.0,0.0,0.0,0.0,0.0,0.0,2.998808,0.0,0.0,0.5,0.0,0.0,0.0,1.0,0.0,0.0,0,0,1,0,0,0,malicious,1,PartOfAHorizontalPortScan,CTU-IoT-Malware-Capture-1-1,1,fragmentation,medium,2.0,3.0
20,6,0.0,1,0,0.0,0.0,0.0,20,20,0.0,1,0,0,0,1.0,0.0,1,1,0.0,0.0,4,1,0,0,0,0,0,1,1.0,0.0,0.0,0.0,0.0,0.0,0.0,0.0,0.0,0.0,0.0,0.0,0.0,0.0,0.0,0.0,0.0,0.0,0.0,1.0,0.0,0.0,0.0,1.0,0.0,0.0,0,0,1,0,0,0,malicious,1,PartOfAHorizontalPortScan,CTU-IoT-Malware-Capture-1-1,1,fragmentation,medium,0.0,5.0
20,6,0.0,1,0,0.0,0.0,0.0,20,20,0.0,1,0,0,0,1.0,0.0,1,1,0.0,0.0,3,1,0,0,0,0,0,1,1.0,0.0,0.0,0.0,0.0,0.0,0.0,0.0,0.0,0.0,0.0,0.0,0.0,0.0,0.0,0.0,0.0,0.0,0.0,0.75,0.0,0.0,0.0,1.0,0.0,0.0,0,0,1,0,0,0,malicious,1,PartOfAHorizontalPortScan,CTU-IoT-Malware-Capture-1-1,1,fragmentation,medium,3.0,4.0
40,17,0.0,1,0,0.0,0.0,0.0,40,40,0.0,1,0,0,0,1.0,0.0,1,1,0.0,0.0,0,1,0,0,0,0,0,1,1.0,0.0,0.0,0.0,0.0,0.0,0.0,0.0,0.0,0.0,0.0,0.0,0.0,0.0,0.0,0.0,0.0,0.0,0.0,0.0,0.0,0.0,0.0,1.0,0.0,1.0,0,0,0,0,0,0,benign,0,-,CTU-IoT-Malware-Capture-1-1,0,none,none,0.0,0.0
40,17,0.0,1,0,0.0,0.0,0.0,40,40,0.0,1,0,0,0,1.0,0.0,1,1,0.0,0.0,0,1,0,0,0,0,0,1,1.0,0.0,0.0,0.0,0.0,0.0,0.0,0.0,0.0,0.0,0.0,0.0,0.0,0.0,0.0,0.0,0.0,0.0,0.0,0.0,0.0,0.0,0.0,1.0,0.0,1.0,0,0,0,0,0,0,benign,0,-,CTU-IoT-Malware-Capture-1-1,0,none,none,0.0,0.0
36,6,2.999319,3,0,1.0002270515406997,0.0,0.0,36,36,0.0,3,0,0,0,3.0,0.0,1,1,0.0,0.0,4,1,0,0,0,0,0,1,1.0,0.0,0.0,0.0,0.0,0.0,0.0,0.0,0.0,0.0,0.0,0.0,0.0,0.0,0.0,0.0,2.999319,0.0,0.0,1.0,0.0,0.0,0.0,1.0,0.0,0.0,0,0,1,0,0,0,malicious,1,PartOfAHorizontalPortScan,CTU-IoT-Malware-Capture-1-1,1,fragmentation,medium,2.0,5.0
180,6,2.999077,3,0,1.0003077613545768,0.0,0.0,180,180,0.0,3,0,0,0,3.0,0.0,1,1,0.0,0.0,0,1,0,0,0,0,0,1,1.0,0.0,0.0,0.0,0.0,0.0,0.0,0.0,0.0,0.0,0.0,0.0,0.0,0.0,0.0,0.0,2.999077,0.0,0.0,0.0,0.0,0.0,0.0,1.0,0.0,1.0,0,0,0,0,0,0,benign,0,-,CTU-IoT-Malware-Capture-1-1,0,none,none,0.0,0.0
40,17,0.0,1,0,0.0,0.0,0.0,40,40,0.0,1,0,0,0,1.0,0.0,1,1,0.0,0.0,0,1,0,0,0,0,0,1,1.0,0.0,0.0,0.0,0.0,0.0,0.0,0.0,0.0,0.0,0.0,0.0,0.0,0.0,0.0,0.0,0.0,0.0,0.0,0.0,0.0,0.0,0.0,1.0,0.0,1.0,0,0,0,0,0,0,benign,0,-,CTU-IoT-Malware-Capture-1-1,0,none,none,0.0,0.0
60,6,0.0,1,0,0.0,0.0,0.0,60,60,0.0,1,0,0,0,1.0,0.0,1,1,0.0,0.0,0,1,0,0,0,0,0,1,1.0,0.0,0.0,0.0,0.0,0.0,0.0,0.0,0.0,0.0,0.0,0.0,0.0,0.0,0.0,0.0,0.0,0.0,0.0,0.0,0.0,0.0,0.0,1.0,0.0,1.0,0,0,0,0,0,0,malicious,1,PartOfAHorizontalPortScan,CTU-IoT-Malware-Capture-1-1,1,fragmentation,medium,0.0,0.0
40,17,0.0,1,0,0.0,0.0,0.0,40,40,0.0,1,0,0,0,1.0,0.0,1,1,0.0,0.0,0,1,0,0,0,0,0,1,1.0,0.0,0.0,0.0,0.0,0.0,0.0,0.0,0.0,0.0,0.0,0.0,0.0,0.0,0.0,0.0,0.0,0.0,0.0,0.0,0.0,0.0,0.0,1.0,0.0,1.0,0,0,0,0,0,0,benign,0,-,CTU-IoT-Malware-Capture-1-1,0,none,none,0.0,0.0
60,6,2.998815,3,0,1.0003951560866542,0.0,0.0,60,60,0.0,3,0,0,0,3.0,0.0,1,1,0.0,0.0,2,1,0,0,0,0,0,1,1.0,0.0,0.0,0.0,0.0,0.0,0.0,0.0,0.0,0.0,0.0,0.0,0.0,0.0,0.0,0.0,2.998815,0.0,0.0,0.5,0.0,0.0,0.0,1.0,0.0,0.0,0,0,1,0,0,0,malicious,1,PartOfAHorizontalPortScan,CTU-IoT-Malware-Capture-1-1,1,fragmentation,medium,2.0,3.0
40,17,0.0,1,0,0.0,0.0,0.0,40,40,0.0,1,0,0,0,1.0,0.0,1,1,0.0,0.0,0,1,0,0,0,0,0,1,1.0,0.0,0.0,0.0,0.0,0.0,0.0,0.0,0.0,0.0,0.0,0.0,0.0,0.0,0.0,0.0,0.0,0.0,0.0,0.0,0.0,0.0,0.0,1.0,0.0,1.0,0,0,0,0,0,0,benign,0,-,CTU-IoT-Malware-Capture-1-1,0,none,none,0.0,0.0
20,6,0.0,1,0,0.0,0.0,0.0,20,20,0.0,1,0,0,0,1.0,0.0,1,1,0.0,0.0,4,1,0,0,0,0,0,1,1.0,0.0,0.0,0.0,0.0,0.0,0.0,0.0,0.0,0.0,0.0,0.0,0.0,0.0,0.0,0.0,0.0,0.0,0.0,1.0,0.0,0.0,0.0,1.0,0.0,0.0,0,0,1,0,0,0,malicious,1,PartOfAHorizontalPortScan,CTU-IoT-Malware-Capture-1-1,1,fragmentation,medium,1.0,5.0
152,17,0.001232,2,96,1623.3766233766235,77922.07792207792,48.0,152,152,0.0,1,1,48,48,1.0,1.0,1,1,0.0,0.0,0,1,0,1,0,0,0,2,0.5,0.0,0.5,0.0,0.0,0.0,0.0,0.0,0.0,0.0,0.0,0.0,0.0,0.0,0.0,0.0,0.001232,0.0,0.0,0.0,0.0,0.0,0.0,1.0,0.0,1.0,0,0,0,0,0,0,benign,0,-,CTU-IoT-Malware-Capture-1-1,0,none,none,0.0,0.0
40,17,0.0,1,0,0.0,0.0,0.0,40,40,0.0,1,0,0,0,1.0,0.0,1,1,0.0,0.0,0,1,0,0,0,0,0,1,1.0,0.0,0.0,0.0,0.0,0.0,0.0,0.0,0.0,0.0,0.0,0.0,0.0,0.0,0.0,0.0,0.0,0.0,0.0,0.0,0.0,0.0,0.0,1.0,0.0,1.0,0,0,0,0,0,0,benign,0,-,CTU-IoT-Malware-Capture-1-1,0,none,none,0.0,0.0
40,17,0.0,1,0,0.0,0.0,0.0,40,40,0.0,1,0,0,0,1.0,0.0,1,1,0.0,0.0,0,1,0,0,0,0,0,1,1.0,0.0,0.0,0.0,0.0,0.0,0.0,0.0,0.0,0.0,0.0,0.0,0.0,0.0,0.0,0.0,0.0,0.0,0.0,0.0,0.0,0.0,0.0,1.0,0.0,1.0,0,0,0,0,0,0,benign,0,-,CTU-IoT-Malware-Capture-1-1,0,none,none,0.0,0.0
40,17,0.0,1,0,0.0,0.0,0.0,40,40,0.0,1,0,0,0,1.0,0.0,1,1,0.0,0.0,0,1,0,0,0,0,0,1,1.0,0.0,0.0,0.0,0.0,0.0,0.0,0.0,0.0,0.0,0.0,0.0,0.0,0.0,0.0,0.0,0.0,0.0,0.0,0.0,0.0,0.0,0.0,1.0,0.0,1.0,0,0,0,0,0,0,benign,0,-,CTU-IoT-Malware-Capture-1-1,0,none,none,0.0,0.0
40,17,0.0,1,0,0.0,0.0,0.0,40,40,0.0,1,0,0,0,1.0,0.0,1,1,0.0,0.0,0,1,0,0,0,0,0,1,1.0,0.0,0.0,0.0,0.0,0.0,0.0,0.0,0.0,0.0,0.0,0.0,0.0,0.0,0.0,0.0,0.0,0.0,0.0,0.0,0.0,0.0,0.0,1.0,0.0,1.0,0,0,0,0,0,0,benign,0,-,CTU-IoT-Malware-Capture-1-1,0,none,none,0.0,0.0
40,17,0.0,1,0,0.0,0.0,0.0,40,40,0.0,1,0,0,0,1.0,0.0,1,1,0.0,0.0,0,1,0,0,0,0,0,1,1.0,0.0,0.0,0.0,0.0,0.0,0.0,0.0,0.0,0.0,0.0,0.0,0.0,0.0,0.0,0.0,0.0,0.0,0.0,0.0,0.0,0.0,0.0,1.0,0.0,1.0,0,0,0,0,0,0,benign,0,-,CTU-IoT-Malware-Capture-1-1,0,none,none,0.0,0.0
60,6,0.0,1,0,0.0,0.0,0.0,60,60,0.0,1,0,0,0,1.0,0.0,1,1,0.0,0.0,0,1,0,0,0,0,0,1,1.0,0.0,0.0,0.0,0.0,0.0,0.0,0.0,0.0,0.0,0.0,0.0,0.0,0.0,0.0,0.0,0.0,0.0,0.0,0.0,0.0,0.0,0.0,1.0,0.0,1.0,0,0,0,0,0,0,benign,0,-,CTU-IoT-Malware-Capture-1-1,0,none,none,0.0,0.0
30,6,0.0,1,0,0.0,0.0,0.0,30,30,0.0,1,0,0,0,1.0,0.0,1,1,0.0,0.0,1,1,0,0,0,0,0,1,1.0,0.0,0.0,0.0,0.0,0.0,0.0,0.0,0.0,0.0,0.0,0.0,0.0,0.0,0.0,0.0,0.0,0.0,0.0,0.25,0.0,0.0,0.0,1.0,0.0,0.0,0,0,1,0,0,0,malicious,1,PartOfAHorizontalPortScan,CTU-IoT-Malware-Capture-1-1,1,fragmentation,medium,0.0,2.0
20,6,0.0,1,0,0.0,0.0,0.0,20,20,0.0,1,0,0,0,1.0,0.0,1,1,0.0,0.0,3,1,0,0,0,0,0,1,1.0,0.0,0.0,0.0,0.0,0.0,0.0,0.0,0.0,0.0,0.0,0.0,0.0,0.0,0.0,0.0,0.0,0.0,0.0,0.75,0.0,0.0,0.0,1.0,0.0,0.0,0,0,1,0,0,0,malicious,1,PartOfAHorizontalPortScan,CTU-IoT-Malware-Capture-1-1,1,fragmentation,medium,1.0,4.0
180,6,2.998827,3,0,1.0003911529407998,0.0,0.0,180,180,0.0,3,0,0,0,3.0,0.0,1,1,0.0,0.0,0,1,0,0,0,0,0,1,1.0,0.0,0.0,0.0,0.0,0.0,0.0,0.0,0.0,0.0,0.0,0.0,0.0,0.0,0.0,0.0,2.998827,0.0,0.0,0.0,0.0,0.0,0.0,1.0,0.0,1.0,0,0,0,0,0,0,malicious,1,PartOfAHorizontalPortScan,CTU-IoT-Malware-Capture-1-1,1,fragmentation,medium,0.0,0.0
68,1,0.0,1,0,0.0,0.0,0.0,68,68,0.0,1,0,0,0,1.0,0.0,1,1,0.0,0.0,0,0,0,0,0,0,0,0,0.0,0.0,0.0,0.0,0.0,0.0,0.0,0.0,0.0,0.0,0.0,0.0,0.0,0.0,0.0,0.0,0.0,0.0,0.0,0.0,0.0,0.0,0.0,1.0,0.0,1.0,0,0,0,0,0,0,benign,0,-,CTU-IoT-Malware-Capture-1-1,0,none,none,0.0,0.0
40,17,0.0,1,0,0.0,0.0,0.0,40,40,0.0,1,0,0,0,1.0,0.0,1,1,0.0,0.0,0,1,0,0,0,0,0,1,1.0,0.0,0.0,0.0,0.0,0.0,0.0,0.0,0.0,0.0,0.0,0.0,0.0,0.0,0.0,0.0,0.0,0.0,0.0,0.0,0.0,0.0,0.0,1.0,0.0,1.0,0,0,0,0,0,0,benign,0,-,CTU-IoT-Malware-Capture-1-1,0,none,none,0.0,0.0
40,17,0.0,1,0,0.0,0.0,0.0,40,40,0.0,1,0,0,0,1.0,0.0,1,1,0.0,0.0,0,1,0,0,0,0,0,1,1.0,0.0,0.0,0.0,0.0,0.0,0.0,0.0,0.0,0.0,0.0,0.0,0.0,0.0,0.0,0.0,0.0,0.0,0.0,0.0,0.0,0.0,0.0,1.0,0.0,1.0,0,0,0,0,0,0,benign,0,-,CTU-IoT-Malware-Capture-1-1,0,none,none,0.0,0.0
20,6,0.0,1,0,0.0,0.0,0.0,20,20,0.0,1,0,0,0,1.0,0.0,1,1,0.0,0.0,4,1,0,0,0,0,0,1,1.0,0.0,0.0,0.0,0.0,0.0,0.0,0.0,0.0,0.0,0.0,0.0,0.0,0.0,0.0,0.0,0.0,0.0,0.0,1.0,0.0,0.0,0.0,1.0,0.0,0.0,0,0,1,0,0,0,malicious,1,PartOfAHorizontalPortScan,CTU-IoT-Malware-Capture-1-1,1,fragmentation,medium,4.0,5.0
60,6,0.0,1,0,0.0,0.0,0.0,60,60,0.0,1,0,0,0,1.0,0.0,1,1,0.0,0.0,0,1,0,0,0,0,0,1,1.0,0.0,0.0,0.0,0.0,0.0,0.0,0.0,0.0,0.0,0.0,0.0,0.0,0.0,0.0,0.0,0.0,0.0,0.0,0.0,0.0,0.0,0.0,1.0,0.0,1.0,0,0,0,0,0,0,malicious,1,PartOfAHorizontalPortScan,CTU-IoT-Malware-Capture-1-1,1,fragmentation,medium,0.0,0.0
60,6,0.0,1,0,0.0,0.0,0.0,60,60,0.0,1,0,0,0,1.0,0.0,1,1,0.0,0.0,0,1,0,0,0,0,0,1,1.0,0.0,0.0,0.0,0.0,0.0,0.0,0.0,0.0,0.0,0.0,0.0,0.0,0.0,0.0,0.0,0.0,0.0,0.0,0.0,0.0,0.0,0.0,1.0,0.0,1.0,0,0,0,0,0,0,malicious,1,PartOfAHorizontalPortScan,CTU-IoT-Malware-Capture-1-1,1,fragmentation,medium,0.0,0.0
60,6,2.998819,3,0,1.000393821701143,0.0,0.0,60,60,0.0,3,0,0,0,3.0,0.0,1,1,0.0,0.0,2,1,0,0,0,0,0,1,1.0,0.0,0.0,0.0,0.0,0.0,0.0,0.0,0.0,0.0,0.0,0.0,0.0,0.0,0.0,0.0,2.998819,0.0,0.0,0.5,0.0,0.0,0.0,1.0,0.0,0.0,0,0,1,0,0,0,malicious,1,PartOfAHorizontalPortScan,CTU-IoT-Malware-Capture-1-1,1,fragmentation,medium,2.0,3.0
40,17,0.0,1,0,0.0,0.0,0.0,40,40,0.0,1,0,0,0,1.0,0.0,1,1,0.0,0.0,0,1,0,0,0,0,0,1,1.0,0.0,0.0,0.0,0.0,0.0,0.0,0.0,0.0,0.0,0.0,0.0,0.0,0.0,0.0,0.0,0.0,0.0,0.0,0.0,0.0,0.0,0.0,1.0,0.0,1.0,0,0,0,0,0,0,benign,0,-,CTU-IoT-Malware-Capture-1-1,0,none,none,0.0,0.0
40,17,0.0,1,0,0.0,0.0,0.0,40,40,0.0,1,0,0,0,1.0,0.0,1,1,0.0,0.0,0,1,0,0,0,0,0,1,1.0,0.0,0.0,0.0,0.0,0.0,0.0,0.0,0.0,0.0,0.0,0.0,0.0,0.0,0.0,0.0,0.0,0.0,0.0,0.0,0.0,0.0,0.0,1.0,0.0,1.0,0,0,0,0,0,0,benign,0,-,CTU-IoT-Malware-Capture-1-1,0,none,none,0.0,0.0
40,17,0.0,1,0,0.0,0.0,0.0,40,40,0.0,1,0,0,0,1.0,0.0,1,1,0.0,0.0,0,1,0,0,0,0,0,1,1.0,0.0,0.0,0.0,0.0,0.0,0.0,0.0,0.0,0.0,0.0,0.0,0.0,0.0,0.0,0.0,0.0,0.0,0.0,0.0,0.0,0.0,0.0,1.0,0.0,1.0,0,0,0,0,0,0,benign,0,-,CTU-IoT-Malware-Capture-1-1,0,none,none,0.0,0.0
40,17,0.0,1,0,0.0,0.0,0.0,40,40,0.0,1,0,0,0,1.0,0.0,1,1,0.0,0.0,0,1,0,0,0,0,0,1,1.0,0.0,0.0,0.0,0.0,0.0,0.0,0.0,0.0,0.0,0.0,0.0,0.0,0.0,0.0,0.0,0.0,0.0,0.0,0.0,0.0,0.0,0.0,1.0,0.0,1.0,0,0,0,0,0,0,benign,0,-,CTU-IoT-Malware-Capture-1-1,0,none,none,0.0,0.0
40,17,0.0,1,0,0.0,0.0,0.0,40,40,0.0,1,0,0,0,1.0,0.0,1,1,0.0,0.0,0,1,0,0,0,0,0,1,1.0,0.0,0.0,0.0,0.0,0.0,0.0,0.0,0.0,0.0,0.0,0.0,0.0,0.0,0.0,0.0,0.0,0.0,0.0,0.0,0.0,0.0,0.0,1.0,0.0,1.0,0,0,0,0,0,0,benign,0,-,CTU-IoT-Malware-Capture-1-1,0,none,none,0.0,0.0
40,17,0.0,1,0,0.0,0.0,0.0,40,40,0.0,1,0,0,0,1.0,0.0,1,1,0.0,0.0,0,1,0,0,0,0,0,1,1.0,0.0,0.0,0.0,0.0,0.0,0.0,0.0,0.0,0.0,0.0,0.0,0.0,0.0,0.0,0.0,0.0,0.0,0.0,0.0,0.0,0.0,0.0,1.0,0.0,1.0,0,0,0,0,0,0,benign,0,-,CTU-IoT-Malware-Capture-1-1,0,none,none,0.0,0.0
60,6,0.0,1,0,0.0,0.0,0.0,60,60,0.0,1,0,0,0,1.0,0.0,1,1,0.0,0.0,0,1,0,0,0,0,0,1,1.0,0.0,0.0,0.0,0.0,0.0,0.0,0.0,0.0,0.0,0.0,0.0,0.0,0.0,0.0,0.0,0.0,0.0,0.0,0.0,0.0,0.0,0.0,1.0,0.0,1.0,0,0,0,0,0,0,malicious,1,PartOfAHorizontalPortScan,CTU-IoT-Malware-Capture-1-1,1,fragmentation,medium,0.0,0.0
40,17,0.0,1,0,0.0,0.0,0.0,40,40,0.0,1,0,0,0,1.0,0.0,1,1,0.0,0.0,0,1,0,0,0,0,0,1,1.0,0.0,0.0,0.0,0.0,0.0,0.0,0.0,0.0,0.0,0.0,0.0,0.0,0.0,0.0,0.0,0.0,0.0,0.0,0.0,0.0,0.0,0.0,1.0,0.0,1.0,0,0,0,0,0,0,benign,0,-,CTU-IoT-Malware-Capture-1-1,0,none,none,0.0,0.0
40,17,0.0,1,0,0.0,0.0,0.0,40,40,0.0,1,0,0,0,1.0,0.0,1,1,0.0,0.0,0,1,0,0,0,0,0,1,1.0,0.0,0.0,0.0,0.0,0.0,0.0,0.0,0.0,0.0,0.0,0.0,0.0,0.0,0.0,0.0,0.0,0.0,0.0,0.0,0.0,0.0,0.0,1.0,0.0,1.0,0,0,0,0,0,0,benign,0,-,CTU-IoT-Malware-Capture-1-1,0,none,none,0.0,0.0
40,17,0.0,1,0,0.0,0.0,0.0,40,40,0.0,1,0,0,0,1.0,0.0,1,1,0.0,0.0,0,1,0,0,0,0,0,1,1.0,0.0,0.0,0.0,0.0,0.0,0.0,0.0,0.0,0.0,0.0,0.0,0.0,0.0,0.0,0.0,0.0,0.0,0.0,0.0,0.0,0.0,0.0,1.0,0.0,1.0,0,0,0,0,0,0,benign,0,-,CTU-IoT-Malware-Capture-1-1,0,none,none,0.0,0.0
20,6,0.0,1,0,0.0,0.0,0.0,20,20,0.0,1,0,0,0,1.0,0.0,1,1,0.0,0.0,2,1,0,0,0,0,0,1,1.0,0.0,0.0,0.0,0.0,0.0,0.0,0.0,0.0,0.0,0.0,0.0,0.0,0.0,0.0,0.0,0.0,0.0,0.0,0.5,0.0,0.0,0.0,1.0,0.0,0.0,0,0,1,0,0,0,malicious,1,PartOfAHorizontalPortScan,CTU-IoT-Malware-Capture-1-1,1,fragmentation,medium,1.0,3.0
40,17,0.0,1,0,0.0,0.0,0.0,40,40,0.0,1,0,0,0,1.0,0.0,1,1,0.0,0.0,0,1,0,0,0,0,0,1,1.0,0.0,0.0,0.0,0.0,0.0,0.0,0.0,0.0,0.0,0.0,0.0,0.0,0.0,0.0,0.0,0.0,0.0,0.0,0.0,0.0,0.0,0.0,1.0,0.0,1.0,0,0,0,0,0,0,benign,0,-,CTU-IoT-Malware-Capture-1-1,0,none,none,0.0,0.0
60,6,2.998817,3,0,1.0003944888934537,0.0,0.0,60,60,0.0,3,0,0,0,3.0,0.0,1,1,0.0,0.0,2,1,0,0,0,0,0,1,1.0,0.0,0.0,0.0,0.0,0.0,0.0,0.0,0.0,0.0,0.0,0.0,0.0,0.0,0.0,0.0,2.998817,0.0,0.0,0.5,0.0,0.0,0.0,1.0,0.0,0.0,0,0,1,0,0,0,malicious,1,PartOfAHorizontalPortScan,CTU-IoT-Malware-Capture-1-1,1,fragmentation,medium,2.0,3.0
40,17,0.0,1,0,0.0,0.0,0.0,40,40,0.0,1,0,0,0,1.0,0.0,1,1,0.0,0.0,0,1,0,0,0,0,0,1,1.0,0.0,0.0,0.0,0.0,0.0,0.0,0.0,0.0,0.0,0.0,0.0,0.0,0.0,0.0,0.0,0.0,0.0,0.0,0.0,0.0,0.0,0.0,1.0,0.0,1.0,0,0,0,0,0,0,benign,0,-,CTU-IoT-Malware-Capture-1-1,0,none,none,0.0,0.0
36,6,2.998822,3,0,1.0003928209143456,0.0,0.0,36,36,0.0,3,0,0,0,3.0,0.0,1,1,0.0,0.0,4,1,0,0,0,0,0,1,1.0,0.0,0.0,0.0,0.0,0.0,0.0,0.0,0.0,0.0,0.0,0.0,0.0,0.0,0.0,0.0,2.998822,0.0,0.0,1.0,0.0,0.0,0.0,1.0,0.0,0.0,0,0,1,0,0,0,malicious,1,PartOfAHorizontalPortScan,CTU-IoT-Malware-Capture-1-1,1,fragmentation,medium,2.0,5.0
60,6,0.0,1,0,0.0,0.0,0.0,60,60,0.0,1,0,0,0,1.0,0.0,1,1,0.0,0.0,0,1,0,0,0,0,0,1,1.0,0.0,0.0,0.0,0.0,0.0,0.0,0.0,0.0,0.0,0.0,0.0,0.0,0.0,0.0,0.0,0.0,0.0,0.0,0.0,0.0,0.0,0.0,1.0,0.0,1.0,0,0,0,0,0,0,malicious,1,PartOfAHorizontalPortScan,CTU-IoT-Malware-Capture-1-1,1,fragmentation,medium,0.0,0.0
40,17,0.0,1,0,0.0,0.0,0.0,40,40,0.0,1,0,0,0,1.0,0.0,1,1,0.0,0.0,0,1,0,0,0,0,0,1,1.0,0.0,0.0,0.0,0.0,0.0,0.0,0.0,0.0,0.0,0.0,0.0,0.0,0.0,0.0,0.0,0.0,0.0,0.0,0.0,0.0,0.0,0.0,1.0,0.0,1.0,0,0,0,0,0,0,benign,0,-,CTU-IoT-Malware-Capture-1-1,0,none,none,0.0,0.0
180,6,2.998804,3,0,1.0003988256651652,0.0,0.0,180,180,0.0,3,0,0,0,3.0,0.0,1,1,0.0,0.0,0,1,0,0,0,0,0,1,1.0,0.0,0.0,0.0,0.0,0.0,0.0,0.0,0.0,0.0,0.0,0.0,0.0,0.0,0.0,0.0,2.998804,0.0,0.0,0.0,0.0,0.0,0.0,1.0,0.0,1.0,0,0,0,0,0,0,benign,0,-,CTU-IoT-Malware-Capture-1-1,0,none,none,0.0,0.0
60,6,0.0,1,0,0.0,0.0,0.0,60,60,0.0,1,0,0,0,1.0,0.0,1,1,0.0,0.0,0,1,0,0,0,0,0,1,1.0,0.0,0.0,0.0,0.0,0.0,0.0,0.0,0.0,0.0,0.0,0.0,0.0,0.0,0.0,0.0,0.0,0.0,0.0,0.0,0.0,0.0,0.0,1.0,0.0,1.0,0,0,0,0,0,0,malicious,1,PartOfAHorizontalPortScan,CTU-IoT-Malware-Capture-1-1,1,fragmentation,medium,0.0,0.0
40,17,0.0,1,0,0.0,0.0,0.0,40,40,0.0,1,0,0,0,1.0,0.0,1,1,0.0,0.0,0,1,0,0,0,0,0,1,1.0,0.0,0.0,0.0,0.0,0.0,0.0,0.0,0.0,0.0,0.0,0.0,0.0,0.0,0.0,0.0,0.0,0.0,0.0,0.0,0.0,0.0,0.0,1.0,0.0,1.0,0,0,0,0,0,0,benign,0,-,CTU-IoT-Malware-Capture-1-1,0,none,none,0.0,0.0
60,6,0.0,1,0,0.0,0.0,0.0,60,60,0.0,1,0,0,0,1.0,0.0,1,1,0.0,0.0,0,1,0,0,0,0,0,1,1.0,0.0,0.0,0.0,0.0,0.0,0.0,0.0,0.0,0.0,0.0,0.0,0.0,0.0,0.0,0.0,0.0,0.0,0.0,0.0,0.0,0.0,0.0,1.0,0.0,1.0,0,0,0,0,0,0,malicious,1,PartOfAHorizontalPortScan,CTU-IoT-Malware-Capture-1-1,1,fragmentation,medium,0.0,0.0
60,6,0.0,1,0,0.0,0.0,0.0,60,60,0.0,1,0,0,0,1.0,0.0,1,1,0.0,0.0,0,1,0,0,0,0,0,1,1.0,0.0,0.0,0.0,0.0,0.0,0.0,0.0,0.0,0.0,0.0,0.0,0.0,0.0,0.0,0.0,0.0,0.0,0.0,0.0,0.0,0.0,0.0,1.0,0.0,1.0,0,0,0,0,0,0,malicious,1,PartOfAHorizontalPortScan,CTU-IoT-Malware-Capture-1-1,1,fragmentation,medium,0.0,0.0
20,6,0.0,1,0,0.0,0.0,0.0,20,20,0.0,1,0,0,0,1.0,0.0,1,1,0.0,0.0,4,1,0,0,0,0,0,1,1.0,0.0,0.0,0.0,0.0,0.0,0.0,0.0,0.0,0.0,0.0,0.0,0.0,0.0,0.0,0.0,0.0,0.0,0.0,1.0,0.0,0.0,0.0,1.0,0.0,0.0,0,0,1,0,0,0,malicious,1,PartOfAHorizontalPortScan,CTU-IoT-Malware-Capture-1-1,1,fragmentation,medium,3.0,5.0
40,17,0.0,1,0,0.0,0.0,0.0,40,40,0.0,1,0,0,0,1.0,0.0,1,1,0.0,0.0,0,1,0,0,0,0,0,1,1.0,0.0,0.0,0.0,0.0,0.0,0.0,0.0,0.0,0.0,0.0,0.0,0.0,0.0,0.0,0.0,0.0,0.0,0.0,0.0,0.0,0.0,0.0,1.0,0.0,1.0,0,0,0,0,0,0,benign,0,-,CTU-IoT-Malware-Capture-1-1,0,none,none,0.0,0.0
264,1,3.000055,3,180,0.9999816670027716,59.998900020166296,60.0,264,264,0.0,3,0,180,0,3.0,180.0,1,1,0.0,0.0,0,0,0,0,0,0,0,0,0.0,0.0,0.0,0.0,0.0,0.0,0.0,0.0,0.0,0.0,0.0,0.0,0.0,0.0,0.0,0.0,3.000055,0.0,0.0,0.0,0.0,0.0,0.0,1.0,0.0,1.0,0,0,0,0,0,0,benign,0,-,CTU-IoT-Malware-Capture-1-1,0,none,none,0.0,0.0
20,6,0.0,1,0,0.0,0.0,0.0,20,20,0.0,1,0,0,0,1.0,0.0,1,1,0.0,0.0,3,1,0,0,0,0,0,1,1.0,0.0,0.0,0.0,0.0,0.0,0.0,0.0,0.0,0.0,0.0,0.0,0.0,0.0,0.0,0.0,0.0,0.0,0.0,0.75,0.0,0.0,0.0,1.0,0.0,0.0,0,0,1,0,0,0,malicious,1,PartOfAHorizontalPortScan,CTU-IoT-Malware-Capture-1-1,1,fragmentation,medium,1.0,4.0
40,17,0.0,1,0,0.0,0.0,0.0,40,40,0.0,1,0,0,0,1.0,0.0,1,1,0.0,0.0,0,1,0,0,0,0,0,1,1.0,0.0,0.0,0.0,0.0,0.0,0.0,0.0,0.0,0.0,0.0,0.0,0.0,0.0,0.0,0.0,0.0,0.0,0.0,0.0,0.0,0.0,0.0,1.0,0.0,1.0,0,0,0,0,0,0,benign,0,-,CTU-IoT-Malware-Capture-1-1,0,none,none,0.0,0.0
40,17,0.0,1,0,0.0,0.0,0.0,40,40,0.0,1,0,0,0,1.0,0.0,1,1,0.0,0.0,0,1,0,0,0,0,0,1,1.0,0.0,0.0,0.0,0.0,0.0,0.0,0.0,0.0,0.0,0.0,0.0,0.0,0.0,0.0,0.0,0.0,0.0,0.0,0.0,0.0,0.0,0.0,1.0,0.0,1.0,0,0,0,0,0,0,benign,0,-,CTU-IoT-Malware-Capture-1-1,0,none,none,0.0,0.0
40,17,0.0,1,0,0.0,0.0,0.0,40,40,0.0,1,0,0,0,1.0,0.0,1,1,0.0,0.0,0,1,0,0,0,0,0,1,1.0,0.0,0.0,0.0,0.0,0.0,0.0,0.0,0.0,0.0,0.0,0.0,0.0,0.0,0.0,0.0,0.0,0.0,0.0,0.0,0.0,0.0,0.0,1.0,0.0,1.0,0,0,0,0,0,0,benign,0,-,CTU-IoT-Malware-Capture-1-1,0,none,none,0.0,0.0
40,17,0.0,1,0,0.0,0.0,0.0,40,40,0.0,1,0,0,0,1.0,0.0,1,1,0.0,0.0,0,1,0,0,0,0,0,1,1.0,0.0,0.0,0.0,0.0,0.0,0.0,0.0,0.0,0.0,0.0,0.0,0.0,0.0,0.0,0.0,0.0,0.0,0.0,0.0,0.0,0.0,0.0,1.0,0.0,1.0,0,0,0,0,0,0,benign,0,-,CTU-IoT-Malware-Capture-1-1,0,none,none,0.0,0.0
40,17,0.0,1,0,0.0,0.0,0.0,40,40,0.0,1,0,0,0,1.0,0.0,1,1,0.0,0.0,0,1,0,0,0,0,0,1,1.0,0.0,0.0,0.0,0.0,0.0,0.0,0.0,0.0,0.0,0.0,0.0,0.0,0.0,0.0,0.0,0.0,0.0,0.0,0.0,0.0,0.0,0.0,1.0,0.0,1.0,0,0,0,0,0,0,benign,0,-,CTU-IoT-Malware-Capture-1-1,0,none,none,0.0,0.0
40,17,0.0,1,0,0.0,0.0,0.0,40,40,0.0,1,0,0,0,1.0,0.0,1,1,0.0,0.0,0,1,0,0,0,0,0,1,1.0,0.0,0.0,0.0,0.0,0.0,0.0,0.0,0.0,0.0,0.0,0.0,0.0,0.0,0.0,0.0,0.0,0.0,0.0,0.0,0.0,0.0,0.0,1.0,0.0,1.0,0,0,0,0,0,0,benign,0,-,CTU-IoT-Malware-Capture-1-1,0,none,none,0.0,0.0
60,6,0.0,1,0,0.0,0.0,0.0,60,60,0.0,1,0,0,0,1.0,0.0,1,1,0.0,0.0,0,1,0,0,0,0,0,1,1.0,0.0,0.0,0.0,0.0,0.0,0.0,0.0,0.0,0.0,0.0,0.0,0.0,0.0,0.0,0.0,0.0,0.0,0.0,0.0,0.0,0.0,0.0,1.0,0.0,1.0,0,0,0,0,0,0,malicious,1,PartOfAHorizontalPortScan,CTU-IoT-Malware-Capture-1-1,1,fragmentation,medium,0.0,0.0
60,6,0.0,1,0,0.0,0.0,0.0,60,60,0.0,1,0,0,0,1.0,0.0,1,1,0.0,0.0,0,1,0,0,0,0,0,1,1.0,0.0,0.0,0.0,0.0,0.0,0.0,0.0,0.0,0.0,0.0,0.0,0.0,0.0,0.0,0.0,0.0,0.0,0.0,0.0,0.0,0.0,0.0,1.0,0.0,1.0,0,0,0,0,0,0,malicious,1,PartOfAHorizontalPortScan,CTU-IoT-Malware-Capture-1-1,1,fragmentation,medium,0.0,0.0
56,1,0.0,1,0,0.0,0.0,0.0,56,56,0.0,1,0,0,0,1.0,0.0,1,0,0.0,0.0,0,0,0,0,0,0,0,0,0.0,0.0,0.0,0.0,0.0,0.0,0.0,0.0,0.0,0.0,0.0,0.0,0.0,0.0,0.0,0.0,0.0,0.0,0.0,0.0,0.0,0.0,0.0,1.0,0.0,1.0,0,0,0,0,0,0,benign,0,-,CTU-IoT-Malware-Capture-1-1,0,none,none,0.0,0.0
40,17,0.0,1,0,0.0,0.0,0.0,40,40,0.0,1,0,0,0,1.0,0.0,1,1,0.0,0.0,0,1,0,0,0,0,0,1,1.0,0.0,0.0,0.0,0.0,0.0,0.0,0.0,0.0,0.0,0.0,0.0,0.0,0.0,0.0,0.0,0.0,0.0,0.0,0.0,0.0,0.0,0.0,1.0,0.0,1.0,0,0,0,0,0,0,benign,0,-,CTU-IoT-Malware-Capture-1-1,0,none,none,0.0,0.0
40,17,0.0,1,0,0.0,0.0,0.0,40,40,0.0,1,0,0,0,1.0,0.0,1,1,0.0,0.0,0,1,0,0,0,0,0,1,1.0,0.0,0.0,0.0,0.0,0.0,0.0,0.0,0.0,0.0,0.0,0.0,0.0,0.0,0.0,0.0,0.0,0.0,0.0,0.0,0.0,0.0,0.0,1.0,0.0,1.0,0,0,0,0,0,0,benign,0,-,CTU-IoT-Malware-Capture-1-1,0,none,none,0.0,0.0
20,6,0.0,1,0,0.0,0.0,0.0,20,20,0.0,1,0,0,0,1.0,0.0,1,1,0.0,0.0,4,1,0,0,0,0,0,1,1.0,0.0,0.0,0.0,0.0,0.0,0.0,0.0,0.0,0.0,0.0,0.0,0.0,0.0,0.0,0.0,0.0,0.0,0.0,1.0,0.0,0.0,0.0,1.0,0.0,0.0,0,0,1,0,0,0,malicious,1,PartOfAHorizontalPortScan,CTU-IoT-Malware-Capture-1-1,1,fragmentation,medium,0.0,5.0
20,6,0.0,1,0,0.0,0.0,0.0,20,20,0.0,1,0,0,0,1.0,0.0,1,1,0.0,0.0,2,1,0,0,0,0,0,1,1.0,0.0,0.0,0.0,0.0,0.0,0.0,0.0,0.0,0.0,0.0,0.0,0.0,0.0,0.0,0.0,0.0,0.0,0.0,0.5,0.0,0.0,0.0,1.0,0.0,0.0,0,0,1,0,0,0,malicious,1,PartOfAHorizontalPortScan,CTU-IoT-Malware-Capture-1-1,1,fragmentation,medium,2.0,3.0
20,6,0.0,1,0,0.0,0.0,0.0,20,20,0.0,1,0,0,0,1.0,0.0,1,1,0.0,0.0,3,1,0,0,0,0,0,1,1.0,0.0,0.0,0.0,0.0,0.0,0.0,0.0,0.0,0.0,0.0,0.0,0.0,0.0,0.0,0.0,0.0,0.0,0.0,0.75,0.0,0.0,0.0,1.0,0.0,0.0,0,0,1,0,0,0,malicious,1,PartOfAHorizontalPortScan,CTU-IoT-Malware-Capture-1-1,1,fragmentation,medium,2.0,4.0
180,6,2.999068,3,0,1.0003107632104373,0.0,0.0,180,180,0.0,3,0,0,0,3.0,0.0,1,1,0.0,0.0,0,1,0,0,0,0,0,1,1.0,0.0,0.0,0.0,0.0,0.0,0.0,0.0,0.0,0.0,0.0,0.0,0.0,0.0,0.0,0.0,2.999068,0.0,0.0,0.0,0.0,0.0,0.0,1.0,0.0,1.0,0,0,0,0,0,0,malicious,1,PartOfAHorizontalPortScan,CTU-IoT-Malware-Capture-1-1,1,fragmentation,medium,0.0,0.0
20,6,0.0,1,0,0.0,0.0,0.0,20,20,0.0,1,0,0,0,1.0,0.0,1,1,0.0,0.0,4,1,0,0,0,0,0,1,1.0,0.0,0.0,0.0,0.0,0.0,0.0,0.0,0.0,0.0,0.0,0.0,0.0,0.0,0.0,0.0,0.0,0.0,0.0,1.0,0.0,0.0,0.0,1.0,0.0,0.0,0,0,1,0,0,0,malicious,1,PartOfAHorizontalPortScan,CTU-IoT-Malware-Capture-1-1,1,fragmentation,medium,1.0,5.0
36,6,2.999075,3,0,1.0003084284321,0.0,0.0,36,36,0.0,3,0,0,0,3.0,0.0,1,1,0.0,0.0,4,1,0,0,0,0,0,1,1.0,0.0,0.0,0.0,0.0,0.0,0.0,0.0,0.0,0.0,0.0,0.0,0.0,0.0,0.0,0.0,2.999075,0.0,0.0,1.0,0.0,0.0,0.0,1.0,0.0,0.0,0,0,1,0,0,0,malicious,1,PartOfAHorizontalPortScan,CTU-IoT-Malware-Capture-1-1,1,fragmentation,medium,4.0,5.0
56,1,0.0,1,0,0.0,0.0,0.0,56,56,0.0,1,0,0,0,1.0,0.0,1,1,0.0,0.0,0,0,0,0,0,0,0,0,0.0,0.0,0.0,0.0,0.0,0.0,0.0,0.0,0.0,0.0,0.0,0.0,0.0,0.0,0.0,0.0,0.0,0.0,0.0,0.0,0.0,0.0,0.0,1.0,0.0,1.0,0,0,0,0,0,0,benign,0,-,CTU-IoT-Malware-Capture-1-1,0,none,none,0.0,0.0
68,1,0.0,1,0,0.0,0.0,0.0,68,68,0.0,1,0,0,0,1.0,0.0,1,1,0.0,0.0,0,0,0,0,0,0,0,0,0.0,0.0,0.0,0.0,0.0,0.0,0.0,0.0,0.0,0.0,0.0,0.0,0.0,0.0,0.0,0.0,0.0,0.0,0.0,0.0,0.0,0.0,0.0,1.0,0.0,1.0,0,0,0,0,0,0,benign,0,-,CTU-IoT-Malware-Capture-1-1,0,none,none,0.0,0.0
180,6,2.999065,3,0,1.0003117638330614,0.0,0.0,180,180,0.0,3,0,0,0,3.0,0.0,1,1,0.0,0.0,0,1,0,0,0,0,0,1,1.0,0.0,0.0,0.0,0.0,0.0,0.0,0.0,0.0,0.0,0.0,0.0,0.0,0.0,0.0,0.0,2.999065,0.0,0.0,0.0,0.0,0.0,0.0,1.0,0.0,1.0,0,0,0,0,0,0,malicious,1,PartOfAHorizontalPortScan,CTU-IoT-Malware-Capture-1-1,1,fragmentation,medium,0.0,0.0
40,17,0.0,1,0,0.0,0.0,0.0,40,40,0.0,1,0,0,0,1.0,0.0,1,1,0.0,0.0,0,1,0,0,0,0,0,1,1.0,0.0,0.0,0.0,0.0,0.0,0.0,0.0,0.0,0.0,0.0,0.0,0.0,0.0,0.0,0.0,0.0,0.0,0.0,0.0,0.0,0.0,0.0,1.0,0.0,1.0,0,0,0,0,0,0,benign,0,-,CTU-IoT-Malware-Capture-1-1,0,none,none,0.0,0.0
40,17,0.0,1,0,0.0,0.0,0.0,40,40,0.0,1,0,0,0,1.0,0.0,1,1,0.0,0.0,0,1,0,0,0,0,0,1,1.0,0.0,0.0,0.0,0.0,0.0,0.0,0.0,0.0,0.0,0.0,0.0,0.0,0.0,0.0,0.0,0.0,0.0,0.0,0.0,0.0,0.0,0.0,1.0,0.0,1.0,0,0,0,0,0,0,benign,0,-,CTU-IoT-Malware-Capture-1-1,0,none,none,0.0,0.0
68,1,0.0,1,0,0.0,0.0,0.0,68,68,0.0,1,0,0,0,1.0,0.0,1,1,0.0,0.0,0,0,0,0,0,0,0,0,0.0,0.0,0.0,0.0,0.0,0.0,0.0,0.0,0.0,0.0,0.0,0.0,0.0,0.0,0.0,0.0,0.0,0.0,0.0,0.0,0.0,0.0,0.0,1.0,0.0,1.0,0,0,0,0,0,0,benign,0,-,CTU-IoT-Malware-Capture-1-1,0,none,none,0.0,0.0
20,6,0.0,1,0,0.0,0.0,0.0,20,20,0.0,1,0,0,0,1.0,0.0,1,1,0.0,0.0,3,1,0,0,0,0,0,1,1.0,0.0,0.0,0.0,0.0,0.0,0.0,0.0,0.0,0.0,0.0,0.0,0.0,0.0,0.0,0.0,0.0,0.0,0.0,0.75,0.0,0.0,0.0,1.0,0.0,0.0,0,0,1,0,0,0,malicious,1,PartOfAHorizontalPortScan,CTU-IoT-Malware-Capture-1-1,1,fragmentation,medium,2.0,4.0
40,17,0.0,1,0,0.0,0.0,0.0,40,40,0.0,1,0,0,0,1.0,0.0,1,1,0.0,0.0,0,1,0,0,0,0,0,1,1.0,0.0,0.0,0.0,0.0,0.0,0.0,0.0,0.0,0.0,0.0,0.0,0.0,0.0,0.0,0.0,0.0,0.0,0.0,0.0,0.0,0.0,0.0,1.0,0.0,1.0,0,0,0,0,0,0,benign,0,-,CTU-IoT-Malware-Capture-1-1,0,none,none,0.0,0.0
40,17,0.0,1,0,0.0,0.0,0.0,40,40,0.0,1,0,0,0,1.0,0.0,1,1,0.0,0.0,0,1,0,0,0,0,0,1,1.0,0.0,0.0,0.0,0.0,0.0,0.0,0.0,0.0,0.0,0.0,0.0,0.0,0.0,0.0,0.0,0.0,0.0,0.0,0.0,0.0,0.0,0.0,1.0,0.0,1.0,0,0,0,0,0,0,benign,0,-,CTU-IoT-Malware-Capture-1-1,0,none,none,0.0,0.0
56,1,0.0,1,0,0.0,0.0,0.0,56,56,0.0,1,0,0,0,1.0,0.0,1,1,0.0,0.0,0,0,0,0,0,0,0,0,0.0,0.0,0.0,0.0,0.0,0.0,0.0,0.0,0.0,0.0,0.0,0.0,0.0,0.0,0.0,0.0,0.0,0.0,0.0,0.0,0.0,0.0,0.0,1.0,0.0,1.0,0,0,0,0,0,0,benign,0,-,CTU-IoT-Malware-Capture-1-1,0,none,none,0.0,0.0
180,6,2.998813,3,0,1.0003958232807446,0.0,0.0,180,180,0.0,3,0,0,0,3.0,0.0,1,1,0.0,0.0,0,1,0,0,0,0,0,1,1.0,0.0,0.0,0.0,0.0,0.0,0.0,0.0,0.0,0.0,0.0,0.0,0.0,0.0,0.0,0.0,2.998813,0.0,0.0,0.0,0.0,0.0,0.0,1.0,0.0,1.0,0,0,0,0,0,0,malicious,1,PartOfAHorizontalPortScan,CTU-IoT-Malware-Capture-1-1,1,fragmentation,medium,0.0,0.0
45,6,2.999059,3,0,1.0003137650843148,0.0,0.0,45,45,0.0,3,0,0,0,3.0,0.0,1,1,0.0,0.0,3,1,0,0,0,0,0,1,1.0,0.0,0.0,0.0,0.0,0.0,0.0,0.0,0.0,0.0,0.0,0.0,0.0,0.0,0.0,0.0,2.999059,0.0,0.0,0.75,0.0,0.0,0.0,1.0,0.0,0.0,0,0,1,0,0,0,malicious,1,PartOfAHorizontalPortScan,CTU-IoT-Malware-Capture-1-1,1,fragmentation,medium,2.0,4.0
20,6,0.0,1,0,0.0,0.0,0.0,20,20,0.0,1,0,0,0,1.0,0.0,1,1,0.0,0.0,3,1,0,0,0,0,0,1,1.0,0.0,0.0,0.0,0.0,0.0,0.0,0.0,0.0,0.0,0.0,0.0,0.0,0.0,0.0,0.0,0.0,0.0,0.0,0.75,0.0,0.0,0.0,1.0,0.0,0.0,0,0,1,0,0,0,malicious,1,PartOfAHorizontalPortScan,CTU-IoT-Malware-Capture-1-1,1,fragmentation,medium,0.0,4.0
40,17,0.0,1,0,0.0,0.0,0.0,40,40,0.0,1,0,0,0,1.0,0.0,1,1,0.0,0.0,0,1,0,0,0,0,0,1,1.0,0.0,0.0,0.0,0.0,0.0,0.0,0.0,0.0,0.0,0.0,0.0,0.0,0.0,0.0,0.0,0.0,0.0,0.0,0.0,0.0,0.0,0.0,1.0,0.0,1.0,0,0,0,0,0,0,benign,0,-,CTU-IoT-Malware-Capture-1-1,0,none,none,0.0,0.0
36,6,2.998566,3,0,1.0004782285932676,0.0,0.0,36,36,0.0,3,0,0,0,3.0,0.0,1,1,0.0,0.0,4,1,0,0,0,0,0,1,1.0,0.0,0.0,0.0,0.0,0.0,0.0,0.0,0.0,0.0,0.0,0.0,0.0,0.0,0.0,0.0,2.998566,0.0,0.0,1.0,0.0,0.0,0.0,1.0,0.0,0.0,0,0,1,0,0,0,malicious,1,PartOfAHorizontalPortScan,CTU-IoT-Malware-Capture-1-1,1,fragmentation,medium,4.0,5.0
20,6,0.0,1,0,0.0,0.0,0.0,20,20,0.0,1,0,0,0,1.0,0.0,1,1,0.0,0.0,4,1,0,0,0,0,0,1,1.0,0.0,0.0,0.0,0.0,0.0,0.0,0.0,0.0,0.0,0.0,0.0,0.0,0.0,0.0,0.0,0.0,0.0,0.0,1.0,0.0,0.0,0.0,1.0,0.0,0.0,0,0,1,0,0,0,malicious,1,PartOfAHorizontalPortScan,CTU-IoT-Malware-Capture-1-1,1,fragmentation,medium,0.0,5.0
40,17,0.0,1,0,0.0,0.0,0.0,40,40,0.0,1,0,0,0,1.0,0.0,1,1,0.0,0.0,0,1,0,0,0,0,0,1,1.0,0.0,0.0,0.0,0.0,0.0,0.0,0.0,0.0,0.0,0.0,0.0,0.0,0.0,0.0,0.0,0.0,0.0,0.0,0.0,0.0,0.0,0.0,1.0,0.0,1.0,0,0,0,0,0,0,benign,0,-,CTU-IoT-Malware-Capture-1-1,0,none,none,0.0,0.0
20,6,0.0,1,0,0.0,0.0,0.0,20,20,0.0,1,0,0,0,1.0,0.0,1,1,0.0,0.0,3,1,0,0,0,0,0,1,1.0,0.0,0.0,0.0,0.0,0.0,0.0,0.0,0.0,0.0,0.0,0.0,0.0,0.0,0.0,0.0,0.0,0.0,0.0,0.75,0.0,0.0,0.0,1.0,0.0,0.0,0,0,1,0,0,0,malicious,1,PartOfAHorizontalPortScan,CTU-IoT-Malware-Capture-1-1,1,fragmentation,medium,3.0,4.0
20,6,0.0,1,0,0.0,0.0,0.0,20,20,0.0,1,0,0,0,1.0,0.0,1,1,0.0,0.0,2,1,0,0,0,0,0,1,1.0,0.0,0.0,0.0,0.0,0.0,0.0,0.0,0.0,0.0,0.0,0.0,0.0,0.0,0.0,0.0,0.0,0.0,0.0,0.5,0.0,0.0,0.0,1.0,0.0,0.0,0,0,1,0,0,0,malicious,1,PartOfAHorizontalPortScan,CTU-IoT-Malware-Capture-1-1,1,fragmentation,medium,2.0,3.0
20,6,0.0,1,0,0.0,0.0,0.0,20,20,0.0,1,0,0,0,1.0,0.0,1,1,0.0,0.0,3,1,0,0,0,0,0,1,1.0,0.0,0.0,0.0,0.0,0.0,0.0,0.0,0.0,0.0,0.0,0.0,0.0,0.0,0.0,0.0,0.0,0.0,0.0,0.75,0.0,0.0,0.0,1.0,0.0,0.0,0,0,1,0,0,0,malicious,1,PartOfAHorizontalPortScan,CTU-IoT-Malware-Capture-1-1,1,fragmentation,medium,3.0,4.0
40,17,0.0,1,0,0.0,0.0,0.0,40,40,0.0,1,0,0,0,1.0,0.0,1,1,0.0,0.0,0,1,0,0,0,0,0,1,1.0,0.0,0.0,0.0,0.0,0.0,0.0,0.0,0.0,0.0,0.0,0.0,0.0,0.0,0.0,0.0,0.0,0.0,0.0,0.0,0.0,0.0,0.0,1.0,0.0,1.0,0,0,0,0,0,0,benign,0,-,CTU-IoT-Malware-Capture-1-1,0,none,none,0.0,0.0
20,6,0.0,1,0,0.0,0.0,0.0,20,20,0.0,1,0,0,0,1.0,0.0,1,1,0.0,0.0,3,1,0,0,0,0,0,1,1.0,0.0,0.0,0.0,0.0,0.0,0.0,0.0,0.0,0.0,0.0,0.0,0.0,0.0,0.0,0.0,0.0,0.0,0.0,0.75,0.0,0.0,0.0,1.0,0.0,0.0,0,0,1,0,0,0,malicious,1,PartOfAHorizontalPortScan,CTU-IoT-Malware-Capture-1-1,1,fragmentation,medium,0.0,4.0
60,6,0.0,1,0,0.0,0.0,0.0,60,60,0.0,1,0,0,0,1.0,0.0,1,1,0.0,0.0,0,1,0,0,0,0,0,1,1.0,0.0,0.0,0.0,0.0,0.0,0.0,0.0,0.0,0.0,0.0,0.0,0.0,0.0,0.0,0.0,0.0,0.0,0.0,0.0,0.0,0.0,0.0,1.0,0.0,1.0,0,0,0,0,0,0,malicious,1,PartOfAHorizontalPortScan,CTU-IoT-Malware-Capture-1-1,1,fragmentation,medium,0.0,0.0
40,17,0.0,1,0,0.0,0.0,0.0,40,40,0.0,1,0,0,0,1.0,0.0,1,1,0.0,0.0,0,1,0,0,0,0,0,1,1.0,0.0,0.0,0.0,0.0,0.0,0.0,0.0,0.0,0.0,0.0,0.0,0.0,0.0,0.0,0.0,0.0,0.0,0.0,0.0,0.0,0.0,0.0,1.0,0.0,1.0,0,0,0,0,0,0,benign,0,-,CTU-IoT-Malware-Capture-1-1,0,none,none,0.0,0.0
20,6,0.0,1,0,0.0,0.0,0.0,20,20,0.0,1,0,0,0,1.0,0.0,1,1,0.0,0.0,4,1,0,0,0,0,0,1,1.0,0.0,0.0,0.0,0.0,0.0,0.0,0.0,0.0,0.0,0.0,0.0,0.0,0.0,0.0,0.0,0.0,0.0,0.0,1.0,0.0,0.0,0.0,1.0,0.0,0.0,0,0,1,0,0,0,malicious,1,PartOfAHorizontalPortScan,CTU-IoT-Malware-Capture-1-1,1,fragmentation,medium,1.0,5.0
20,6,0.0,1,0,0.0,0.0,0.0,20,20,0.0,1,0,0,0,1.0,0.0,1,1,0.0,0.0,3,1,0,0,0,0,0,1,1.0,0.0,0.0,0.0,0.0,0.0,0.0,0.0,0.0,0.0,0.0,0.0,0.0,0.0,0.0,0.0,0.0,0.0,0.0,0.75,0.0,0.0,0.0,1.0,0.0,0.0,0,0,1,0,0,0,malicious,1,PartOfAHorizontalPortScan,CTU-IoT-Malware-Capture-1-1,1,fragmentation,medium,3.0,4.0
36,6,2.99905,3,0,1.0003167669762092,0.0,0.0,36,36,0.0,3,0,0,0,3.0,0.0,1,1,0.0,0.0,4,1,0,0,0,0,0,1,1.0,0.0,0.0,0.0,0.0,0.0,0.0,0.0,0.0,0.0,0.0,0.0,0.0,0.0,0.0,0.0,2.99905,0.0,0.0,1.0,0.0,0.0,0.0,1.0,0.0,0.0,0,0,1,0,0,0,malicious,1,PartOfAHorizontalPortScan,CTU-IoT-Malware-Capture-1-1,1,fragmentation,medium,1.0,5.0
20,6,0.0,1,0,0.0,0.0,0.0,20,20,0.0,1,0,0,0,1.0,0.0,1,1,0.0,0.0,2,1,0,0,0,0,0,1,1.0,0.0,0.0,0.0,0.0,0.0,0.0,0.0,0.0,0.0,0.0,0.0,0.0,0.0,0.0,0.0,0.0,0.0,0.0,0.5,0.0,0.0,0.0,1.0,0.0,0.0,0,0,1,0,0,0,malicious,1,PartOfAHorizontalPortScan,CTU-IoT-Malware-Capture-1-1,1,fragmentation,medium,2.0,3.0
30,6,0.0,1,0,0.0,0.0,0.0,30,30,0.0,1,0,0,0,1.0,0.0,1,1,0.0,0.0,1,1,0,0,0,0,0,1,1.0,0.0,0.0,0.0,0.0,0.0,0.0,0.0,0.0,0.0,0.0,0.0,0.0,0.0,0.0,0.0,0.0,0.0,0.0,0.25,0.0,0.0,0.0,1.0,0.0,0.0,0,0,1,0,0,0,malicious,1,PartOfAHorizontalPortScan,CTU-IoT-Malware-Capture-1-1,1,fragmentation,medium,1.0,2.0
60,6,0.0,1,0,0.0,0.0,0.0,60,60,0.0,1,0,0,0,1.0,0.0,1,1,0.0,0.0,0,1,0,0,0,0,0,1,1.0,0.0,0.0,0.0,0.0,0.0,0.0,0.0,0.0,0.0,0.0,0.0,0.0,0.0,0.0,0.0,0.0,0.0,0.0,0.0,0.0,0.0,0.0,1.0,0.0,1.0,0,0,0,0,0,0,malicious,1,PartOfAHorizontalPortScan,CTU-IoT-Malware-Capture-1-1,1,fragmentation,medium,0.0,0.0
40,17,0.0,1,0,0.0,0.0,0.0,40,40,0.0,1,0,0,0,1.0,0.0,1,1,0.0,0.0,0,1,0,0,0,0,0,1,1.0,0.0,0.0,0.0,0.0,0.0,0.0,0.0,0.0,0.0,0.0,0.0,0.0,0.0,0.0,0.0,0.0,0.0,0.0,0.0,0.0,0.0,0.0,1.0,0.0,1.0,0,0,0,0,0,0,benign,0,-,CTU-IoT-Malware-Capture-1-1,0,none,none,0.0,0.0
40,17,0.0,1,0,0.0,0.0,0.0,40,40,0.0,1,0,0,0,1.0,0.0,1,1,0.0,0.0,0,1,0,0,0,0,0,1,1.0,0.0,0.0,0.0,0.0,0.0,0.0,0.0,0.0,0.0,0.0,0.0,0.0,0.0,0.0,0.0,0.0,0.0,0.0,0.0,0.0,0.0,0.0,1.0,0.0,1.0,0,0,0,0,0,0,benign,0,-,CTU-IoT-Malware-Capture-1-1,0,none,none,0.0,0.0
30,6,0.0,1,0,0.0,0.0,0.0,30,30,0.0,1,0,0,0,1.0,0.0,1,1,0.0,0.0,1,1,0,0,0,0,0,1,1.0,0.0,0.0,0.0,0.0,0.0,0.0,0.0,0.0,0.0,0.0,0.0,0.0,0.0,0.0,0.0,0.0,0.0,0.0,0.25,0.0,0.0,0.0,1.0,0.0,0.0,0,0,1,0,0,0,malicious,1,PartOfAHorizontalPortScan,CTU-IoT-Malware-Capture-1-1,1,fragmentation,medium,1.0,2.0
60,6,0.0,1,0,0.0,0.0,0.0,60,60,0.0,1,0,0,0,1.0,0.0,1,1,0.0,0.0,0,1,0,0,0,0,0,1,1.0,0.0,0.0,0.0,0.0,0.0,0.0,0.0,0.0,0.0,0.0,0.0,0.0,0.0,0.0,0.0,0.0,0.0,0.0,0.0,0.0,0.0,0.0,1.0,0.0,1.0,0,0,0,0,0,0,malicious,1,PartOfAHorizontalPortScan,CTU-IoT-Malware-Capture-1-1,1,fragmentation,medium,0.0,0.0
40,17,0.0,1,0,0.0,0.0,0.0,40,40,0.0,1,0,0,0,1.0,0.0,1,1,0.0,0.0,0,1,0,0,0,0,0,1,1.0,0.0,0.0,0.0,0.0,0.0,0.0,0.0,0.0,0.0,0.0,0.0,0.0,0.0,0.0,0.0,0.0,0.0,0.0,0.0,0.0,0.0,0.0,1.0,0.0,1.0,0,0,0,0,0,0,benign,0,-,CTU-IoT-Malware-Capture-1-1,0,none,none,0.0,0.0
20,6,0.0,1,0,0.0,0.0,0.0,20,20,0.0,1,0,0,0,1.0,0.0,1,1,0.0,0.0,4,1,0,0,0,0,0,1,1.0,0.0,0.0,0.0,0.0,0.0,0.0,0.0,0.0,0.0,0.0,0.0,0.0,0.0,0.0,0.0,0.0,0.0,0.0,1.0,0.0,0.0,0.0,1.0,0.0,0.0,0,0,1,0,0,0,malicious,1,PartOfAHorizontalPortScan,CTU-IoT-Malware-Capture-1-1,1,fragmentation,medium,2.0,5.0
30,6,0.0,1,0,0.0,0.0,0.0,30,30,0.0,1,0,0,0,1.0,0.0,1,1,0.0,0.0,1,1,0,0,0,0,0,1,1.0,0.0,0.0,0.0,0.0,0.0,0.0,0.0,0.0,0.0,0.0,0.0,0.0,0.0,0.0,0.0,0.0,0.0,0.0,0.25,0.0,0.0,0.0,1.0,0.0,0.0,0,0,1,0,0,0,malicious,1,PartOfAHorizontalPortScan,CTU-IoT-Malware-Capture-1-1,1,fragmentation,medium,1.0,2.0
20,6,0.0,1,0,0.0,0.0,0.0,20,20,0.0,1,0,0,0,1.0,0.0,1,1,0.0,0.0,4,1,0,0,0,0,0,1,1.0,0.0,0.0,0.0,0.0,0.0,0.0,0.0,0.0,0.0,0.0,0.0,0.0,0.0,0.0,0.0,0.0,0.0,0.0,1.0,0.0,0.0,0.0,1.0,0.0,0.0,0,0,1,0,0,0,malicious,1,PartOfAHorizontalPortScan,CTU-IoT-Malware-Capture-1-1,1,fragmentation,medium,2.0,5.0
30,6,0.0,1,0,0.0,0.0,0.0,30,30,0.0,1,0,0,0,1.0,0.0,1,1,0.0,0.0,1,1,0,0,0,0,0,1,1.0,0.0,0.0,0.0,0.0,0.0,0.0,0.0,0.0,0.0,0.0,0.0,0.0,0.0,0.0,0.0,0.0,0.0,0.0,0.25,0.0,0.0,0.0,1.0,0.0,0.0,0,0,1,0,0,0,malicious,1,PartOfAHorizontalPortScan,CTU-IoT-Malware-Capture-1-1,1,fragmentation,medium,1.0,2.0
30,6,0.0,1,0,0.0,0.0,0.0,30,30,0.0,1,0,0,0,1.0,0.0,1,1,0.0,0.0,1,1,0,0,0,0,0,1,1.0,0.0,0.0,0.0,0.0,0.0,0.0,0.0,0.0,0.0,0.0,0.0,0.0,0.0,0.0,0.0,0.0,0.0,0.0,0.25,0.0,0.0,0.0,1.0,0.0,0.0,0,0,1,0,0,0,malicious,1,PartOfAHorizontalPortScan,CTU-IoT-Malware-Capture-1-1,1,fragmentation,medium,0.0,2.0
60,6,0.0,1,0,0.0,0.0,0.0,60,60,0.0,1,0,0,0,1.0,0.0,1,1,0.0,0.0,0,1,0,0,0,0,0,1,1.0,0.0,0.0,0.0,0.0,0.0,0.0,0.0,0.0,0.0,0.0,0.0,0.0,0.0,0.0,0.0,0.0,0.0,0.0,0.0,0.0,0.0,0.0,1.0,0.0,1.0,0,0,0,0,0,0,benign,0,-,CTU-IoT-Malware-Capture-1-1,0,none,none,0.0,0.0
20,6,0.0,1,0,0.0,0.0,0.0,20,20,0.0,1,0,0,0,1.0,0.0,1,1,0.0,0.0,4,1,0,0,0,0,0,1,1.0,0.0,0.0,0.0,0.0,0.0,0.0,0.0,0.0,0.0,0.0,0.0,0.0,0.0,0.0,0.0,0.0,0.0,0.0,1.0,0.0,0.0,0.0,1.0,0.0,0.0,0,0,1,0,0,0,malicious,1,PartOfAHorizontalPortScan,CTU-IoT-Malware-Capture-1-1,1,fragmentation,medium,2.0,5.0
40,17,0.0,1,0,0.0,0.0,0.0,40,40,0.0,1,0,0,0,1.0,0.0,1,1,0.0,0.0,0,1,0,0,0,0,0,1,1.0,0.0,0.0,0.0,0.0,0.0,0.0,0.0,0.0,0.0,0.0,0.0,0.0,0.0,0.0,0.0,0.0,0.0,0.0,0.0,0.0,0.0,0.0,1.0,0.0,1.0,0,0,0,0,0,0,benign,0,-,CTU-IoT-Malware-Capture-1-1,0,none,none,0.0,0.0
40,17,0.0,1,0,0.0,0.0,0.0,40,40,0.0,1,0,0,0,1.0,0.0,1,1,0.0,0.0,0,1,0,0,0,0,0,1,1.0,0.0,0.0,0.0,0.0,0.0,0.0,0.0,0.0,0.0,0.0,0.0,0.0,0.0,0.0,0.0,0.0,0.0,0.0,0.0,0.0,0.0,0.0,1.0,0.0,1.0,0,0,0,0,0,0,benign,0,-,CTU-IoT-Malware-Capture-1-1,0,none,none,0.0,0.0
60,6,0.0,1,0,0.0,0.0,0.0,60,60,0.0,1,0,0,0,1.0,0.0,1,1,0.0,0.0,0,1,0,0,0,0,0,1,1.0,0.0,0.0,0.0,0.0,0.0,0.0,0.0,0.0,0.0,0.0,0.0,0.0,0.0,0.0,0.0,0.0,0.0,0.0,0.0,0.0,0.0,0.0,1.0,0.0,1.0,0,0,0,0,0,0,malicious,1,PartOfAHorizontalPortScan,CTU-IoT-Malware-Capture-1-1,1,fragmentation,medium,0.0,0.0
60,6,0.0,1,0,0.0,0.0,0.0,60,60,0.0,1,0,0,0,1.0,0.0,1,1,0.0,0.0,0,1,0,0,0,0,0,1,1.0,0.0,0.0,0.0,0.0,0.0,0.0,0.0,0.0,0.0,0.0,0.0,0.0,0.0,0.0,0.0,0.0,0.0,0.0,0.0,0.0,0.0,0.0,1.0,0.0,1.0,0,0,0,0,0,0,malicious,1,PartOfAHorizontalPortScan,CTU-IoT-Malware-Capture-1-1,1,fragmentation,medium,0.0,0.0
40,17,0.0,1,0,0.0,0.0,0.0,40,40,0.0,1,0,0,0,1.0,0.0,1,1,0.0,0.0,0,1,0,0,0,0,0,1,1.0,0.0,0.0,0.0,0.0,0.0,0.0,0.0,0.0,0.0,0.0,0.0,0.0,0.0,0.0,0.0,0.0,0.0,0.0,0.0,0.0,0.0,0.0,1.0,0.0,1.0,0,0,0,0,0,0,benign,0,-,CTU-IoT-Malware-Capture-1-1,0,none,none,0.0,0.0
60,6,0.0,1,0,0.0,0.0,0.0,60,60,0.0,1,0,0,0,1.0,0.0,1,1,0.0,0.0,0,1,0,0,0,0,0,1,1.0,0.0,0.0,0.0,0.0,0.0,0.0,0.0,0.0,0.0,0.0,0.0,0.0,0.0,0.0,0.0,0.0,0.0,0.0,0.0,0.0,0.0,0.0,1.0,0.0,1.0,0,0,0,0,0,0,malicious,1,PartOfAHorizontalPortScan,CTU-IoT-Malware-Capture-1-1,1,fragmentation,medium,0.0,0.0
160,6,1.746782,3,0,1.717443848173384,0.0,0.0,160,160,0.0,2,1,0,0,2.0,0.0,1,1,0.0,0.0,0,0,0,0,1,0,0,1,0.0,0.0,0.0,1.0,0.0,0.0,0.0,0.0,0.0,0.0,0.0,0.0,0.0,0.0,0.0,0.0,1.746782,0.0,0.0,0.0,0.0,0.0,0.0,1.0,0.0,1.0,0,0,0,0,0,0,malicious,1,PartOfAHorizontalPortScan,CTU-IoT-Malware-Capture-1-1,1,fragmentation,medium,0.0,0.0
60,6,0.0,1,0,0.0,0.0,0.0,60,60,0.0,1,0,0,0,1.0,0.0,1,1,0.0,0.0,0,1,0,0,0,0,0,1,1.0,0.0,0.0,0.0,0.0,0.0,0.0,0.0,0.0,0.0,0.0,0.0,0.0,0.0,0.0,0.0,0.0,0.0,0.0,0.0,0.0,0.0,0.0,1.0,0.0,1.0,0,0,0,0,0,0,malicious,1,PartOfAHorizontalPortScan,CTU-IoT-Malware-Capture-1-1,1,fragmentation,medium,0.0,0.0
180,6,2.999062,3,0,1.0003127644576872,0.0,0.0,180,180,0.0,3,0,0,0,3.0,0.0,1,1,0.0,0.0,0,1,0,0,0,0,0,1,1.0,0.0,0.0,0.0,0.0,0.0,0.0,0.0,0.0,0.0,0.0,0.0,0.0,0.0,0.0,0.0,2.999062,0.0,0.0,0.0,0.0,0.0,0.0,1.0,0.0,1.0,0,0,0,0,0,0,malicious,1,PartOfAHorizontalPortScan,CTU-IoT-Malware-Capture-1-1,1,fragmentation,medium,0.0,0.0
40,17,0.0,1,0,0.0,0.0,0.0,40,40,0.0,1,0,0,0,1.0,0.0,1,1,0.0,0.0,0,1,0,0,0,0,0,1,1.0,0.0,0.0,0.0,0.0,0.0,0.0,0.0,0.0,0.0,0.0,0.0,0.0,0.0,0.0,0.0,0.0,0.0,0.0,0.0,0.0,0.0,0.0,1.0,0.0,1.0,0,0,0,0,0,0,benign,0,-,CTU-IoT-Malware-Capture-1-1,0,none,none,0.0,0.0
30,6,0.0,1,0,0.0,0.0,0.0,30,30,0.0,1,0,0,0,1.0,0.0,1,1,0.0,0.0,1,1,0,0,0,0,0,1,1.0,0.0,0.0,0.0,0.0,0.0,0.0,0.0,0.0,0.0,0.0,0.0,0.0,0.0,0.0,0.0,0.0,0.0,0.0,0.25,0.0,0.0,0.0,1.0,0.0,0.0,0,0,1,0,0,0,malicious,1,PartOfAHorizontalPortScan,CTU-IoT-Malware-Capture-1-1,1,fragmentation,medium,1.0,2.0
40,17,0.0,1,0,0.0,0.0,0.0,40,40,0.0,1,0,0,0,1.0,0.0,1,1,0.0,0.0,0,1,0,0,0,0,0,1,1.0,0.0,0.0,0.0,0.0,0.0,0.0,0.0,0.0,0.0,0.0,0.0,0.0,0.0,0.0,0.0,0.0,0.0,0.0,0.0,0.0,0.0,0.0,1.0,0.0,1.0,0,0,0,0,0,0,benign,0,-,CTU-IoT-Malware-Capture-1-1,0,none,none,0.0,0.0
40,17,0.0,1,0,0.0,0.0,0.0,40,40,0.0,1,0,0,0,1.0,0.0,1,1,0.0,0.0,0,1,0,0,0,0,0,1,1.0,0.0,0.0,0.0,0.0,0.0,0.0,0.0,0.0,0.0,0.0,0.0,0.0,0.0,0.0,0.0,0.0,0.0,0.0,0.0,0.0,0.0,0.0,1.0,0.0,1.0,0,0,0,0,0,0,benign,0,-,CTU-IoT-Malware-Capture-1-1,0,none,none,0.0,0.0
40,17,0.0,1,0,0.0,0.0,0.0,40,40,0.0,1,0,0,0,1.0,0.0,1,1,0.0,0.0,0,1,0,0,0,0,0,1,1.0,0.0,0.0,0.0,0.0,0.0,0.0,0.0,0.0,0.0,0.0,0.0,0.0,0.0,0.0,0.0,0.0,0.0,0.0,0.0,0.0,0.0,0.0,1.0,0.0,1.0,0,0,0,0,0,0,benign,0,-,CTU-IoT-Malware-Capture-1-1,0,none,none,0.0,0.0
60,6,0.0,1,0,0.0,0.0,0.0,60,60,0.0,1,0,0,0,1.0,0.0,1,1,0.0,0.0,0,1,0,0,0,0,0,1,1.0,0.0,0.0,0.0,0.0,0.0,0.0,0.0,0.0,0.0,0.0,0.0,0.0,0.0,0.0,0.0,0.0,0.0,0.0,0.0,0.0,0.0,0.0,1.0,0.0,1.0,0,0,0,0,0,0,malicious,1,PartOfAHorizontalPortScan,CTU-IoT-Malware-Capture-1-1,1,fragmentation,medium,0.0,0.0
40,17,0.0,1,0,0.0,0.0,0.0,40,40,0.0,1,0,0,0,1.0,0.0,1,1,0.0,0.0,0,1,0,0,0,0,0,1,1.0,0.0,0.0,0.0,0.0,0.0,0.0,0.0,0.0,0.0,0.0,0.0,0.0,0.0,0.0,0.0,0.0,0.0,0.0,0.0,0.0,0.0,0.0,1.0,0.0,1.0,0,0,0,0,0,0,benign,0,-,CTU-IoT-Malware-Capture-1-1,0,none,none,0.0,0.0
60,6,2.998559,3,0,1.0004805641643202,0.0,0.0,60,60,0.0,3,0,0,0,3.0,0.0,1,1,0.0,0.0,2,1,0,0,0,0,0,1,1.0,0.0,0.0,0.0,0.0,0.0,0.0,0.0,0.0,0.0,0.0,0.0,0.0,0.0,0.0,0.0,2.998559,0.0,0.0,0.5,0.0,0.0,0.0,1.0,0.0,0.0,0,0,1,0,0,0,malicious,1,PartOfAHorizontalPortScan,CTU-IoT-Malware-Capture-1-1,1,fragmentation,medium,2.0,3.0
68,1,0.0,1,0,0.0,0.0,0.0,68,68,0.0,1,0,0,0,1.0,0.0,1,1,0.0,0.0,0,0,0,0,0,0,0,0,0.0,0.0,0.0,0.0,0.0,0.0,0.0,0.0,0.0,0.0,0.0,0.0,0.0,0.0,0.0,0.0,0.0,0.0,0.0,0.0,0.0,0.0,0.0,1.0,0.0,1.0,0,0,0,0,0,0,benign,0,-,CTU-IoT-Malware-Capture-1-1,0,none,none,0.0,0.0
40,17,0.0,1,0,0.0,0.0,0.0,40,40,0.0,1,0,0,0,1.0,0.0,1,1,0.0,0.0,0,1,0,0,0,0,0,1,1.0,0.0,0.0,0.0,0.0,0.0,0.0,0.0,0.0,0.0,0.0,0.0,0.0,0.0,0.0,0.0,0.0,0.0,0.0,0.0,0.0,0.0,0.0,1.0,0.0,1.0,0,0,0,0,0,0,benign,0,-,CTU-IoT-Malware-Capture-1-1,0,none,none,0.0,0.0
60,6,0.0,1,0,0.0,0.0,0.0,60,60,0.0,1,0,0,0,1.0,0.0,1,1,0.0,0.0,0,1,0,0,0,0,0,1,1.0,0.0,0.0,0.0,0.0,0.0,0.0,0.0,0.0,0.0,0.0,0.0,0.0,0.0,0.0,0.0,0.0,0.0,0.0,0.0,0.0,0.0,0.0,1.0,0.0,1.0,0,0,0,0,0,0,malicious,1,PartOfAHorizontalPortScan,CTU-IoT-Malware-Capture-1-1,1,fragmentation,medium,0.0,0.0
40,17,0.0,1,0,0.0,0.0,0.0,40,40,0.0,1,0,0,0,1.0,0.0,1,1,0.0,0.0,0,1,0,0,0,0,0,1,1.0,0.0,0.0,0.0,0.0,0.0,0.0,0.0,0.0,0.0,0.0,0.0,0.0,0.0,0.0,0.0,0.0,0.0,0.0,0.0,0.0,0.0,0.0,1.0,0.0,1.0,0,0,0,0,0,0,benign,0,-,CTU-IoT-Malware-Capture-1-1,0,none,none,0.0,0.0
40,17,0.0,1,0,0.0,0.0,0.0,40,40,0.0,1,0,0,0,1.0,0.0,1,1,0.0,0.0,0,1,0,0,0,0,0,1,1.0,0.0,0.0,0.0,0.0,0.0,0.0,0.0,0.0,0.0,0.0,0.0,0.0,0.0,0.0,0.0,0.0,0.0,0.0,0.0,0.0,0.0,0.0,1.0,0.0,1.0,0,0,0,0,0,0,benign,0,-,CTU-IoT-Malware-Capture-1-1,0,none,none,0.0,0.0
180,6,2.999309,3,0,1.0002303863990007,0.0,0.0,180,180,0.0,3,0,0,0,3.0,0.0,1,1,0.0,0.0,0,1,0,0,0,0,0,1,1.0,0.0,0.0,0.0,0.0,0.0,0.0,0.0,0.0,0.0,0.0,0.0,0.0,0.0,0.0,0.0,2.999309,0.0,0.0,0.0,0.0,0.0,0.0,1.0,0.0,1.0,0,0,0,0,0,0,benign,0,-,CTU-IoT-Malware-Capture-1-1,0,none,none,0.0,0.0
180,6,2.998812,3,0,1.0003961568781237,0.0,0.0,180,180,0.0,3,0,0,0,3.0,0.0,1,1,0.0,0.0,0,1,0,0,0,0,0,1,1.0,0.0,0.0,0.0,0.0,0.0,0.0,0.0,0.0,0.0,0.0,0.0,0.0,0.0,0.0,0.0,2.998812,0.0,0.0,0.0,0.0,0.0,0.0,1.0,0.0,1.0,0,0,0,0,0,0,malicious,1,PartOfAHorizontalPortScan,CTU-IoT-Malware-Capture-1-1,1,fragmentation,medium,0.0,0.0
40,17,0.0,1,0,0.0,0.0,0.0,40,40,0.0,1,0,0,0,1.0,0.0,1,1,0.0,0.0,0,1,0,0,0,0,0,1,1.0,0.0,0.0,0.0,0.0,0.0,0.0,0.0,0.0,0.0,0.0,0.0,0.0,0.0,0.0,0.0,0.0,0.0,0.0,0.0,0.0,0.0,0.0,1.0,0.0,1.0,0,0,0,0,0,0,benign,0,-,CTU-IoT-Malware-Capture-1-1,0,none,none,0.0,0.0
30,6,0.0,1,0,0.0,0.0,0.0,30,30,0.0,1,0,0,0,1.0,0.0,1,1,0.0,0.0,1,1,0,0,0,0,0,1,1.0,0.0,0.0,0.0,0.0,0.0,0.0,0.0,0.0,0.0,0.0,0.0,0.0,0.0,0.0,0.0,0.0,0.0,0.0,0.25,0.0,0.0,0.0,1.0,0.0,0.0,0,0,1,0,0,0,malicious,1,PartOfAHorizontalPortScan,CTU-IoT-Malware-Capture-1-1,1,fragmentation,medium,0.0,2.0
20,6,0.0,1,0,0.0,0.0,0.0,20,20,0.0,1,0,0,0,1.0,0.0,1,1,0.0,0.0,4,1,0,0,0,0,0,1,1.0,0.0,0.0,0.0,0.0,0.0,0.0,0.0,0.0,0.0,0.0,0.0,0.0,0.0,0.0,0.0,0.0,0.0,0.0,1.0,0.0,0.0,0.0,1.0,0.0,0.0,0,0,1,0,0,0,malicious,1,PartOfAHorizontalPortScan,CTU-IoT-Malware-Capture-1-1,1,fragmentation,medium,3.0,5.0
40,17,0.0,1,0,0.0,0.0,0.0,40,40,0.0,1,0,0,0,1.0,0.0,1,1,0.0,0.0,0,1,0,0,0,0,0,1,1.0,0.0,0.0,0.0,0.0,0.0,0.0,0.0,0.0,0.0,0.0,0.0,0.0,0.0,0.0,0.0,0.0,0.0,0.0,0.0,0.0,0.0,0.0,1.0,0.0,1.0,0,0,0,0,0,0,benign,0,-,CTU-IoT-Malware-Capture-1-1,0,none,none,0.0,0.0
20,6,0.0,1,0,0.0,0.0,0.0,20,20,0.0,1,0,0,0,1.0,0.0,1,1,0.0,0.0,4,1,0,0,0,0,0,1,1.0,0.0,0.0,0.0,0.0,0.0,0.0,0.0,0.0,0.0,0.0,0.0,0.0,0.0,0.0,0.0,0.0,0.0,0.0,1.0,0.0,0.0,0.0,1.0,0.0,0.0,0,0,1,0,0,0,malicious,1,PartOfAHorizontalPortScan,CTU-IoT-Malware-Capture-1-1,1,fragmentation,medium,0.0,5.0
60,6,0.0,1,0,0.0,0.0,0.0,60,60,0.0,1,0,0,0,1.0,0.0,1,1,0.0,0.0,0,1,0,0,0,0,0,1,1.0,0.0,0.0,0.0,0.0,0.0,0.0,0.0,0.0,0.0,0.0,0.0,0.0,0.0,0.0,0.0,0.0,0.0,0.0,0.0,0.0,0.0,0.0,1.0,0.0,1.0,0,0,0,0,0,0,malicious,1,PartOfAHorizontalPortScan,CTU-IoT-Malware-Capture-1-1,1,fragmentation,medium,0.0,0.0
40,17,0.0,1,0,0.0,0.0,0.0,40,40,0.0,1,0,0,0,1.0,0.0,1,1,0.0,0.0,0,1,0,0,0,0,0,1,1.0,0.0,0.0,0.0,0.0,0.0,0.0,0.0,0.0,0.0,0.0,0.0,0.0,0.0,0.0,0.0,0.0,0.0,0.0,0.0,0.0,0.0,0.0,1.0,0.0,1.0,0,0,0,0,0,0,benign,0,-,CTU-IoT-Malware-Capture-1-1,0,none,none,0.0,0.0
40,17,0.0,1,0,0.0,0.0,0.0,40,40,0.0,1,0,0,0,1.0,0.0,1,1,0.0,0.0,0,1,0,0,0,0,0,1,1.0,0.0,0.0,0.0,0.0,0.0,0.0,0.0,0.0,0.0,0.0,0.0,0.0,0.0,0.0,0.0,0.0,0.0,0.0,0.0,0.0,0.0,0.0,1.0,0.0,1.0,0,0,0,0,0,0,benign,0,-,CTU-IoT-Malware-Capture-1-1,0,none,none,0.0,0.0
40,17,0.0,1,0,0.0,0.0,0.0,40,40,0.0,1,0,0,0,1.0,0.0,1,1,0.0,0.0,0,1,0,0,0,0,0,1,1.0,0.0,0.0,0.0,0.0,0.0,0.0,0.0,0.0,0.0,0.0,0.0,0.0,0.0,0.0,0.0,0.0,0.0,0.0,0.0,0.0,0.0,0.0,1.0,0.0,1.0,0,0,0,0,0,0,benign,0,-,CTU-IoT-Malware-Capture-1-1,0,none,none,0.0,0.0
60,6,0.0,1,0,0.0,0.0,0.0,60,60,0.0,1,0,0,0,1.0,0.0,1,1,0.0,0.0,0,1,0,0,0,0,0,1,1.0,0.0,0.0,0.0,0.0,0.0,0.0,0.0,0.0,0.0,0.0,0.0,0.0,0.0,0.0,0.0,0.0,0.0,0.0,0.0,0.0,0.0,0.0,1.0,0.0,1.0,0,0,0,0,0,0,malicious,1,PartOfAHorizontalPortScan,CTU-IoT-Malware-Capture-1-1,1,fragmentation,medium,0.0,0.0
30,6,0.0,1,0,0.0,0.0,0.0,30,30,0.0,1,0,0,0,1.0,0.0,1,1,0.0,0.0,1,1,0,0,0,0,0,1,1.0,0.0,0.0,0.0,0.0,0.0,0.0,0.0,0.0,0.0,0.0,0.0,0.0,0.0,0.0,0.0,0.0,0.0,0.0,0.25,0.0,0.0,0.0,1.0,0.0,0.0,0,0,1,0,0,0,malicious,1,PartOfAHorizontalPortScan,CTU-IoT-Malware-Capture-1-1,1,fragmentation,medium,0.0,2.0
20,6,0.0,1,0,0.0,0.0,0.0,20,20,0.0,1,0,0,0,1.0,0.0,1,1,0.0,0.0,4,1,0,0,0,0,0,1,1.0,0.0,0.0,0.0,0.0,0.0,0.0,0.0,0.0,0.0,0.0,0.0,0.0,0.0,0.0,0.0,0.0,0.0,0.0,1.0,0.0,0.0,0.0,1.0,0.0,0.0,0,0,1,0,0,0,malicious,1,PartOfAHorizontalPortScan,CTU-IoT-Malware-Capture-1-1,1,fragmentation,medium,1.0,5.0
180,6,2.998807,3,0,1.000397824868356,0.0,0.0,180,180,0.0,3,0,0,0,3.0,0.0,1,1,0.0,0.0,0,1,0,0,0,0,0,1,1.0,0.0,0.0,0.0,0.0,0.0,0.0,0.0,0.0,0.0,0.0,0.0,0.0,0.0,0.0,0.0,2.998807,0.0,0.0,0.0,0.0,0.0,0.0,1.0,0.0,1.0,0,0,0,0,0,0,malicious,1,PartOfAHorizontalPortScan,CTU-IoT-Malware-Capture-1-1,1,fragmentation,medium,0.0,0.0
60,6,0.0,1,0,0.0,0.0,0.0,60,60,0.0,1,0,0,0,1.0,0.0,1,1,0.0,0.0,0,1,0,0,0,0,0,1,1.0,0.0,0.0,0.0,0.0,0.0,0.0,0.0,0.0,0.0,0.0,0.0,0.0,0.0,0.0,0.0,0.0,0.0,0.0,0.0,0.0,0.0,0.0,1.0,0.0,1.0,0,0,0,0,0,0,benign,0,-,CTU-IoT-Malware-Capture-1-1,0,none,none,0.0,0.0
40,17,0.0,1,0,0.0,0.0,0.0,40,40,0.0,1,0,0,0,1.0,0.0,1,1,0.0,0.0,0,1,0,0,0,0,0,1,1.0,0.0,0.0,0.0,0.0,0.0,0.0,0.0,0.0,0.0,0.0,0.0,0.0,0.0,0.0,0.0,0.0,0.0,0.0,0.0,0.0,0.0,0.0,1.0,0.0,1.0,0,0,0,0,0,0,benign,0,-,CTU-IoT-Malware-Capture-1-1,0,none,none,0.0,0.0
180,6,2.999067,3,0,1.0003110967510895,0.0,0.0,180,180,0.0,3,0,0,0,3.0,0.0,1,1,0.0,0.0,0,1,0,0,0,0,0,1,1.0,0.0,0.0,0.0,0.0,0.0,0.0,0.0,0.0,0.0,0.0,0.0,0.0,0.0,0.0,0.0,2.999067,0.0,0.0,0.0,0.0,0.0,0.0,1.0,0.0,1.0,0,0,0,0,0,0,malicious,1,PartOfAHorizontalPortScan,CTU-IoT-Malware-Capture-1-1,1,fragmentation,medium,0.0,0.0
36,6,2.99881,3,0,1.000396824073549,0.0,0.0,36,36,0.0,3,0,0,0,3.0,0.0,1,1,0.0,0.0,4,1,0,0,0,0,0,1,1.0,0.0,0.0,0.0,0.0,0.0,0.0,0.0,0.0,0.0,0.0,0.0,0.0,0.0,0.0,0.0,2.99881,0.0,0.0,1.0,0.0,0.0,0.0,1.0,0.0,0.0,0,0,1,0,0,0,malicious,1,PartOfAHorizontalPortScan,CTU-IoT-Malware-Capture-1-1,1,fragmentation,medium,2.0,5.0
60,6,0.0,1,0,0.0,0.0,0.0,60,60,0.0,1,0,0,0,1.0,0.0,1,1,0.0,0.0,0,1,0,0,0,0,0,1,1.0,0.0,0.0,0.0,0.0,0.0,0.0,0.0,0.0,0.0,0.0,0.0,0.0,0.0,0.0,0.0,0.0,0.0,0.0,0.0,0.0,0.0,0.0,1.0,0.0,1.0,0,0,0,0,0,0,malicious,1,PartOfAHorizontalPortScan,CTU-IoT-Malware-Capture-1-1,1,fragmentation,medium,0.0,0.0
40,17,0.0,1,0,0.0,0.0,0.0,40,40,0.0,1,0,0,0,1.0,0.0,1,1,0.0,0.0,0,1,0,0,0,0,0,1,1.0,0.0,0.0,0.0,0.0,0.0,0.0,0.0,0.0,0.0,0.0,0.0,0.0,0.0,0.0,0.0,0.0,0.0,0.0,0.0,0.0,0.0,0.0,1.0,0.0,1.0,0,0,0,0,0,0,benign,0,-,CTU-IoT-Malware-Capture-1-1,0,none,none,0.0,0.0
40,17,0.0,1,0,0.0,0.0,0.0,40,40,0.0,1,0,0,0,1.0,0.0,1,1,0.0,0.0,0,1,0,0,0,0,0,1,1.0,0.0,0.0,0.0,0.0,0.0,0.0,0.0,0.0,0.0,0.0,0.0,0.0,0.0,0.0,0.0,0.0,0.0,0.0,0.0,0.0,0.0,0.0,1.0,0.0,1.0,0,0,0,0,0,0,benign,0,-,CTU-IoT-Malware-Capture-1-1,0,none,none,0.0,0.0
45,6,2.998805,3,0,1.0003984920660063,0.0,0.0,45,45,0.0,3,0,0,0,3.0,0.0,1,1,0.0,0.0,3,1,0,0,0,0,0,1,1.0,0.0,0.0,0.0,0.0,0.0,0.0,0.0,0.0,0.0,0.0,0.0,0.0,0.0,0.0,0.0,2.998805,0.0,0.0,0.75,0.0,0.0,0.0,1.0,0.0,0.0,0,0,1,0,0,0,malicious,1,PartOfAHorizontalPortScan,CTU-IoT-Malware-Capture-1-1,1,fragmentation,medium,1.0,4.0
180,6,2.999062,3,0,1.0003127644576872,0.0,0.0,180,180,0.0,3,0,0,0,3.0,0.0,1,1,0.0,0.0,0,1,0,0,0,0,0,1,1.0,0.0,0.0,0.0,0.0,0.0,0.0,0.0,0.0,0.0,0.0,0.0,0.0,0.0,0.0,0.0,2.999062,0.0,0.0,0.0,0.0,0.0,0.0,1.0,0.0,1.0,0,0,0,0,0,0,malicious,1,PartOfAHorizontalPortScan,CTU-IoT-Malware-Capture-1-1,1,fragmentation,medium,0.0,0.0
60,6,0.0,1,0,0.0,0.0,0.0,60,60,0.0,1,0,0,0,1.0,0.0,1,1,0.0,0.0,0,1,0,0,0,0,0,1,1.0,0.0,0.0,0.0,0.0,0.0,0.0,0.0,0.0,0.0,0.0,0.0,0.0,0.0,0.0,0.0,0.0,0.0,0.0,0.0,0.0,0.0,0.0,1.0,0.0,1.0,0,0,0,0,0,0,benign,0,-,CTU-IoT-Malware-Capture-1-1,0,none,none,0.0,0.0
180,6,2.998573,3,0,1.0004758930331195,0.0,0.0,180,180,0.0,3,0,0,0,3.0,0.0,1,1,0.0,0.0,0,1,0,0,0,0,0,1,1.0,0.0,0.0,0.0,0.0,0.0,0.0,0.0,0.0,0.0,0.0,0.0,0.0,0.0,0.0,0.0,2.998573,0.0,0.0,0.0,0.0,0.0,0.0,1.0,0.0,1.0,0,0,0,0,0,0,malicious,1,PartOfAHorizontalPortScan,CTU-IoT-Malware-Capture-1-1,1,fragmentation,medium,0.0,0.0
20,6,0.0,1,0,0.0,0.0,0.0,20,20,0.0,1,0,0,0,1.0,0.0,1,1,0.0,0.0,4,1,0,0,0,0,0,1,1.0,0.0,0.0,0.0,0.0,0.0,0.0,0.0,0.0,0.0,0.0,0.0,0.0,0.0,0.0,0.0,0.0,0.0,0.0,1.0,0.0,0.0,0.0,1.0,0.0,0.0,0,0,1,0,0,0,malicious,1,PartOfAHorizontalPortScan,CTU-IoT-Malware-Capture-1-1,1,fragmentation,medium,3.0,5.0
60,6,0.0,1,0,0.0,0.0,0.0,60,60,0.0,1,0,0,0,1.0,0.0,1,1,0.0,0.0,0,1,0,0,0,0,0,1,1.0,0.0,0.0,0.0,0.0,0.0,0.0,0.0,0.0,0.0,0.0,0.0,0.0,0.0,0.0,0.0,0.0,0.0,0.0,0.0,0.0,0.0,0.0,1.0,0.0,1.0,0,0,0,0,0,0,malicious,1,PartOfAHorizontalPortScan,CTU-IoT-Malware-Capture-1-1,1,fragmentation,medium,0.0,0.0
45,6,2.99881,3,0,1.000396824073549,0.0,0.0,45,45,0.0,3,0,0,0,3.0,0.0,1,1,0.0,0.0,3,1,0,0,0,0,0,1,1.0,0.0,0.0,0.0,0.0,0.0,0.0,0.0,0.0,0.0,0.0,0.0,0.0,0.0,0.0,0.0,2.99881,0.0,0.0,0.75,0.0,0.0,0.0,1.0,0.0,0.0,0,0,1,0,0,0,malicious,1,PartOfAHorizontalPortScan,CTU-IoT-Malware-Capture-1-1,1,fragmentation,medium,2.0,4.0
180,6,2.99907,3,0,1.0003100961298002,0.0,0.0,180,180,0.0,3,0,0,0,3.0,0.0,1,1,0.0,0.0,0,1,0,0,0,0,0,1,1.0,0.0,0.0,0.0,0.0,0.0,0.0,0.0,0.0,0.0,0.0,0.0,0.0,0.0,0.0,0.0,2.99907,0.0,0.0,0.0,0.0,0.0,0.0,1.0,0.0,1.0,0,0,0,0,0,0,malicious,1,PartOfAHorizontalPortScan,CTU-IoT-Malware-Capture-1-1,1,fragmentation,medium,0.0,0.0
20,6,0.0,1,0,0.0,0.0,0.0,20,20,0.0,1,0,0,0,1.0,0.0,1,1,0.0,0.0,4,1,0,0,0,0,0,1,1.0,0.0,0.0,0.0,0.0,0.0,0.0,0.0,0.0,0.0,0.0,0.0,0.0,0.0,0.0,0.0,0.0,0.0,0.0,1.0,0.0,0.0,0.0,1.0,0.0,0.0,0,0,1,0,0,0,malicious,1,PartOfAHorizontalPortScan,CTU-IoT-Malware-Capture-1-1,1,fragmentation,medium,2.0,5.0
40,17,0.0,1,0,0.0,0.0,0.0,40,40,0.0,1,0,0,0,1.0,0.0,1,1,0.0,0.0,0,1,0,0,0,0,0,1,1.0,0.0,0.0,0.0,0.0,0.0,0.0,0.0,0.0,0.0,0.0,0.0,0.0,0.0,0.0,0.0,0.0,0.0,0.0,0.0,0.0,0.0,0.0,1.0,0.0,1.0,0,0,0,0,0,0,benign,0,-,CTU-IoT-Malware-Capture-1-1,0,none,none,0.0,0.0
40,17,0.0,1,0,0.0,0.0,0.0,40,40,0.0,1,0,0,0,1.0,0.0,1,1,0.0,0.0,0,1,0,0,0,0,0,1,1.0,0.0,0.0,0.0,0.0,0.0,0.0,0.0,0.0,0.0,0.0,0.0,0.0,0.0,0.0,0.0,0.0,0.0,0.0,0.0,0.0,0.0,0.0,1.0,0.0,1.0,0,0,0,0,0,0,benign,0,-,CTU-IoT-Malware-Capture-1-1,0,none,none,0.0,0.0
60,6,0.0,1,0,0.0,0.0,0.0,60,60,0.0,1,0,0,0,1.0,0.0,1,1,0.0,0.0,0,1,0,0,0,0,0,1,1.0,0.0,0.0,0.0,0.0,0.0,0.0,0.0,0.0,0.0,0.0,0.0,0.0,0.0,0.0,0.0,0.0,0.0,0.0,0.0,0.0,0.0,0.0,1.0,0.0,1.0,0,0,0,0,0,0,malicious,1,PartOfAHorizontalPortScan,CTU-IoT-Malware-Capture-1-1,1,fragmentation,medium,0.0,0.0
40,17,0.0,1,0,0.0,0.0,0.0,40,40,0.0,1,0,0,0,1.0,0.0,1,1,0.0,0.0,0,1,0,0,0,0,0,1,1.0,0.0,0.0,0.0,0.0,0.0,0.0,0.0,0.0,0.0,0.0,0.0,0.0,0.0,0.0,0.0,0.0,0.0,0.0,0.0,0.0,0.0,0.0,1.0,0.0,1.0,0,0,0,0,0,0,benign,0,-,CTU-IoT-Malware-Capture-1-1,0,none,none,0.0,0.0
180,6,2.998808,3,0,1.0003974912698645,0.0,0.0,180,180,0.0,3,0,0,0,3.0,0.0,1,1,0.0,0.0,0,1,0,0,0,0,0,1,1.0,0.0,0.0,0.0,0.0,0.0,0.0,0.0,0.0,0.0,0.0,0.0,0.0,0.0,0.0,0.0,2.998808,0.0,0.0,0.0,0.0,0.0,0.0,1.0,0.0,1.0,0,0,0,0,0,0,benign,0,-,CTU-IoT-Malware-Capture-1-1,0,none,none,0.0,0.0
152,17,0.026718,2,96,74.85590238790328,3593.083314619358,48.0,152,152,0.0,1,1,48,48,1.0,1.0,1,1,0.0,0.0,0,1,0,1,0,0,0,2,0.5,0.0,0.5,0.0,0.0,0.0,0.0,0.0,0.0,0.0,0.0,0.0,0.0,0.0,0.0,0.0,0.026718,0.0,0.0,0.0,0.0,0.0,0.0,1.0,0.0,1.0,0,0,0,0,0,0,benign,0,-,CTU-IoT-Malware-Capture-1-1,0,none,none,0.0,0.0
40,17,0.0,1,0,0.0,0.0,0.0,40,40,0.0,1,0,0,0,1.0,0.0,1,1,0.0,0.0,0,1,0,0,0,0,0,1,1.0,0.0,0.0,0.0,0.0,0.0,0.0,0.0,0.0,0.0,0.0,0.0,0.0,0.0,0.0,0.0,0.0,0.0,0.0,0.0,0.0,0.0,0.0,1.0,0.0,1.0,0,0,0,0,0,0,benign,0,-,CTU-IoT-Malware-Capture-1-1,0,none,none,0.0,0.0
180,6,2.999062,3,0,1.0003127644576872,0.0,0.0,180,180,0.0,3,0,0,0,3.0,0.0,1,1,0.0,0.0,0,1,0,0,0,0,0,1,1.0,0.0,0.0,0.0,0.0,0.0,0.0,0.0,0.0,0.0,0.0,0.0,0.0,0.0,0.0,0.0,2.999062,0.0,0.0,0.0,0.0,0.0,0.0,1.0,0.0,1.0,0,0,0,0,0,0,benign,0,-,CTU-IoT-Malware-Capture-1-1,0,none,none,0.0,0.0
40,17,0.0,1,0,0.0,0.0,0.0,40,40,0.0,1,0,0,0,1.0,0.0,1,1,0.0,0.0,0,1,0,0,0,0,0,1,1.0,0.0,0.0,0.0,0.0,0.0,0.0,0.0,0.0,0.0,0.0,0.0,0.0,0.0,0.0,0.0,0.0,0.0,0.0,0.0,0.0,0.0,0.0,1.0,0.0,1.0,0,0,0,0,0,0,benign,0,-,CTU-IoT-Malware-Capture-1-1,0,none,none,0.0,0.0
60,6,0.0,1,0,0.0,0.0,0.0,60,60,0.0,1,0,0,0,1.0,0.0,1,1,0.0,0.0,0,1,0,0,0,0,0,1,1.0,0.0,0.0,0.0,0.0,0.0,0.0,0.0,0.0,0.0,0.0,0.0,0.0,0.0,0.0,0.0,0.0,0.0,0.0,0.0,0.0,0.0,0.0,1.0,0.0,1.0,0,0,0,0,0,0,malicious,1,PartOfAHorizontalPortScan,CTU-IoT-Malware-Capture-1-1,1,fragmentation,medium,0.0,0.0
40,17,0.0,1,0,0.0,0.0,0.0,40,40,0.0,1,0,0,0,1.0,0.0,1,1,0.0,0.0,0,1,0,0,0,0,0,1,1.0,0.0,0.0,0.0,0.0,0.0,0.0,0.0,0.0,0.0,0.0,0.0,0.0,0.0,0.0,0.0,0.0,0.0,0.0,0.0,0.0,0.0,0.0,1.0,0.0,1.0,0,0,0,0,0,0,benign,0,-,CTU-IoT-Malware-Capture-1-1,0,none,none,0.0,0.0
20,6,0.0,1,0,0.0,0.0,0.0,20,20,0.0,1,0,0,0,1.0,0.0,1,1,0.0,0.0,2,1,0,0,0,0,0,1,1.0,0.0,0.0,0.0,0.0,0.0,0.0,0.0,0.0,0.0,0.0,0.0,0.0,0.0,0.0,0.0,0.0,0.0,0.0,0.5,0.0,0.0,0.0,1.0,0.0,0.0,0,0,1,0,0,0,malicious,1,PartOfAHorizontalPortScan,CTU-IoT-Malware-Capture-1-1,1,fragmentation,medium,0.0,3.0
20,6,0.0,1,0,0.0,0.0,0.0,20,20,0.0,1,0,0,0,1.0,0.0,1,1,0.0,0.0,3,1,0,0,0,0,0,1,1.0,0.0,0.0,0.0,0.0,0.0,0.0,0.0,0.0,0.0,0.0,0.0,0.0,0.0,0.0,0.0,0.0,0.0,0.0,0.75,0.0,0.0,0.0,1.0,0.0,0.0,0,0,1,0,0,0,malicious,1,PartOfAHorizontalPortScan,CTU-IoT-Malware-Capture-1-1,1,fragmentation,medium,0.0,4.0
40,17,0.0,1,0,0.0,0.0,0.0,40,40,0.0,1,0,0,0,1.0,0.0,1,1,0.0,0.0,0,1,0,0,0,0,0,1,1.0,0.0,0.0,0.0,0.0,0.0,0.0,0.0,0.0,0.0,0.0,0.0,0.0,0.0,0.0,0.0,0.0,0.0,0.0,0.0,0.0,0.0,0.0,1.0,0.0,1.0,0,0,0,0,0,0,benign,0,-,CTU-IoT-Malware-Capture-1-1,0,none,none,0.0,0.0
20,6,0.0,1,0,0.0,0.0,0.0,20,20,0.0,1,0,0,0,1.0,0.0,1,1,0.0,0.0,3,1,0,0,0,0,0,1,1.0,0.0,0.0,0.0,0.0,0.0,0.0,0.0,0.0,0.0,0.0,0.0,0.0,0.0,0.0,0.0,0.0,0.0,0.0,0.75,0.0,0.0,0.0,1.0,0.0,0.0,0,0,1,0,0,0,malicious,1,PartOfAHorizontalPortScan,CTU-IoT-Malware-Capture-1-1,1,fragmentation,medium,1.0,4.0
60,6,0.0,1,0,0.0,0.0,0.0,60,60,0.0,1,0,0,0,1.0,0.0,1,1,0.0,0.0,0,1,0,0,0,0,0,1,1.0,0.0,0.0,0.0,0.0,0.0,0.0,0.0,0.0,0.0,0.0,0.0,0.0,0.0,0.0,0.0,0.0,0.0,0.0,0.0,0.0,0.0,0.0,1.0,0.0,1.0,0,0,0,0,0,0,malicious,1,PartOfAHorizontalPortScan,CTU-IoT-Malware-Capture-1-1,1,fragmentation,medium,0.0,0.0
180,6,2.998565,3,0,1.0004785622456074,0.0,0.0,180,180,0.0,3,0,0,0,3.0,0.0,1,1,0.0,0.0,0,1,0,0,0,0,0,1,1.0,0.0,0.0,0.0,0.0,0.0,0.0,0.0,0.0,0.0,0.0,0.0,0.0,0.0,0.0,0.0,2.998565,0.0,0.0,0.0,0.0,0.0,0.0,1.0,0.0,1.0,0,0,0,0,0,0,malicious,1,PartOfAHorizontalPortScan,CTU-IoT-Malware-Capture-1-1,1,fragmentation,medium,0.0,0.0
36,6,2.998822,3,0,1.0003928209143456,0.0,0.0,36,36,0.0,3,0,0,0,3.0,0.0,1,1,0.0,0.0,4,1,0,0,0,0,0,1,1.0,0.0,0.0,0.0,0.0,0.0,0.0,0.0,0.0,0.0,0.0,0.0,0.0,0.0,0.0,0.0,2.998822,0.0,0.0,1.0,0.0,0.0,0.0,1.0,0.0,0.0,0,0,1,0,0,0,malicious,1,PartOfAHorizontalPortScan,CTU-IoT-Malware-Capture-1-1,1,fragmentation,medium,4.0,5.0
40,17,0.0,1,0,0.0,0.0,0.0,40,40,0.0,1,0,0,0,1.0,0.0,1,1,0.0,0.0,0,1,0,0,0,0,0,1,1.0,0.0,0.0,0.0,0.0,0.0,0.0,0.0,0.0,0.0,0.0,0.0,0.0,0.0,0.0,0.0,0.0,0.0,0.0,0.0,0.0,0.0,0.0,1.0,0.0,1.0,0,0,0,0,0,0,benign,0,-,CTU-IoT-Malware-Capture-1-1,0,none,none,0.0,0.0
20,6,0.0,1,0,0.0,0.0,0.0,20,20,0.0,1,0,0,0,1.0,0.0,1,1,0.0,0.0,3,1,0,0,0,0,0,1,1.0,0.0,0.0,0.0,0.0,0.0,0.0,0.0,0.0,0.0,0.0,0.0,0.0,0.0,0.0,0.0,0.0,0.0,0.0,0.75,0.0,0.0,0.0,1.0,0.0,0.0,0,0,1,0,0,0,malicious,1,PartOfAHorizontalPortScan,CTU-IoT-Malware-Capture-1-1,1,fragmentation,medium,2.0,4.0
40,17,0.0,1,0,0.0,0.0,0.0,40,40,0.0,1,0,0,0,1.0,0.0,1,1,0.0,0.0,0,1,0,0,0,0,0,1,1.0,0.0,0.0,0.0,0.0,0.0,0.0,0.0,0.0,0.0,0.0,0.0,0.0,0.0,0.0,0.0,0.0,0.0,0.0,0.0,0.0,0.0,0.0,1.0,0.0,1.0,0,0,0,0,0,0,benign,0,-,CTU-IoT-Malware-Capture-1-1,0,none,none,0.0,0.0
45,6,2.999077,3,0,1.0003077613545768,0.0,0.0,45,45,0.0,3,0,0,0,3.0,0.0,1,1,0.0,0.0,3,1,0,0,0,0,0,1,1.0,0.0,0.0,0.0,0.0,0.0,0.0,0.0,0.0,0.0,0.0,0.0,0.0,0.0,0.0,0.0,2.999077,0.0,0.0,0.75,0.0,0.0,0.0,1.0,0.0,0.0,0,0,1,0,0,0,malicious,1,PartOfAHorizontalPortScan,CTU-IoT-Malware-Capture-1-1,1,fragmentation,medium,2.0,4.0
40,17,0.0,1,0,0.0,0.0,0.0,40,40,0.0,1,0,0,0,1.0,0.0,1,1,0.0,0.0,0,1,0,0,0,0,0,1,1.0,0.0,0.0,0.0,0.0,0.0,0.0,0.0,0.0,0.0,0.0,0.0,0.0,0.0,0.0,0.0,0.0,0.0,0.0,0.0,0.0,0.0,0.0,1.0,0.0,1.0,0,0,0,0,0,0,benign,0,-,CTU-IoT-Malware-Capture-1-1,0,none,none,0.0,0.0
40,17,0.0,1,0,0.0,0.0,0.0,40,40,0.0,1,0,0,0,1.0,0.0,1,1,0.0,0.0,0,1,0,0,0,0,0,1,1.0,0.0,0.0,0.0,0.0,0.0,0.0,0.0,0.0,0.0,0.0,0.0,0.0,0.0,0.0,0.0,0.0,0.0,0.0,0.0,0.0,0.0,0.0,1.0,0.0,1.0,0,0,0,0,0,0,benign,0,-,CTU-IoT-Malware-Capture-1-1,0,none,none,0.0,0.0
180,6,2.998825,3,0,1.0003918201295507,0.0,0.0,180,180,0.0,3,0,0,0,3.0,0.0,1,1,0.0,0.0,0,1,0,0,0,0,0,1,1.0,0.0,0.0,0.0,0.0,0.0,0.0,0.0,0.0,0.0,0.0,0.0,0.0,0.0,0.0,0.0,2.998825,0.0,0.0,0.0,0.0,0.0,0.0,1.0,0.0,1.0,0,0,0,0,0,0,benign,0,-,CTU-IoT-Malware-Capture-1-1,0,none,none,0.0,0.0
30,6,0.0,1,0,0.0,0.0,0.0,30,30,0.0,1,0,0,0,1.0,0.0,1,1,0.0,0.0,1,1,0,0,0,0,0,1,1.0,0.0,0.0,0.0,0.0,0.0,0.0,0.0,0.0,0.0,0.0,0.0,0.0,0.0,0.0,0.0,0.0,0.0,0.0,0.25,0.0,0.0,0.0,1.0,0.0,0.0,0,0,1,0,0,0,malicious,1,PartOfAHorizontalPortScan,CTU-IoT-Malware-Capture-1-1,1,fragmentation,medium,1.0,2.0
40,17,0.0,1,0,0.0,0.0,0.0,40,40,0.0,1,0,0,0,1.0,0.0,1,1,0.0,0.0,0,1,0,0,0,0,0,1,1.0,0.0,0.0,0.0,0.0,0.0,0.0,0.0,0.0,0.0,0.0,0.0,0.0,0.0,0.0,0.0,0.0,0.0,0.0,0.0,0.0,0.0,0.0,1.0,0.0,1.0,0,0,0,0,0,0,benign,0,-,CTU-IoT-Malware-Capture-1-1,0,none,none,0.0,0.0
60,6,2.998814,3,0,1.0003954896835883,0.0,0.0,60,60,0.0,3,0,0,0,3.0,0.0,1,1,0.0,0.0,2,1,0,0,0,0,0,1,1.0,0.0,0.0,0.0,0.0,0.0,0.0,0.0,0.0,0.0,0.0,0.0,0.0,0.0,0.0,0.0,2.998814,0.0,0.0,0.5,0.0,0.0,0.0,1.0,0.0,0.0,0,0,1,0,0,0,malicious,1,PartOfAHorizontalPortScan,CTU-IoT-Malware-Capture-1-1,1,fragmentation,medium,1.0,3.0
60,6,0.0,1,0,0.0,0.0,0.0,60,60,0.0,1,0,0,0,1.0,0.0,1,1,0.0,0.0,0,1,0,0,0,0,0,1,1.0,0.0,0.0,0.0,0.0,0.0,0.0,0.0,0.0,0.0,0.0,0.0,0.0,0.0,0.0,0.0,0.0,0.0,0.0,0.0,0.0,0.0,0.0,1.0,0.0,1.0,0,0,0,0,0,0,malicious,1,PartOfAHorizontalPortScan,CTU-IoT-Malware-Capture-1-1,1,fragmentation,medium,0.0,0.0
40,17,0.0,1,0,0.0,0.0,0.0,40,40,0.0,1,0,0,0,1.0,0.0,1,1,0.0,0.0,0,1,0,0,0,0,0,1,1.0,0.0,0.0,0.0,0.0,0.0,0.0,0.0,0.0,0.0,0.0,0.0,0.0,0.0,0.0,0.0,0.0,0.0,0.0,0.0,0.0,0.0,0.0,1.0,0.0,1.0,0,0,0,0,0,0,benign,0,-,CTU-IoT-Malware-Capture-1-1,0,none,none,0.0,0.0
60,6,2.999065,3,0,1.0003117638330614,0.0,0.0,60,60,0.0,3,0,0,0,3.0,0.0,1,1,0.0,0.0,2,1,0,0,0,0,0,1,1.0,0.0,0.0,0.0,0.0,0.0,0.0,0.0,0.0,0.0,0.0,0.0,0.0,0.0,0.0,0.0,2.999065,0.0,0.0,0.5,0.0,0.0,0.0,1.0,0.0,0.0,0,0,1,0,0,0,malicious,1,PartOfAHorizontalPortScan,CTU-IoT-Malware-Capture-1-1,1,fragmentation,medium,1.0,3.0
20,6,0.0,1,0,0.0,0.0,0.0,20,20,0.0,1,0,0,0,1.0,0.0,1,1,0.0,0.0,4,1,0,0,0,0,0,1,1.0,0.0,0.0,0.0,0.0,0.0,0.0,0.0,0.0,0.0,0.0,0.0,0.0,0.0,0.0,0.0,0.0,0.0,0.0,1.0,0.0,0.0,0.0,1.0,0.0,0.0,0,0,1,0,0,0,malicious,1,PartOfAHorizontalPortScan,CTU-IoT-Malware-Capture-1-1,1,fragmentation,medium,0.0,5.0
40,17,0.0,1,0,0.0,0.0,0.0,40,40,0.0,1,0,0,0,1.0,0.0,1,1,0.0,0.0,0,1,0,0,0,0,0,1,1.0,0.0,0.0,0.0,0.0,0.0,0.0,0.0,0.0,0.0,0.0,0.0,0.0,0.0,0.0,0.0,0.0,0.0,0.0,0.0,0.0,0.0,0.0,1.0,0.0,1.0,0,0,0,0,0,0,benign,0,-,CTU-IoT-Malware-Capture-1-1,0,none,none,0.0,0.0
20,6,0.0,1,0,0.0,0.0,0.0,20,20,0.0,1,0,0,0,1.0,0.0,1,1,0.0,0.0,4,1,0,0,0,0,0,1,1.0,0.0,0.0,0.0,0.0,0.0,0.0,0.0,0.0,0.0,0.0,0.0,0.0,0.0,0.0,0.0,0.0,0.0,0.0,1.0,0.0,0.0,0.0,1.0,0.0,0.0,0,0,1,0,0,0,malicious,1,PartOfAHorizontalPortScan,CTU-IoT-Malware-Capture-1-1,1,fragmentation,medium,3.0,5.0
40,17,0.0,1,0,0.0,0.0,0.0,40,40,0.0,1,0,0,0,1.0,0.0,1,1,0.0,0.0,0,1,0,0,0,0,0,1,1.0,0.0,0.0,0.0,0.0,0.0,0.0,0.0,0.0,0.0,0.0,0.0,0.0,0.0,0.0,0.0,0.0,0.0,0.0,0.0,0.0,0.0,0.0,1.0,0.0,1.0,0,0,0,0,0,0,benign,0,-,CTU-IoT-Malware-Capture-1-1,0,none,none,0.0,0.0
180,6,2.998805,3,0,1.0003984920660063,0.0,0.0,180,180,0.0,3,0,0,0,3.0,0.0,1,1,0.0,0.0,0,1,0,0,0,0,0,1,1.0,0.0,0.0,0.0,0.0,0.0,0.0,0.0,0.0,0.0,0.0,0.0,0.0,0.0,0.0,0.0,2.998805,0.0,0.0,0.0,0.0,0.0,0.0,1.0,0.0,1.0,0,0,0,0,0,0,malicious,1,PartOfAHorizontalPortScan,CTU-IoT-Malware-Capture-1-1,1,fragmentation,medium,0.0,0.0
60,6,0.0,1,0,0.0,0.0,0.0,60,60,0.0,1,0,0,0,1.0,0.0,1,1,0.0,0.0,0,1,0,0,0,0,0,1,1.0,0.0,0.0,0.0,0.0,0.0,0.0,0.0,0.0,0.0,0.0,0.0,0.0,0.0,0.0,0.0,0.0,0.0,0.0,0.0,0.0,0.0,0.0,1.0,0.0,1.0,0,0,0,0,0,0,malicious,1,PartOfAHorizontalPortScan,CTU-IoT-Malware-Capture-1-1,1,fragmentation,medium,0.0,0.0
40,17,0.0,1,0,0.0,0.0,0.0,40,40,0.0,1,0,0,0,1.0,0.0,1,1,0.0,0.0,0,1,0,0,0,0,0,1,1.0,0.0,0.0,0.0,0.0,0.0,0.0,0.0,0.0,0.0,0.0,0.0,0.0,0.0,0.0,0.0,0.0,0.0,0.0,0.0,0.0,0.0,0.0,1.0,0.0,1.0,0,0,0,0,0,0,benign,0,-,CTU-IoT-Malware-Capture-1-1,0,none,none,0.0,0.0
60,6,0.0,1,0,0.0,0.0,0.0,60,60,0.0,1,0,0,0,1.0,0.0,1,1,0.0,0.0,0,1,0,0,0,0,0,1,1.0,0.0,0.0,0.0,0.0,0.0,0.0,0.0,0.0,0.0,0.0,0.0,0.0,0.0,0.0,0.0,0.0,0.0,0.0,0.0,0.0,0.0,0.0,1.0,0.0,1.0,0,0,0,0,0,0,malicious,1,PartOfAHorizontalPortScan,CTU-IoT-Malware-Capture-1-1,1,fragmentation,medium,0.0,0.0
45,6,2.998808,3,0,1.0003974912698645,0.0,0.0,45,45,0.0,3,0,0,0,3.0,0.0,1,1,0.0,0.0,3,1,0,0,0,0,0,1,1.0,0.0,0.0,0.0,0.0,0.0,0.0,0.0,0.0,0.0,0.0,0.0,0.0,0.0,0.0,0.0,2.998808,0.0,0.0,0.75,0.0,0.0,0.0,1.0,0.0,0.0,0,0,1,0,0,0,malicious,1,PartOfAHorizontalPortScan,CTU-IoT-Malware-Capture-1-1,1,fragmentation,medium,1.0,4.0
36,6,2.998815,3,0,1.0003951560866542,0.0,0.0,36,36,0.0,3,0,0,0,3.0,0.0,1,1,0.0,0.0,4,1,0,0,0,0,0,1,1.0,0.0,0.0,0.0,0.0,0.0,0.0,0.0,0.0,0.0,0.0,0.0,0.0,0.0,0.0,0.0,2.998815,0.0,0.0,1.0,0.0,0.0,0.0,1.0,0.0,0.0,0,0,1,0,0,0,malicious,1,PartOfAHorizontalPortScan,CTU-IoT-Malware-Capture-1-1,1,fragmentation,medium,1.0,5.0
40,17,0.0,1,0,0.0,0.0,0.0,40,40,0.0,1,0,0,0,1.0,0.0,1,1,0.0,0.0,0,1,0,0,0,0,0,1,1.0,0.0,0.0,0.0,0.0,0.0,0.0,0.0,0.0,0.0,0.0,0.0,0.0,0.0,0.0,0.0,0.0,0.0,0.0,0.0,0.0,0.0,0.0,1.0,0.0,1.0,0,0,0,0,0,0,benign,0,-,CTU-IoT-Malware-Capture-1-1,0,none,none,0.0,0.0
20,6,0.0,1,0,0.0,0.0,0.0,20,20,0.0,1,0,0,0,1.0,0.0,1,1,0.0,0.0,4,1,0,0,0,0,0,1,1.0,0.0,0.0,0.0,0.0,0.0,0.0,0.0,0.0,0.0,0.0,0.0,0.0,0.0,0.0,0.0,0.0,0.0,0.0,1.0,0.0,0.0,0.0,1.0,0.0,0.0,0,0,1,0,0,0,malicious,1,PartOfAHorizontalPortScan,CTU-IoT-Malware-Capture-1-1,1,fragmentation,medium,4.0,5.0
45,6,2.998808,3,0,1.0003974912698645,0.0,0.0,45,45,0.0,3,0,0,0,3.0,0.0,1,1,0.0,0.0,3,1,0,0,0,0,0,1,1.0,0.0,0.0,0.0,0.0,0.0,0.0,0.0,0.0,0.0,0.0,0.0,0.0,0.0,0.0,0.0,2.998808,0.0,0.0,0.75,0.0,0.0,0.0,1.0,0.0,0.0,0,0,1,0,0,0,malicious,1,PartOfAHorizontalPortScan,CTU-IoT-Malware-Capture-1-1,1,fragmentation,medium,3.0,4.0
90,6,2.998323,3,0,1.0005593126557746,0.0,0.0,90,90,0.0,3,0,0,0,3.0,0.0,1,1,0.0,0.0,1,1,0,0,0,0,0,1,1.0,0.0,0.0,0.0,0.0,0.0,0.0,0.0,0.0,0.0,0.0,0.0,0.0,0.0,0.0,0.0,2.998323,0.0,0.0,0.25,0.0,0.0,0.0,1.0,0.0,0.0,0,0,1,0,0,0,malicious,1,PartOfAHorizontalPortScan,CTU-IoT-Malware-Capture-1-1,1,fragmentation,medium,0.0,2.0
20,6,0.0,1,0,0.0,0.0,0.0,20,20,0.0,1,0,0,0,1.0,0.0,1,1,0.0,0.0,3,1,0,0,0,0,0,1,1.0,0.0,0.0,0.0,0.0,0.0,0.0,0.0,0.0,0.0,0.0,0.0,0.0,0.0,0.0,0.0,0.0,0.0,0.0,0.75,0.0,0.0,0.0,1.0,0.0,0.0,0,0,1,0,0,0,malicious,1,PartOfAHorizontalPortScan,CTU-IoT-Malware-Capture-1-1,1,fragmentation,medium,3.0,4.0
40,17,0.0,1,0,0.0,0.0,0.0,40,40,0.0,1,0,0,0,1.0,0.0,1,1,0.0,0.0,0,1,0,0,0,0,0,1,1.0,0.0,0.0,0.0,0.0,0.0,0.0,0.0,0.0,0.0,0.0,0.0,0.0,0.0,0.0,0.0,0.0,0.0,0.0,0.0,0.0,0.0,0.0,1.0,0.0,1.0,0,0,0,0,0,0,benign,0,-,CTU-IoT-Malware-Capture-1-1,0,none,none,0.0,0.0
36,6,2.998826,3,0,1.000391486535064,0.0,0.0,36,36,0.0,3,0,0,0,3.0,0.0,1,1,0.0,0.0,4,1,0,0,0,0,0,1,1.0,0.0,0.0,0.0,0.0,0.0,0.0,0.0,0.0,0.0,0.0,0.0,0.0,0.0,0.0,0.0,2.998826,0.0,0.0,1.0,0.0,0.0,0.0,1.0,0.0,0.0,0,0,1,0,0,0,malicious,1,PartOfAHorizontalPortScan,CTU-IoT-Malware-Capture-1-1,1,fragmentation,medium,3.0,5.0
40,17,0.0,1,0,0.0,0.0,0.0,40,40,0.0,1,0,0,0,1.0,0.0,1,1,0.0,0.0,0,1,0,0,0,0,0,1,1.0,0.0,0.0,0.0,0.0,0.0,0.0,0.0,0.0,0.0,0.0,0.0,0.0,0.0,0.0,0.0,0.0,0.0,0.0,0.0,0.0,0.0,0.0,1.0,0.0,1.0,0,0,0,0,0,0,benign,0,-,CTU-IoT-Malware-Capture-1-1,0,none,none,0.0,0.0
40,17,0.0,1,0,0.0,0.0,0.0,40,40,0.0,1,0,0,0,1.0,0.0,1,1,0.0,0.0,0,1,0,0,0,0,0,1,1.0,0.0,0.0,0.0,0.0,0.0,0.0,0.0,0.0,0.0,0.0,0.0,0.0,0.0,0.0,0.0,0.0,0.0,0.0,0.0,0.0,0.0,0.0,1.0,0.0,1.0,0,0,0,0,0,0,benign,0,-,CTU-IoT-Malware-Capture-1-1,0,none,none,0.0,0.0
56,1,0.0,1,0,0.0,0.0,0.0,56,56,0.0,1,0,0,0,1.0,0.0,1,1,0.0,0.0,0,0,0,0,0,0,0,0,0.0,0.0,0.0,0.0,0.0,0.0,0.0,0.0,0.0,0.0,0.0,0.0,0.0,0.0,0.0,0.0,0.0,0.0,0.0,0.0,0.0,0.0,0.0,1.0,0.0,1.0,0,0,0,0,0,0,benign,0,-,CTU-IoT-Malware-Capture-1-1,0,none,none,0.0,0.0
40,17,0.0,1,0,0.0,0.0,0.0,40,40,0.0,1,0,0,0,1.0,0.0,1,1,0.0,0.0,0,1,0,0,0,0,0,1,1.0,0.0,0.0,0.0,0.0,0.0,0.0,0.0,0.0,0.0,0.0,0.0,0.0,0.0,0.0,0.0,0.0,0.0,0.0,0.0,0.0,0.0,0.0,1.0,0.0,1.0,0,0,0,0,0,0,benign,0,-,CTU-IoT-Malware-Capture-1-1,0,none,none,0.0,0.0
36,6,2.998566,3,0,1.0004782285932676,0.0,0.0,36,36,0.0,3,0,0,0,3.0,0.0,1,1,0.0,0.0,4,1,0,0,0,0,0,1,1.0,0.0,0.0,0.0,0.0,0.0,0.0,0.0,0.0,0.0,0.0,0.0,0.0,0.0,0.0,0.0,2.998566,0.0,0.0,1.0,0.0,0.0,0.0,1.0,0.0,0.0,0,0,1,0,0,0,malicious,1,PartOfAHorizontalPortScan,CTU-IoT-Malware-Capture-1-1,1,fragmentation,medium,0.0,5.0
30,6,0.0,1,0,0.0,0.0,0.0,30,30,0.0,1,0,0,0,1.0,0.0,1,1,0.0,0.0,1,1,0,0,0,0,0,1,1.0,0.0,0.0,0.0,0.0,0.0,0.0,0.0,0.0,0.0,0.0,0.0,0.0,0.0,0.0,0.0,0.0,0.0,0.0,0.25,0.0,0.0,0.0,1.0,0.0,0.0,0,0,1,0,0,0,malicious,1,PartOfAHorizontalPortScan,CTU-IoT-Malware-Capture-1-1,1,fragmentation,medium,1.0,2.0
40,17,0.0,1,0,0.0,0.0,0.0,40,40,0.0,1,0,0,0,1.0,0.0,1,1,0.0,0.0,0,1,0,0,0,0,0,1,1.0,0.0,0.0,0.0,0.0,0.0,0.0,0.0,0.0,0.0,0.0,0.0,0.0,0.0,0.0,0.0,0.0,0.0,0.0,0.0,0.0,0.0,0.0,1.0,0.0,1.0,0,0,0,0,0,0,benign,0,-,CTU-IoT-Malware-Capture-1-1,0,none,none,0.0,0.0
68,1,0.0,1,0,0.0,0.0,0.0,68,68,0.0,1,0,0,0,1.0,0.0,1,1,0.0,0.0,0,0,0,0,0,0,0,0,0.0,0.0,0.0,0.0,0.0,0.0,0.0,0.0,0.0,0.0,0.0,0.0,0.0,0.0,0.0,0.0,0.0,0.0,0.0,0.0,0.0,0.0,0.0,1.0,0.0,1.0,0,0,0,0,0,0,benign,0,-,CTU-IoT-Malware-Capture-1-1,0,none,none,0.0,0.0
60,6,0.0,1,0,0.0,0.0,0.0,60,60,0.0,1,0,0,0,1.0,0.0,1,1,0.0,0.0,0,1,0,0,0,0,0,1,1.0,0.0,0.0,0.0,0.0,0.0,0.0,0.0,0.0,0.0,0.0,0.0,0.0,0.0,0.0,0.0,0.0,0.0,0.0,0.0,0.0,0.0,0.0,1.0,0.0,1.0,0,0,0,0,0,0,malicious,1,PartOfAHorizontalPortScan,CTU-IoT-Malware-Capture-1-1,1,fragmentation,medium,0.0,0.0
60,6,0.0,1,0,0.0,0.0,0.0,60,60,0.0,1,0,0,0,1.0,0.0,1,1,0.0,0.0,0,1,0,0,0,0,0,1,1.0,0.0,0.0,0.0,0.0,0.0,0.0,0.0,0.0,0.0,0.0,0.0,0.0,0.0,0.0,0.0,0.0,0.0,0.0,0.0,0.0,0.0,0.0,1.0,0.0,1.0,0,0,0,0,0,0,malicious,1,PartOfAHorizontalPortScan,CTU-IoT-Malware-Capture-1-1,1,fragmentation,medium,0.0,0.0
60,6,2.999065,3,0,1.0003117638330614,0.0,0.0,60,60,0.0,3,0,0,0,3.0,0.0,1,1,0.0,0.0,2,1,0,0,0,0,0,1,1.0,0.0,0.0,0.0,0.0,0.0,0.0,0.0,0.0,0.0,0.0,0.0,0.0,0.0,0.0,0.0,2.999065,0.0,0.0,0.5,0.0,0.0,0.0,1.0,0.0,0.0,0,0,1,0,0,0,malicious,1,PartOfAHorizontalPortScan,CTU-IoT-Malware-Capture-1-1,1,fragmentation,medium,2.0,3.0
40,17,0.0,1,0,0.0,0.0,0.0,40,40,0.0,1,0,0,0,1.0,0.0,1,1,0.0,0.0,0,1,0,0,0,0,0,1,1.0,0.0,0.0,0.0,0.0,0.0,0.0,0.0,0.0,0.0,0.0,0.0,0.0,0.0,0.0,0.0,0.0,0.0,0.0,0.0,0.0,0.0,0.0,1.0,0.0,1.0,0,0,0,0,0,0,benign,0,-,CTU-IoT-Malware-Capture-1-1,0,none,none,0.0,0.0
60,6,0.0,1,0,0.0,0.0,0.0,60,60,0.0,1,0,0,0,1.0,0.0,1,1,0.0,0.0,0,1,0,0,0,0,0,1,1.0,0.0,0.0,0.0,0.0,0.0,0.0,0.0,0.0,0.0,0.0,0.0,0.0,0.0,0.0,0.0,0.0,0.0,0.0,0.0,0.0,0.0,0.0,1.0,0.0,1.0,0,0,0,0,0,0,malicious,1,PartOfAHorizontalPortScan,CTU-IoT-Malware-Capture-1-1,1,fragmentation,medium,0.0,0.0
40,17,0.0,1,0,0.0,0.0,0.0,40,40,0.0,1,0,0,0,1.0,0.0,1,1,0.0,0.0,0,1,0,0,0,0,0,1,1.0,0.0,0.0,0.0,0.0,0.0,0.0,0.0,0.0,0.0,0.0,0.0,0.0,0.0,0.0,0.0,0.0,0.0,0.0,0.0,0.0,0.0,0.0,1.0,0.0,1.0,0,0,0,0,0,0,benign,0,-,CTU-IoT-Malware-Capture-1-1,0,none,none,0.0,0.0
40,17,0.0,1,0,0.0,0.0,0.0,40,40,0.0,1,0,0,0,1.0,0.0,1,1,0.0,0.0,0,1,0,0,0,0,0,1,1.0,0.0,0.0,0.0,0.0,0.0,0.0,0.0,0.0,0.0,0.0,0.0,0.0,0.0,0.0,0.0,0.0,0.0,0.0,0.0,0.0,0.0,0.0,1.0,0.0,1.0,0,0,0,0,0,0,benign,0,-,CTU-IoT-Malware-Capture-1-1,0,none,none,0.0,0.0
40,17,0.0,1,0,0.0,0.0,0.0,40,40,0.0,1,0,0,0,1.0,0.0,1,1,0.0,0.0,0,1,0,0,0,0,0,1,1.0,0.0,0.0,0.0,0.0,0.0,0.0,0.0,0.0,0.0,0.0,0.0,0.0,0.0,0.0,0.0,0.0,0.0,0.0,0.0,0.0,0.0,0.0,1.0,0.0,1.0,0,0,0,0,0,0,benign,0,-,CTU-IoT-Malware-Capture-1-1,0,none,none,0.0,0.0
180,6,2.99882,3,0,1.0003934881053216,0.0,0.0,180,180,0.0,3,0,0,0,3.0,0.0,1,1,0.0,0.0,0,1,0,0,0,0,0,1,1.0,0.0,0.0,0.0,0.0,0.0,0.0,0.0,0.0,0.0,0.0,0.0,0.0,0.0,0.0,0.0,2.99882,0.0,0.0,0.0,0.0,0.0,0.0,1.0,0.0,1.0,0,0,0,0,0,0,malicious,1,PartOfAHorizontalPortScan,CTU-IoT-Malware-Capture-1-1,1,fragmentation,medium,0.0,0.0
180,6,2.999298,3,0,1.000234054768816,0.0,0.0,180,180,0.0,3,0,0,0,3.0,0.0,1,1,0.0,0.0,0,1,0,0,0,0,0,1,1.0,0.0,0.0,0.0,0.0,0.0,0.0,0.0,0.0,0.0,0.0,0.0,0.0,0.0,0.0,0.0,2.999298,0.0,0.0,0.0,0.0,0.0,0.0,1.0,0.0,1.0,0,0,0,0,0,0,malicious,1,PartOfAHorizontalPortScan,CTU-IoT-Malware-Capture-1-1,1,fragmentation,medium,0.0,0.0
20,6,0.0,1,0,0.0,0.0,0.0,20,20,0.0,1,0,0,0,1.0,0.0,1,1,0.0,0.0,3,1,0,0,0,0,0,1,1.0,0.0,0.0,0.0,0.0,0.0,0.0,0.0,0.0,0.0,0.0,0.0,0.0,0.0,0.0,0.0,0.0,0.0,0.0,0.75,0.0,0.0,0.0,1.0,0.0,0.0,0,0,1,0,0,0,malicious,1,PartOfAHorizontalPortScan,CTU-IoT-Malware-Capture-1-1,1,fragmentation,medium,1.0,4.0
60,6,0.0,1,0,0.0,0.0,0.0,60,60,0.0,1,0,0,0,1.0,0.0,1,1,0.0,0.0,0,1,0,0,0,0,0,1,1.0,0.0,0.0,0.0,0.0,0.0,0.0,0.0,0.0,0.0,0.0,0.0,0.0,0.0,0.0,0.0,0.0,0.0,0.0,0.0,0.0,0.0,0.0,1.0,0.0,1.0,0,0,0,0,0,0,benign,0,-,CTU-IoT-Malware-Capture-1-1,0,none,none,0.0,0.0
30,6,0.0,1,0,0.0,0.0,0.0,30,30,0.0,1,0,0,0,1.0,0.0,1,1,0.0,0.0,1,1,0,0,0,0,0,1,1.0,0.0,0.0,0.0,0.0,0.0,0.0,0.0,0.0,0.0,0.0,0.0,0.0,0.0,0.0,0.0,0.0,0.0,0.0,0.25,0.0,0.0,0.0,1.0,0.0,0.0,0,0,1,0,0,0,malicious,1,PartOfAHorizontalPortScan,CTU-IoT-Malware-Capture-1-1,1,fragmentation,medium,0.0,2.0
40,17,0.0,1,0,0.0,0.0,0.0,40,40,0.0,1,0,0,0,1.0,0.0,1,1,0.0,0.0,0,1,0,0,0,0,0,1,1.0,0.0,0.0,0.0,0.0,0.0,0.0,0.0,0.0,0.0,0.0,0.0,0.0,0.0,0.0,0.0,0.0,0.0,0.0,0.0,0.0,0.0,0.0,1.0,0.0,1.0,0,0,0,0,0,0,benign,0,-,CTU-IoT-Malware-Capture-1-1,0,none,none,0.0,0.0
40,17,0.0,1,0,0.0,0.0,0.0,40,40,0.0,1,0,0,0,1.0,0.0,1,1,0.0,0.0,0,1,0,0,0,0,0,1,1.0,0.0,0.0,0.0,0.0,0.0,0.0,0.0,0.0,0.0,0.0,0.0,0.0,0.0,0.0,0.0,0.0,0.0,0.0,0.0,0.0,0.0,0.0,1.0,0.0,1.0,0,0,0,0,0,0,benign,0,-,CTU-IoT-Malware-Capture-1-1,0,none,none,0.0,0.0
20,6,0.0,1,0,0.0,0.0,0.0,20,20,0.0,1,0,0,0,1.0,0.0,1,1,0.0,0.0,2,1,0,0,0,0,0,1,1.0,0.0,0.0,0.0,0.0,0.0,0.0,0.0,0.0,0.0,0.0,0.0,0.0,0.0,0.0,0.0,0.0,0.0,0.0,0.5,0.0,0.0,0.0,1.0,0.0,0.0,0,0,1,0,0,0,malicious,1,PartOfAHorizontalPortScan,CTU-IoT-Malware-Capture-1-1,1,fragmentation,medium,0.0,3.0
20,6,0.0,1,0,0.0,0.0,0.0,20,20,0.0,1,0,0,0,1.0,0.0,1,1,0.0,0.0,2,1,0,0,0,0,0,1,1.0,0.0,0.0,0.0,0.0,0.0,0.0,0.0,0.0,0.0,0.0,0.0,0.0,0.0,0.0,0.0,0.0,0.0,0.0,0.5,0.0,0.0,0.0,1.0,0.0,0.0,0,0,1,0,0,0,malicious,1,PartOfAHorizontalPortScan,CTU-IoT-Malware-Capture-1-1,1,fragmentation,medium,1.0,3.0
68,1,0.0,1,0,0.0,0.0,0.0,68,68,0.0,1,0,0,0,1.0,0.0,1,1,0.0,0.0,0,0,0,0,0,0,0,0,0.0,0.0,0.0,0.0,0.0,0.0,0.0,0.0,0.0,0.0,0.0,0.0,0.0,0.0,0.0,0.0,0.0,0.0,0.0,0.0,0.0,0.0,0.0,1.0,0.0,1.0,0,0,0,0,0,0,benign,0,-,CTU-IoT-Malware-Capture-1-1,0,none,none,0.0,0.0
180,6,2.998831,3,0,1.0003898185659679,0.0,0.0,180,180,0.0,3,0,0,0,3.0,0.0,1,1,0.0,0.0,0,1,0,0,0,0,0,1,1.0,0.0,0.0,0.0,0.0,0.0,0.0,0.0,0.0,0.0,0.0,0.0,0.0,0.0,0.0,0.0,2.998831,0.0,0.0,0.0,0.0,0.0,0.0,1.0,0.0,1.0,0,0,0,0,0,0,malicious,1,PartOfAHorizontalPortScan,CTU-IoT-Malware-Capture-1-1,1,fragmentation,medium,0.0,0.0
20,6,0.0,1,0,0.0,0.0,0.0,20,20,0.0,1,0,0,0,1.0,0.0,1,1,0.0,0.0,4,1,0,0,0,0,0,1,1.0,0.0,0.0,0.0,0.0,0.0,0.0,0.0,0.0,0.0,0.0,0.0,0.0,0.0,0.0,0.0,0.0,0.0,0.0,1.0,0.0,0.0,0.0,1.0,0.0,0.0,0,0,1,0,0,0,malicious,1,PartOfAHorizontalPortScan,CTU-IoT-Malware-Capture-1-1,1,fragmentation,medium,1.0,5.0
40,17,0.0,1,0,0.0,0.0,0.0,40,40,0.0,1,0,0,0,1.0,0.0,1,1,0.0,0.0,0,1,0,0,0,0,0,1,1.0,0.0,0.0,0.0,0.0,0.0,0.0,0.0,0.0,0.0,0.0,0.0,0.0,0.0,0.0,0.0,0.0,0.0,0.0,0.0,0.0,0.0,0.0,1.0,0.0,1.0,0,0,0,0,0,0,benign,0,-,CTU-IoT-Malware-Capture-1-1,0,none,none,0.0,0.0
180,6,2.998556,3,0,1.000481565126681,0.0,0.0,180,180,0.0,3,0,0,0,3.0,0.0,1,1,0.0,0.0,0,1,0,0,0,0,0,1,1.0,0.0,0.0,0.0,0.0,0.0,0.0,0.0,0.0,0.0,0.0,0.0,0.0,0.0,0.0,0.0,2.998556,0.0,0.0,0.0,0.0,0.0,0.0,1.0,0.0,1.0,0,0,0,0,0,0,malicious,1,PartOfAHorizontalPortScan,CTU-IoT-Malware-Capture-1-1,1,fragmentation,medium,0.0,0.0
20,6,0.0,1,0,0.0,0.0,0.0,20,20,0.0,1,0,0,0,1.0,0.0,1,1,0.0,0.0,3,1,0,0,0,0,0,1,1.0,0.0,0.0,0.0,0.0,0.0,0.0,0.0,0.0,0.0,0.0,0.0,0.0,0.0,0.0,0.0,0.0,0.0,0.0,0.75,0.0,0.0,0.0,1.0,0.0,0.0,0,0,1,0,0,0,malicious,1,PartOfAHorizontalPortScan,CTU-IoT-Malware-Capture-1-1,1,fragmentation,medium,1.0,4.0
20,6,0.0,1,0,0.0,0.0,0.0,20,20,0.0,1,0,0,0,1.0,0.0,1,1,0.0,0.0,4,1,0,0,0,0,0,1,1.0,0.0,0.0,0.0,0.0,0.0,0.0,0.0,0.0,0.0,0.0,0.0,0.0,0.0,0.0,0.0,0.0,0.0,0.0,1.0,0.0,0.0,0.0,1.0,0.0,0.0,0,0,1,0,0,0,malicious,1,PartOfAHorizontalPortScan,CTU-IoT-Malware-Capture-1-1,1,fragmentation,medium,2.0,5.0
20,6,0.0,1,0,0.0,0.0,0.0,20,20,0.0,1,0,0,0,1.0,0.0,1,1,0.0,0.0,2,1,0,0,0,0,0,1,1.0,0.0,0.0,0.0,0.0,0.0,0.0,0.0,0.0,0.0,0.0,0.0,0.0,0.0,0.0,0.0,0.0,0.0,0.0,0.5,0.0,0.0,0.0,1.0,0.0,0.0,0,0,1,0,0,0,malicious,1,PartOfAHorizontalPortScan,CTU-IoT-Malware-Capture-1-1,1,fragmentation,medium,0.0,3.0
40,17,0.0,1,0,0.0,0.0,0.0,40,40,0.0,1,0,0,0,1.0,0.0,1,1,0.0,0.0,0,1,0,0,0,0,0,1,1.0,0.0,0.0,0.0,0.0,0.0,0.0,0.0,0.0,0.0,0.0,0.0,0.0,0.0,0.0,0.0,0.0,0.0,0.0,0.0,0.0,0.0,0.0,1.0,0.0,1.0,0,0,0,0,0,0,benign,0,-,CTU-IoT-Malware-Capture-1-1,0,none,none,0.0,0.0
60,6,0.0,1,0,0.0,0.0,0.0,60,60,0.0,1,0,0,0,1.0,0.0,1,1,0.0,0.0,0,1,0,0,0,0,0,1,1.0,0.0,0.0,0.0,0.0,0.0,0.0,0.0,0.0,0.0,0.0,0.0,0.0,0.0,0.0,0.0,0.0,0.0,0.0,0.0,0.0,0.0,0.0,1.0,0.0,1.0,0,0,0,0,0,0,malicious,1,PartOfAHorizontalPortScan,CTU-IoT-Malware-Capture-1-1,1,fragmentation,medium,0.0,0.0
60,6,0.0,1,0,0.0,0.0,0.0,60,60,0.0,1,0,0,0,1.0,0.0,1,1,0.0,0.0,0,1,0,0,0,0,0,1,1.0,0.0,0.0,0.0,0.0,0.0,0.0,0.0,0.0,0.0,0.0,0.0,0.0,0.0,0.0,0.0,0.0,0.0,0.0,0.0,0.0,0.0,0.0,1.0,0.0,1.0,0,0,0,0,0,0,benign,0,-,CTU-IoT-Malware-Capture-1-1,0,none,none,0.0,0.0
40,17,0.0,1,0,0.0,0.0,0.0,40,40,0.0,1,0,0,0,1.0,0.0,1,1,0.0,0.0,0,1,0,0,0,0,0,1,1.0,0.0,0.0,0.0,0.0,0.0,0.0,0.0,0.0,0.0,0.0,0.0,0.0,0.0,0.0,0.0,0.0,0.0,0.0,0.0,0.0,0.0,0.0,1.0,0.0,1.0,0,0,0,0,0,0,benign,0,-,CTU-IoT-Malware-Capture-1-1,0,none,none,0.0,0.0
40,17,0.0,1,0,0.0,0.0,0.0,40,40,0.0,1,0,0,0,1.0,0.0,1,1,0.0,0.0,0,1,0,0,0,0,0,1,1.0,0.0,0.0,0.0,0.0,0.0,0.0,0.0,0.0,0.0,0.0,0.0,0.0,0.0,0.0,0.0,0.0,0.0,0.0,0.0,0.0,0.0,0.0,1.0,0.0,1.0,0,0,0,0,0,0,benign,0,-,CTU-IoT-Malware-Capture-1-1,0,none,none,0.0,0.0
36,6,2.998815,3,0,1.0003951560866542,0.0,0.0,36,36,0.0,3,0,0,0,3.0,0.0,1,1,0.0,0.0,4,1,0,0,0,0,0,1,1.0,0.0,0.0,0.0,0.0,0.0,0.0,0.0,0.0,0.0,0.0,0.0,0.0,0.0,0.0,0.0,2.998815,0.0,0.0,1.0,0.0,0.0,0.0,1.0,0.0,0.0,0,0,1,0,0,0,malicious,1,PartOfAHorizontalPortScan,CTU-IoT-Malware-Capture-1-1,1,fragmentation,medium,2.0,5.0
60,6,0.0,1,0,0.0,0.0,0.0,60,60,0.0,1,0,0,0,1.0,0.0,1,1,0.0,0.0,0,1,0,0,0,0,0,1,1.0,0.0,0.0,0.0,0.0,0.0,0.0,0.0,0.0,0.0,0.0,0.0,0.0,0.0,0.0,0.0,0.0,0.0,0.0,0.0,0.0,0.0,0.0,1.0,0.0,1.0,0,0,0,0,0,0,malicious,1,PartOfAHorizontalPortScan,CTU-IoT-Malware-Capture-1-1,1,fragmentation,medium,0.0,0.0
40,17,0.0,1,0,0.0,0.0,0.0,40,40,0.0,1,0,0,0,1.0,0.0,1,1,0.0,0.0,0,1,0,0,0,0,0,1,1.0,0.0,0.0,0.0,0.0,0.0,0.0,0.0,0.0,0.0,0.0,0.0,0.0,0.0,0.0,0.0,0.0,0.0,0.0,0.0,0.0,0.0,0.0,1.0,0.0,1.0,0,0,0,0,0,0,benign,0,-,CTU-IoT-Malware-Capture-1-1,0,none,none,0.0,0.0
20,6,0.0,1,0,0.0,0.0,0.0,20,20,0.0,1,0,0,0,1.0,0.0,1,1,0.0,0.0,4,1,0,0,0,0,0,1,1.0,0.0,0.0,0.0,0.0,0.0,0.0,0.0,0.0,0.0,0.0,0.0,0.0,0.0,0.0,0.0,0.0,0.0,0.0,1.0,0.0,0.0,0.0,1.0,0.0,0.0,0,0,1,0,0,0,malicious,1,PartOfAHorizontalPortScan,CTU-IoT-Malware-Capture-1-1,1,fragmentation,medium,0.0,5.0
20,6,0.0,1,0,0.0,0.0,0.0,20,20,0.0,1,0,0,0,1.0,0.0,1,1,0.0,0.0,3,1,0,0,0,0,0,1,1.0,0.0,0.0,0.0,0.0,0.0,0.0,0.0,0.0,0.0,0.0,0.0,0.0,0.0,0.0,0.0,0.0,0.0,0.0,0.75,0.0,0.0,0.0,1.0,0.0,0.0,0,0,1,0,0,0,malicious,1,PartOfAHorizontalPortScan,CTU-IoT-Malware-Capture-1-1,1,fragmentation,medium,0.0,4.0
40,17,0.0,1,0,0.0,0.0,0.0,40,40,0.0,1,0,0,0,1.0,0.0,1,1,0.0,0.0,0,1,0,0,0,0,0,1,1.0,0.0,0.0,0.0,0.0,0.0,0.0,0.0,0.0,0.0,0.0,0.0,0.0,0.0,0.0,0.0,0.0,0.0,0.0,0.0,0.0,0.0,0.0,1.0,0.0,1.0,0,0,0,0,0,0,benign,0,-,CTU-IoT-Malware-Capture-1-1,0,none,none,0.0,0.0
40,17,0.0,1,0,0.0,0.0,0.0,40,40,0.0,1,0,0,0,1.0,0.0,1,1,0.0,0.0,0,1,0,0,0,0,0,1,1.0,0.0,0.0,0.0,0.0,0.0,0.0,0.0,0.0,0.0,0.0,0.0,0.0,0.0,0.0,0.0,0.0,0.0,0.0,0.0,0.0,0.0,0.0,1.0,0.0,1.0,0,0,0,0,0,0,benign,0,-,CTU-IoT-Malware-Capture-1-1,0,none,none,0.0,0.0
40,17,0.0,1,0,0.0,0.0,0.0,40,40,0.0,1,0,0,0,1.0,0.0,1,1,0.0,0.0,0,1,0,0,0,0,0,1,1.0,0.0,0.0,0.0,0.0,0.0,0.0,0.0,0.0,0.0,0.0,0.0,0.0,0.0,0.0,0.0,0.0,0.0,0.0,0.0,0.0,0.0,0.0,1.0,0.0,1.0,0,0,0,0,0,0,benign,0,-,CTU-IoT-Malware-Capture-1-1,0,none,none,0.0,0.0
30,6,0.0,1,0,0.0,0.0,0.0,30,30,0.0,1,0,0,0,1.0,0.0,1,1,0.0,0.0,1,1,0,0,0,0,0,1,1.0,0.0,0.0,0.0,0.0,0.0,0.0,0.0,0.0,0.0,0.0,0.0,0.0,0.0,0.0,0.0,0.0,0.0,0.0,0.25,0.0,0.0,0.0,1.0,0.0,0.0,0,0,1,0,0,0,malicious,1,PartOfAHorizontalPortScan,CTU-IoT-Malware-Capture-1-1,1,fragmentation,medium,1.0,2.0
180,6,2.998812,3,0,1.0003961568781237,0.0,0.0,180,180,0.0,3,0,0,0,3.0,0.0,1,1,0.0,0.0,0,1,0,0,0,0,0,1,1.0,0.0,0.0,0.0,0.0,0.0,0.0,0.0,0.0,0.0,0.0,0.0,0.0,0.0,0.0,0.0,2.998812,0.0,0.0,0.0,0.0,0.0,0.0,1.0,0.0,1.0,0,0,0,0,0,0,benign,0,-,CTU-IoT-Malware-Capture-1-1,0,none,none,0.0,0.0
152,17,0.001481,2,96,1350.4388926401082,64821.06684672519,48.0,152,152,0.0,1,1,48,48,1.0,1.0,1,1,0.0,0.0,0,1,0,1,0,0,0,2,0.5,0.0,0.5,0.0,0.0,0.0,0.0,0.0,0.0,0.0,0.0,0.0,0.0,0.0,0.0,0.0,0.001481,0.0,0.0,0.0,0.0,0.0,0.0,1.0,0.0,1.0,0,0,0,0,0,0,benign,0,-,CTU-IoT-Malware-Capture-1-1,0,none,none,0.0,0.0
40,17,0.0,1,0,0.0,0.0,0.0,40,40,0.0,1,0,0,0,1.0,0.0,1,1,0.0,0.0,0,1,0,0,0,0,0,1,1.0,0.0,0.0,0.0,0.0,0.0,0.0,0.0,0.0,0.0,0.0,0.0,0.0,0.0,0.0,0.0,0.0,0.0,0.0,0.0,0.0,0.0,0.0,1.0,0.0,1.0,0,0,0,0,0,0,benign,0,-,CTU-IoT-Malware-Capture-1-1,0,none,none,0.0,0.0
60,6,0.0,1,0,0.0,0.0,0.0,60,60,0.0,1,0,0,0,1.0,0.0,1,1,0.0,0.0,0,1,0,0,0,0,0,1,1.0,0.0,0.0,0.0,0.0,0.0,0.0,0.0,0.0,0.0,0.0,0.0,0.0,0.0,0.0,0.0,0.0,0.0,0.0,0.0,0.0,0.0,0.0,1.0,0.0,1.0,0,0,0,0,0,0,malicious,1,PartOfAHorizontalPortScan,CTU-IoT-Malware-Capture-1-1,1,fragmentation,medium,0.0,0.0
40,17,0.0,1,0,0.0,0.0,0.0,40,40,0.0,1,0,0,0,1.0,0.0,1,1,0.0,0.0,0,1,0,0,0,0,0,1,1.0,0.0,0.0,0.0,0.0,0.0,0.0,0.0,0.0,0.0,0.0,0.0,0.0,0.0,0.0,0.0,0.0,0.0,0.0,0.0,0.0,0.0,0.0,1.0,0.0,1.0,0,0,0,0,0,0,benign,0,-,CTU-IoT-Malware-Capture-1-1,0,none,none,0.0,0.0
20,6,0.0,1,0,0.0,0.0,0.0,20,20,0.0,1,0,0,0,1.0,0.0,1,1,0.0,0.0,3,1,0,0,0,0,0,1,1.0,0.0,0.0,0.0,0.0,0.0,0.0,0.0,0.0,0.0,0.0,0.0,0.0,0.0,0.0,0.0,0.0,0.0,0.0,0.75,0.0,0.0,0.0,1.0,0.0,0.0,0,0,1,0,0,0,malicious,1,PartOfAHorizontalPortScan,CTU-IoT-Malware-Capture-1-1,1,fragmentation,medium,0.0,4.0
20,6,0.0,1,0,0.0,0.0,0.0,20,20,0.0,1,0,0,0,1.0,0.0,1,1,0.0,0.0,4,1,0,0,0,0,0,1,1.0,0.0,0.0,0.0,0.0,0.0,0.0,0.0,0.0,0.0,0.0,0.0,0.0,0.0,0.0,0.0,0.0,0.0,0.0,1.0,0.0,0.0,0.0,1.0,0.0,0.0,0,0,1,0,0,0,malicious,1,PartOfAHorizontalPortScan,CTU-IoT-Malware-Capture-1-1,1,fragmentation,medium,1.0,5.0
60,6,0.0,1,0,0.0,0.0,0.0,60,60,0.0,1,0,0,0,1.0,0.0,1,1,0.0,0.0,0,1,0,0,0,0,0,1,1.0,0.0,0.0,0.0,0.0,0.0,0.0,0.0,0.0,0.0,0.0,0.0,0.0,0.0,0.0,0.0,0.0,0.0,0.0,0.0,0.0,0.0,0.0,1.0,0.0,1.0,0,0,0,0,0,0,malicious,1,PartOfAHorizontalPortScan,CTU-IoT-Malware-Capture-1-1,1,fragmentation,medium,0.0,0.0
20,6,0.0,1,0,0.0,0.0,0.0,20,20,0.0,1,0,0,0,1.0,0.0,1,1,0.0,0.0,4,1,0,0,0,0,0,1,1.0,0.0,0.0,0.0,0.0,0.0,0.0,0.0,0.0,0.0,0.0,0.0,0.0,0.0,0.0,0.0,0.0,0.0,0.0,1.0,0.0,0.0,0.0,1.0,0.0,0.0,0,0,1,0,0,0,malicious,1,PartOfAHorizontalPortScan,CTU-IoT-Malware-Capture-1-1,1,fragmentation,medium,4.0,5.0
60,6,0.0,1,0,0.0,0.0,0.0,60,60,0.0,1,0,0,0,1.0,0.0,1,1,0.0,0.0,0,1,0,0,0,0,0,1,1.0,0.0,0.0,0.0,0.0,0.0,0.0,0.0,0.0,0.0,0.0,0.0,0.0,0.0,0.0,0.0,0.0,0.0,0.0,0.0,0.0,0.0,0.0,1.0,0.0,1.0,0,0,0,0,0,0,malicious,1,PartOfAHorizontalPortScan,CTU-IoT-Malware-Capture-1-1,1,fragmentation,medium,0.0,0.0
30,6,0.0,1,0,0.0,0.0,0.0,30,30,0.0,1,0,0,0,1.0,0.0,1,1,0.0,0.0,1,1,0,0,0,0,0,1,1.0,0.0,0.0,0.0,0.0,0.0,0.0,0.0,0.0,0.0,0.0,0.0,0.0,0.0,0.0,0.0,0.0,0.0,0.0,0.25,0.0,0.0,0.0,1.0,0.0,0.0,0,0,1,0,0,0,malicious,1,PartOfAHorizontalPortScan,CTU-IoT-Malware-Capture-1-1,1,fragmentation,medium,0.0,2.0
60,6,0.0,1,0,0.0,0.0,0.0,60,60,0.0,1,0,0,0,1.0,0.0,1,1,0.0,0.0,0,1,0,0,0,0,0,1,1.0,0.0,0.0,0.0,0.0,0.0,0.0,0.0,0.0,0.0,0.0,0.0,0.0,0.0,0.0,0.0,0.0,0.0,0.0,0.0,0.0,0.0,0.0,1.0,0.0,1.0,0,0,0,0,0,0,malicious,1,PartOfAHorizontalPortScan,CTU-IoT-Malware-Capture-1-1,1,fragmentation,medium,0.0,0.0
40,17,0.0,1,0,0.0,0.0,0.0,40,40,0.0,1,0,0,0,1.0,0.0,1,1,0.0,0.0,0,1,0,0,0,0,0,1,1.0,0.0,0.0,0.0,0.0,0.0,0.0,0.0,0.0,0.0,0.0,0.0,0.0,0.0,0.0,0.0,0.0,0.0,0.0,0.0,0.0,0.0,0.0,1.0,0.0,1.0,0,0,0,0,0,0,benign,0,-,CTU-IoT-Malware-Capture-1-1,0,none,none,0.0,0.0
180,6,2.998561,3,0,1.0004798968571924,0.0,0.0,180,180,0.0,3,0,0,0,3.0,0.0,1,1,0.0,0.0,0,1,0,0,0,0,0,1,1.0,0.0,0.0,0.0,0.0,0.0,0.0,0.0,0.0,0.0,0.0,0.0,0.0,0.0,0.0,0.0,2.998561,0.0,0.0,0.0,0.0,0.0,0.0,1.0,0.0,1.0,0,0,0,0,0,0,malicious,1,PartOfAHorizontalPortScan,CTU-IoT-Malware-Capture-1-1,1,fragmentation,medium,0.0,0.0
60,6,0.0,1,0,0.0,0.0,0.0,60,60,0.0,1,0,0,0,1.0,0.0,1,1,0.0,0.0,0,1,0,0,0,0,0,1,1.0,0.0,0.0,0.0,0.0,0.0,0.0,0.0,0.0,0.0,0.0,0.0,0.0,0.0,0.0,0.0,0.0,0.0,0.0,0.0,0.0,0.0,0.0,1.0,0.0,1.0,0,0,0,0,0,0,malicious,1,PartOfAHorizontalPortScan,CTU-IoT-Malware-Capture-1-1,1,fragmentation,medium,0.0,0.0
60,6,0.0,1,0,0.0,0.0,0.0,60,60,0.0,1,0,0,0,1.0,0.0,1,1,0.0,0.0,0,1,0,0,0,0,0,1,1.0,0.0,0.0,0.0,0.0,0.0,0.0,0.0,0.0,0.0,0.0,0.0,0.0,0.0,0.0,0.0,0.0,0.0,0.0,0.0,0.0,0.0,0.0,1.0,0.0,1.0,0,0,0,0,0,0,malicious,1,PartOfAHorizontalPortScan,CTU-IoT-Malware-Capture-1-1,1,fragmentation,medium,0.0,0.0
40,17,0.0,1,0,0.0,0.0,0.0,40,40,0.0,1,0,0,0,1.0,0.0,1,1,0.0,0.0,0,1,0,0,0,0,0,1,1.0,0.0,0.0,0.0,0.0,0.0,0.0,0.0,0.0,0.0,0.0,0.0,0.0,0.0,0.0,0.0,0.0,0.0,0.0,0.0,0.0,0.0,0.0,1.0,0.0,1.0,0,0,0,0,0,0,benign,0,-,CTU-IoT-Malware-Capture-1-1,0,none,none,0.0,0.0
90,6,2.999074,3,0,1.0003087619711952,0.0,0.0,90,90,0.0,3,0,0,0,3.0,0.0,1,1,0.0,0.0,1,1,0,0,0,0,0,1,1.0,0.0,0.0,0.0,0.0,0.0,0.0,0.0,0.0,0.0,0.0,0.0,0.0,0.0,0.0,0.0,2.999074,0.0,0.0,0.25,0.0,0.0,0.0,1.0,0.0,0.0,0,0,1,0,0,0,malicious,1,PartOfAHorizontalPortScan,CTU-IoT-Malware-Capture-1-1,1,fragmentation,medium,0.0,2.0
40,17,0.0,1,0,0.0,0.0,0.0,40,40,0.0,1,0,0,0,1.0,0.0,1,1,0.0,0.0,0,1,0,0,0,0,0,1,1.0,0.0,0.0,0.0,0.0,0.0,0.0,0.0,0.0,0.0,0.0,0.0,0.0,0.0,0.0,0.0,0.0,0.0,0.0,0.0,0.0,0.0,0.0,1.0,0.0,1.0,0,0,0,0,0,0,benign,0,-,CTU-IoT-Malware-Capture-1-1,0,none,none,0.0,0.0
68,1,0.0,1,0,0.0,0.0,0.0,68,68,0.0,1,0,0,0,1.0,0.0,1,1,0.0,0.0,0,0,0,0,0,0,0,0,0.0,0.0,0.0,0.0,0.0,0.0,0.0,0.0,0.0,0.0,0.0,0.0,0.0,0.0,0.0,0.0,0.0,0.0,0.0,0.0,0.0,0.0,0.0,1.0,0.0,1.0,0,0,0,0,0,0,benign,0,-,CTU-IoT-Malware-Capture-1-1,0,none,none,0.0,0.0
40,17,0.0,1,0,0.0,0.0,0.0,40,40,0.0,1,0,0,0,1.0,0.0,1,1,0.0,0.0,0,1,0,0,0,0,0,1,1.0,0.0,0.0,0.0,0.0,0.0,0.0,0.0,0.0,0.0,0.0,0.0,0.0,0.0,0.0,0.0,0.0,0.0,0.0,0.0,0.0,0.0,0.0,1.0,0.0,1.0,0,0,0,0,0,0,benign,0,-,CTU-IoT-Malware-Capture-1-1,0,none,none,0.0,0.0
20,6,0.0,1,0,0.0,0.0,0.0,20,20,0.0,1,0,0,0,1.0,0.0,1,1,0.0,0.0,4,1,0,0,0,0,0,1,1.0,0.0,0.0,0.0,0.0,0.0,0.0,0.0,0.0,0.0,0.0,0.0,0.0,0.0,0.0,0.0,0.0,0.0,0.0,1.0,0.0,0.0,0.0,1.0,0.0,0.0,0,0,1,0,0,0,malicious,1,PartOfAHorizontalPortScan,CTU-IoT-Malware-Capture-1-1,1,fragmentation,medium,2.0,5.0
20,6,0.0,1,0,0.0,0.0,0.0,20,20,0.0,1,0,0,0,1.0,0.0,1,1,0.0,0.0,3,1,0,0,0,0,0,1,1.0,0.0,0.0,0.0,0.0,0.0,0.0,0.0,0.0,0.0,0.0,0.0,0.0,0.0,0.0,0.0,0.0,0.0,0.0,0.75,0.0,0.0,0.0,1.0,0.0,0.0,0,0,1,0,0,0,malicious,1,PartOfAHorizontalPortScan,CTU-IoT-Malware-Capture-1-1,1,fragmentation,medium,2.0,4.0
60,6,0.0,1,0,0.0,0.0,0.0,60,60,0.0,1,0,0,0,1.0,0.0,1,1,0.0,0.0,0,1,0,0,0,0,0,1,1.0,0.0,0.0,0.0,0.0,0.0,0.0,0.0,0.0,0.0,0.0,0.0,0.0,0.0,0.0,0.0,0.0,0.0,0.0,0.0,0.0,0.0,0.0,1.0,0.0,1.0,0,0,0,0,0,0,malicious,1,PartOfAHorizontalPortScan,CTU-IoT-Malware-Capture-1-1,1,fragmentation,medium,0.0,0.0
36,6,2.998816,3,0,1.0003948224899426,0.0,0.0,36,36,0.0,3,0,0,0,3.0,0.0,1,1,0.0,0.0,4,1,0,0,0,0,0,1,1.0,0.0,0.0,0.0,0.0,0.0,0.0,0.0,0.0,0.0,0.0,0.0,0.0,0.0,0.0,0.0,2.998816,0.0,0.0,1.0,0.0,0.0,0.0,1.0,0.0,0.0,0,0,1,0,0,0,malicious,1,PartOfAHorizontalPortScan,CTU-IoT-Malware-Capture-1-1,1,fragmentation,medium,4.0,5.0
20,6,0.0,1,0,0.0,0.0,0.0,20,20,0.0,1,0,0,0,1.0,0.0,1,1,0.0,0.0,4,1,0,0,0,0,0,1,1.0,0.0,0.0,0.0,0.0,0.0,0.0,0.0,0.0,0.0,0.0,0.0,0.0,0.0,0.0,0.0,0.0,0.0,0.0,1.0,0.0,0.0,0.0,1.0,0.0,0.0,0,0,1,0,0,0,malicious,1,PartOfAHorizontalPortScan,CTU-IoT-Malware-Capture-1-1,1,fragmentation,medium,1.0,5.0
176,1,4e-06,2,120,500000.0,30000000.0,60.0,176,176,0.0,2,0,120,0,2.0,120.0,1,1,0.0,0.0,0,0,0,0,0,0,0,0,0.0,0.0,0.0,0.0,0.0,0.0,0.0,0.0,0.0,0.0,0.0,0.0,0.0,0.0,0.0,0.0,4e-06,0.0,0.0,0.0,0.0,0.0,0.0,1.0,0.0,1.0,0,0,0,0,0,0,benign,0,-,CTU-IoT-Malware-Capture-1-1,0,none,none,0.0,0.0
20,6,0.0,1,0,0.0,0.0,0.0,20,20,0.0,1,0,0,0,1.0,0.0,1,1,0.0,0.0,4,1,0,0,0,0,0,1,1.0,0.0,0.0,0.0,0.0,0.0,0.0,0.0,0.0,0.0,0.0,0.0,0.0,0.0,0.0,0.0,0.0,0.0,0.0,1.0,0.0,0.0,0.0,1.0,0.0,0.0,0,0,1,0,0,0,malicious,1,PartOfAHorizontalPortScan,CTU-IoT-Malware-Capture-1-1,1,fragmentation,medium,0.0,5.0
180,6,2.999057,3,0,1.0003144321698454,0.0,0.0,180,180,0.0,3,0,0,0,3.0,0.0,1,1,0.0,0.0,0,1,0,0,0,0,0,1,1.0,0.0,0.0,0.0,0.0,0.0,0.0,0.0,0.0,0.0,0.0,0.0,0.0,0.0,0.0,0.0,2.999057,0.0,0.0,0.0,0.0,0.0,0.0,1.0,0.0,1.0,0,0,0,0,0,0,malicious,1,PartOfAHorizontalPortScan,CTU-IoT-Malware-Capture-1-1,1,fragmentation,medium,0.0,0.0
20,6,0.0,1,0,0.0,0.0,0.0,20,20,0.0,1,0,0,0,1.0,0.0,1,1,0.0,0.0,4,1,0,0,0,0,0,1,1.0,0.0,0.0,0.0,0.0,0.0,0.0,0.0,0.0,0.0,0.0,0.0,0.0,0.0,0.0,0.0,0.0,0.0,0.0,1.0,0.0,0.0,0.0,1.0,0.0,0.0,0,0,1,0,0,0,malicious,1,PartOfAHorizontalPortScan,CTU-IoT-Malware-Capture-1-1,1,fragmentation,medium,2.0,5.0
152,17,0.014731,2,96,135.76810807141402,6516.869187427874,48.0,152,152,0.0,1,1,48,48,1.0,1.0,1,1,0.0,0.0,0,1,0,1,0,0,0,2,0.5,0.0,0.5,0.0,0.0,0.0,0.0,0.0,0.0,0.0,0.0,0.0,0.0,0.0,0.0,0.0,0.014731,0.0,0.0,0.0,0.0,0.0,0.0,1.0,0.0,1.0,0,0,0,0,0,0,benign,0,-,CTU-IoT-Malware-Capture-1-1,0,none,none,0.0,0.0
40,17,0.0,1,0,0.0,0.0,0.0,40,40,0.0,1,0,0,0,1.0,0.0,1,1,0.0,0.0,0,1,0,0,0,0,0,1,1.0,0.0,0.0,0.0,0.0,0.0,0.0,0.0,0.0,0.0,0.0,0.0,0.0,0.0,0.0,0.0,0.0,0.0,0.0,0.0,0.0,0.0,0.0,1.0,0.0,1.0,0,0,0,0,0,0,benign,0,-,CTU-IoT-Malware-Capture-1-1,0,none,none,0.0,0.0
40,17,0.0,1,0,0.0,0.0,0.0,40,40,0.0,1,0,0,0,1.0,0.0,1,1,0.0,0.0,0,1,0,0,0,0,0,1,1.0,0.0,0.0,0.0,0.0,0.0,0.0,0.0,0.0,0.0,0.0,0.0,0.0,0.0,0.0,0.0,0.0,0.0,0.0,0.0,0.0,0.0,0.0,1.0,0.0,1.0,0,0,0,0,0,0,benign,0,-,CTU-IoT-Malware-Capture-1-1,0,none,none,0.0,0.0
20,6,0.0,1,0,0.0,0.0,0.0,20,20,0.0,1,0,0,0,1.0,0.0,1,1,0.0,0.0,2,1,0,0,0,0,0,1,1.0,0.0,0.0,0.0,0.0,0.0,0.0,0.0,0.0,0.0,0.0,0.0,0.0,0.0,0.0,0.0,0.0,0.0,0.0,0.5,0.0,0.0,0.0,1.0,0.0,0.0,0,0,1,0,0,0,malicious,1,PartOfAHorizontalPortScan,CTU-IoT-Malware-Capture-1-1,1,fragmentation,medium,2.0,3.0
20,6,0.0,1,0,0.0,0.0,0.0,20,20,0.0,1,0,0,0,1.0,0.0,1,1,0.0,0.0,2,1,0,0,0,0,0,1,1.0,0.0,0.0,0.0,0.0,0.0,0.0,0.0,0.0,0.0,0.0,0.0,0.0,0.0,0.0,0.0,0.0,0.0,0.0,0.5,0.0,0.0,0.0,1.0,0.0,0.0,0,0,1,0,0,0,malicious,1,PartOfAHorizontalPortScan,CTU-IoT-Malware-Capture-1-1,1,fragmentation,medium,0.0,3.0
40,17,0.0,1,0,0.0,0.0,0.0,40,40,0.0,1,0,0,0,1.0,0.0,1,1,0.0,0.0,0,1,0,0,0,0,0,1,1.0,0.0,0.0,0.0,0.0,0.0,0.0,0.0,0.0,0.0,0.0,0.0,0.0,0.0,0.0,0.0,0.0,0.0,0.0,0.0,0.0,0.0,0.0,1.0,0.0,1.0,0,0,0,0,0,0,benign,0,-,CTU-IoT-Malware-Capture-1-1,0,none,none,0.0,0.0
40,17,0.0,1,0,0.0,0.0,0.0,40,40,0.0,1,0,0,0,1.0,0.0,1,1,0.0,0.0,0,1,0,0,0,0,0,1,1.0,0.0,0.0,0.0,0.0,0.0,0.0,0.0,0.0,0.0,0.0,0.0,0.0,0.0,0.0,0.0,0.0,0.0,0.0,0.0,0.0,0.0,0.0,1.0,0.0,1.0,0,0,0,0,0,0,benign,0,-,CTU-IoT-Malware-Capture-1-1,0,none,none,0.0,0.0
20,6,0.0,1,0,0.0,0.0,0.0,20,20,0.0,1,0,0,0,1.0,0.0,1,1,0.0,0.0,4,1,0,0,0,0,0,1,1.0,0.0,0.0,0.0,0.0,0.0,0.0,0.0,0.0,0.0,0.0,0.0,0.0,0.0,0.0,0.0,0.0,0.0,0.0,1.0,0.0,0.0,0.0,1.0,0.0,0.0,0,0,1,0,0,0,malicious,1,PartOfAHorizontalPortScan,CTU-IoT-Malware-Capture-1-1,1,fragmentation,medium,2.0,5.0
20,6,0.0,1,0,0.0,0.0,0.0,20,20,0.0,1,0,0,0,1.0,0.0,1,1,0.0,0.0,3,1,0,0,0,0,0,1,1.0,0.0,0.0,0.0,0.0,0.0,0.0,0.0,0.0,0.0,0.0,0.0,0.0,0.0,0.0,0.0,0.0,0.0,0.0,0.75,0.0,0.0,0.0,1.0,0.0,0.0,0,0,1,0,0,0,malicious,1,PartOfAHorizontalPortScan,CTU-IoT-Malware-Capture-1-1,1,fragmentation,medium,3.0,4.0
60,6,0.0,1,0,0.0,0.0,0.0,60,60,0.0,1,0,0,0,1.0,0.0,1,1,0.0,0.0,0,1,0,0,0,0,0,1,1.0,0.0,0.0,0.0,0.0,0.0,0.0,0.0,0.0,0.0,0.0,0.0,0.0,0.0,0.0,0.0,0.0,0.0,0.0,0.0,0.0,0.0,0.0,1.0,0.0,1.0,0,0,0,0,0,0,malicious,1,PartOfAHorizontalPortScan,CTU-IoT-Malware-Capture-1-1,1,fragmentation,medium,0.0,0.0
20,6,0.0,1,0,0.0,0.0,0.0,20,20,0.0,1,0,0,0,1.0,0.0,1,1,0.0,0.0,3,1,0,0,0,0,0,1,1.0,0.0,0.0,0.0,0.0,0.0,0.0,0.0,0.0,0.0,0.0,0.0,0.0,0.0,0.0,0.0,0.0,0.0,0.0,0.75,0.0,0.0,0.0,1.0,0.0,0.0,0,0,1,0,0,0,malicious,1,PartOfAHorizontalPortScan,CTU-IoT-Malware-Capture-1-1,1,fragmentation,medium,3.0,4.0
40,17,0.0,1,0,0.0,0.0,0.0,40,40,0.0,1,0,0,0,1.0,0.0,1,1,0.0,0.0,0,1,0,0,0,0,0,1,1.0,0.0,0.0,0.0,0.0,0.0,0.0,0.0,0.0,0.0,0.0,0.0,0.0,0.0,0.0,0.0,0.0,0.0,0.0,0.0,0.0,0.0,0.0,1.0,0.0,1.0,0,0,0,0,0,0,benign,0,-,CTU-IoT-Malware-Capture-1-1,0,none,none,0.0,0.0
40,17,0.0,1,0,0.0,0.0,0.0,40,40,0.0,1,0,0,0,1.0,0.0,1,1,0.0,0.0,0,1,0,0,0,0,0,1,1.0,0.0,0.0,0.0,0.0,0.0,0.0,0.0,0.0,0.0,0.0,0.0,0.0,0.0,0.0,0.0,0.0,0.0,0.0,0.0,0.0,0.0,0.0,1.0,0.0,1.0,0,0,0,0,0,0,benign,0,-,CTU-IoT-Malware-Capture-1-1,0,none,none,0.0,0.0
40,17,0.0,1,0,0.0,0.0,0.0,40,40,0.0,1,0,0,0,1.0,0.0,1,1,0.0,0.0,0,1,0,0,0,0,0,1,1.0,0.0,0.0,0.0,0.0,0.0,0.0,0.0,0.0,0.0,0.0,0.0,0.0,0.0,0.0,0.0,0.0,0.0,0.0,0.0,0.0,0.0,0.0,1.0,0.0,1.0,0,0,0,0,0,0,benign,0,-,CTU-IoT-Malware-Capture-1-1,0,none,none,0.0,0.0
56,1,0.0,1,0,0.0,0.0,0.0,56,56,0.0,1,0,0,0,1.0,0.0,1,0,0.0,0.0,0,0,0,0,0,0,0,0,0.0,0.0,0.0,0.0,0.0,0.0,0.0,0.0,0.0,0.0,0.0,0.0,0.0,0.0,0.0,0.0,0.0,0.0,0.0,0.0,0.0,0.0,0.0,1.0,0.0,1.0,0,0,0,0,0,0,benign,0,-,CTU-IoT-Malware-Capture-1-1,0,none,none,0.0,0.0
40,17,0.0,1,0,0.0,0.0,0.0,40,40,0.0,1,0,0,0,1.0,0.0,1,1,0.0,0.0,0,1,0,0,0,0,0,1,1.0,0.0,0.0,0.0,0.0,0.0,0.0,0.0,0.0,0.0,0.0,0.0,0.0,0.0,0.0,0.0,0.0,0.0,0.0,0.0,0.0,0.0,0.0,1.0,0.0,1.0,0,0,0,0,0,0,benign,0,-,CTU-IoT-Malware-Capture-1-1,0,none,none,0.0,0.0
20,6,0.0,1,0,0.0,0.0,0.0,20,20,0.0,1,0,0,0,1.0,0.0,1,1,0.0,0.0,3,1,0,0,0,0,0,1,1.0,0.0,0.0,0.0,0.0,0.0,0.0,0.0,0.0,0.0,0.0,0.0,0.0,0.0,0.0,0.0,0.0,0.0,0.0,0.75,0.0,0.0,0.0,1.0,0.0,0.0,0,0,1,0,0,0,malicious,1,PartOfAHorizontalPortScan,CTU-IoT-Malware-Capture-1-1,1,fragmentation,medium,0.0,4.0
40,17,0.0,1,0,0.0,0.0,0.0,40,40,0.0,1,0,0,0,1.0,0.0,1,1,0.0,0.0,0,1,0,0,0,0,0,1,1.0,0.0,0.0,0.0,0.0,0.0,0.0,0.0,0.0,0.0,0.0,0.0,0.0,0.0,0.0,0.0,0.0,0.0,0.0,0.0,0.0,0.0,0.0,1.0,0.0,1.0,0,0,0,0,0,0,benign,0,-,CTU-IoT-Malware-Capture-1-1,0,none,none,0.0,0.0
20,6,0.0,1,0,0.0,0.0,0.0,20,20,0.0,1,0,0,0,1.0,0.0,1,1,0.0,0.0,4,1,0,0,0,0,0,1,1.0,0.0,0.0,0.0,0.0,0.0,0.0,0.0,0.0,0.0,0.0,0.0,0.0,0.0,0.0,0.0,0.0,0.0,0.0,1.0,0.0,0.0,0.0,1.0,0.0,0.0,0,0,1,0,0,0,malicious,1,PartOfAHorizontalPortScan,CTU-IoT-Malware-Capture-1-1,1,fragmentation,medium,1.0,5.0
40,17,0.0,1,0,0.0,0.0,0.0,40,40,0.0,1,0,0,0,1.0,0.0,1,1,0.0,0.0,0,1,0,0,0,0,0,1,1.0,0.0,0.0,0.0,0.0,0.0,0.0,0.0,0.0,0.0,0.0,0.0,0.0,0.0,0.0,0.0,0.0,0.0,0.0,0.0,0.0,0.0,0.0,1.0,0.0,1.0,0,0,0,0,0,0,benign,0,-,CTU-IoT-Malware-Capture-1-1,0,none,none,0.0,0.0
36,6,2.99881,3,0,1.000396824073549,0.0,0.0,36,36,0.0,3,0,0,0,3.0,0.0,1,1,0.0,0.0,4,1,0,0,0,0,0,1,1.0,0.0,0.0,0.0,0.0,0.0,0.0,0.0,0.0,0.0,0.0,0.0,0.0,0.0,0.0,0.0,2.99881,0.0,0.0,1.0,0.0,0.0,0.0,1.0,0.0,0.0,0,0,1,0,0,0,malicious,1,PartOfAHorizontalPortScan,CTU-IoT-Malware-Capture-1-1,1,fragmentation,medium,0.0,5.0
100,6,0.45651,2,0,4.381065036910472,0.0,0.0,100,100,0.0,1,1,0,0,1.0,0.0,1,1,0.0,0.0,0,0,0,0,1,0,0,1,0.0,0.0,0.0,1.0,0.0,0.0,0.0,0.0,0.0,0.0,0.0,0.0,0.0,0.0,0.0,0.0,0.45651,0.0,0.0,0.0,0.0,0.0,0.0,1.0,0.0,1.0,0,0,0,0,0,0,malicious,1,PartOfAHorizontalPortScan,CTU-IoT-Malware-Capture-1-1,1,fragmentation,medium,0.0,0.0
40,17,0.0,1,0,0.0,0.0,0.0,40,40,0.0,1,0,0,0,1.0,0.0,1,1,0.0,0.0,0,1,0,0,0,0,0,1,1.0,0.0,0.0,0.0,0.0,0.0,0.0,0.0,0.0,0.0,0.0,0.0,0.0,0.0,0.0,0.0,0.0,0.0,0.0,0.0,0.0,0.0,0.0,1.0,0.0,1.0,0,0,0,0,0,0,benign,0,-,CTU-IoT-Malware-Capture-1-1,0,none,none,0.0,0.0
180,6,2.999309,3,0,1.0002303863990007,0.0,0.0,180,180,0.0,3,0,0,0,3.0,0.0,1,1,0.0,0.0,0,1,0,0,0,0,0,1,1.0,0.0,0.0,0.0,0.0,0.0,0.0,0.0,0.0,0.0,0.0,0.0,0.0,0.0,0.0,0.0,2.999309,0.0,0.0,0.0,0.0,0.0,0.0,1.0,0.0,1.0,0,0,0,0,0,0,malicious,1,PartOfAHorizontalPortScan,CTU-IoT-Malware-Capture-1-1,1,fragmentation,medium,0.0,0.0
40,17,0.0,1,0,0.0,0.0,0.0,40,40,0.0,1,0,0,0,1.0,0.0,1,1,0.0,0.0,0,1,0,0,0,0,0,1,1.0,0.0,0.0,0.0,0.0,0.0,0.0,0.0,0.0,0.0,0.0,0.0,0.0,0.0,0.0,0.0,0.0,0.0,0.0,0.0,0.0,0.0,0.0,1.0,0.0,1.0,0,0,0,0,0,0,benign,0,-,CTU-IoT-Malware-Capture-1-1,0,none,none,0.0,0.0
40,17,0.0,1,0,0.0,0.0,0.0,40,40,0.0,1,0,0,0,1.0,0.0,1,1,0.0,0.0,0,1,0,0,0,0,0,1,1.0,0.0,0.0,0.0,0.0,0.0,0.0,0.0,0.0,0.0,0.0,0.0,0.0,0.0,0.0,0.0,0.0,0.0,0.0,0.0,0.0,0.0,0.0,1.0,0.0,1.0,0,0,0,0,0,0,benign,0,-,CTU-IoT-Malware-Capture-1-1,0,none,none,0.0,0.0
180,6,2.998821,3,0,1.0003931545097224,0.0,0.0,180,180,0.0,3,0,0,0,3.0,0.0,1,1,0.0,0.0,0,1,0,0,0,0,0,1,1.0,0.0,0.0,0.0,0.0,0.0,0.0,0.0,0.0,0.0,0.0,0.0,0.0,0.0,0.0,0.0,2.998821,0.0,0.0,0.0,0.0,0.0,0.0,1.0,0.0,1.0,0,0,0,0,0,0,malicious,1,PartOfAHorizontalPortScan,CTU-IoT-Malware-Capture-1-1,1,fragmentation,medium,0.0,0.0
40,17,0.0,1,0,0.0,0.0,0.0,40,40,0.0,1,0,0,0,1.0,0.0,1,1,0.0,0.0,0,1,0,0,0,0,0,1,1.0,0.0,0.0,0.0,0.0,0.0,0.0,0.0,0.0,0.0,0.0,0.0,0.0,0.0,0.0,0.0,0.0,0.0,0.0,0.0,0.0,0.0,0.0,1.0,0.0,1.0,0,0,0,0,0,0,benign,0,-,CTU-IoT-Malware-Capture-1-1,0,none,none,0.0,0.0
40,17,0.0,1,0,0.0,0.0,0.0,40,40,0.0,1,0,0,0,1.0,0.0,1,1,0.0,0.0,0,1,0,0,0,0,0,1,1.0,0.0,0.0,0.0,0.0,0.0,0.0,0.0,0.0,0.0,0.0,0.0,0.0,0.0,0.0,0.0,0.0,0.0,0.0,0.0,0.0,0.0,0.0,1.0,0.0,1.0,0,0,0,0,0,0,benign,0,-,CTU-IoT-Malware-Capture-1-1,0,none,none,0.0,0.0
60,6,0.0,1,0,0.0,0.0,0.0,60,60,0.0,1,0,0,0,1.0,0.0,1,1,0.0,0.0,0,1,0,0,0,0,0,1,1.0,0.0,0.0,0.0,0.0,0.0,0.0,0.0,0.0,0.0,0.0,0.0,0.0,0.0,0.0,0.0,0.0,0.0,0.0,0.0,0.0,0.0,0.0,1.0,0.0,1.0,0,0,0,0,0,0,malicious,1,PartOfAHorizontalPortScan,CTU-IoT-Malware-Capture-1-1,1,fragmentation,medium,0.0,0.0
40,17,0.0,1,0,0.0,0.0,0.0,40,40,0.0,1,0,0,0,1.0,0.0,1,1,0.0,0.0,0,1,0,0,0,0,0,1,1.0,0.0,0.0,0.0,0.0,0.0,0.0,0.0,0.0,0.0,0.0,0.0,0.0,0.0,0.0,0.0,0.0,0.0,0.0,0.0,0.0,0.0,0.0,1.0,0.0,1.0,0,0,0,0,0,0,benign,0,-,CTU-IoT-Malware-Capture-1-1,0,none,none,0.0,0.0
25,6,0.120683,2,0,16.572342417739037,0.0,0.0,25,25,0.0,1,1,0,0,1.0,0.0,1,1,0.0,0.0,3,0,0,0,1,0,0,1,0.0,0.0,0.0,1.0,0.0,0.0,0.0,0.0,0.0,0.0,0.0,0.0,0.0,0.0,0.0,0.0,0.120683,0.0,0.0,0.75,0.0,0.0,0.0,1.0,0.0,0.0,0,0,1,0,0,0,malicious,1,PartOfAHorizontalPortScan,CTU-IoT-Malware-Capture-1-1,1,fragmentation,medium,3.0,4.0
20,6,0.0,1,0,0.0,0.0,0.0,20,20,0.0,1,0,0,0,1.0,0.0,1,1,0.0,0.0,4,1,0,0,0,0,0,1,1.0,0.0,0.0,0.0,0.0,0.0,0.0,0.0,0.0,0.0,0.0,0.0,0.0,0.0,0.0,0.0,0.0,0.0,0.0,1.0,0.0,0.0,0.0,1.0,0.0,0.0,0,0,1,0,0,0,malicious,1,PartOfAHorizontalPortScan,CTU-IoT-Malware-Capture-1-1,1,fragmentation,medium,3.0,5.0
40,17,0.0,1,0,0.0,0.0,0.0,40,40,0.0,1,0,0,0,1.0,0.0,1,1,0.0,0.0,0,1,0,0,0,0,0,1,1.0,0.0,0.0,0.0,0.0,0.0,0.0,0.0,0.0,0.0,0.0,0.0,0.0,0.0,0.0,0.0,0.0,0.0,0.0,0.0,0.0,0.0,0.0,1.0,0.0,1.0,0,0,0,0,0,0,benign,0,-,CTU-IoT-Malware-Capture-1-1,0,none,none,0.0,0.0
20,6,0.0,1,0,0.0,0.0,0.0,20,20,0.0,1,0,0,0,1.0,0.0,1,1,0.0,0.0,4,1,0,0,0,0,0,1,1.0,0.0,0.0,0.0,0.0,0.0,0.0,0.0,0.0,0.0,0.0,0.0,0.0,0.0,0.0,0.0,0.0,0.0,0.0,1.0,0.0,0.0,0.0,1.0,0.0,0.0,0,0,1,0,0,0,malicious,1,PartOfAHorizontalPortScan,CTU-IoT-Malware-Capture-1-1,1,fragmentation,medium,4.0,5.0
20,6,0.0,1,0,0.0,0.0,0.0,20,20,0.0,1,0,0,0,1.0,0.0,1,1,0.0,0.0,4,1,0,0,0,0,0,1,1.0,0.0,0.0,0.0,0.0,0.0,0.0,0.0,0.0,0.0,0.0,0.0,0.0,0.0,0.0,0.0,0.0,0.0,0.0,1.0,0.0,0.0,0.0,1.0,0.0,0.0,0,0,1,0,0,0,malicious,1,PartOfAHorizontalPortScan,CTU-IoT-Malware-Capture-1-1,1,fragmentation,medium,1.0,5.0
180,6,2.998811,3,0,1.0003964904757252,0.0,0.0,180,180,0.0,3,0,0,0,3.0,0.0,1,1,0.0,0.0,0,1,0,0,0,0,0,1,1.0,0.0,0.0,0.0,0.0,0.0,0.0,0.0,0.0,0.0,0.0,0.0,0.0,0.0,0.0,0.0,2.998811,0.0,0.0,0.0,0.0,0.0,0.0,1.0,0.0,1.0,0,0,0,0,0,0,malicious,1,PartOfAHorizontalPortScan,CTU-IoT-Malware-Capture-1-1,1,fragmentation,medium,0.0,0.0
45,6,2.999077,3,0,1.0003077613545768,0.0,0.0,45,45,0.0,3,0,0,0,3.0,0.0,1,1,0.0,0.0,3,1,0,0,0,0,0,1,1.0,0.0,0.0,0.0,0.0,0.0,0.0,0.0,0.0,0.0,0.0,0.0,0.0,0.0,0.0,0.0,2.999077,0.0,0.0,0.75,0.0,0.0,0.0,1.0,0.0,0.0,0,0,1,0,0,0,malicious,1,PartOfAHorizontalPortScan,CTU-IoT-Malware-Capture-1-1,1,fragmentation,medium,1.0,4.0
40,17,0.0,1,0,0.0,0.0,0.0,40,40,0.0,1,0,0,0,1.0,0.0,1,1,0.0,0.0,0,1,0,0,0,0,0,1,1.0,0.0,0.0,0.0,0.0,0.0,0.0,0.0,0.0,0.0,0.0,0.0,0.0,0.0,0.0,0.0,0.0,0.0,0.0,0.0,0.0,0.0,0.0,1.0,0.0,1.0,0,0,0,0,0,0,benign,0,-,CTU-IoT-Malware-Capture-1-1,0,none,none,0.0,0.0
180,6,2.999062,3,0,1.0003127644576872,0.0,0.0,180,180,0.0,3,0,0,0,3.0,0.0,1,1,0.0,0.0,0,1,0,0,0,0,0,1,1.0,0.0,0.0,0.0,0.0,0.0,0.0,0.0,0.0,0.0,0.0,0.0,0.0,0.0,0.0,0.0,2.999062,0.0,0.0,0.0,0.0,0.0,0.0,1.0,0.0,1.0,0,0,0,0,0,0,malicious,1,PartOfAHorizontalPortScan,CTU-IoT-Malware-Capture-1-1,1,fragmentation,medium,0.0,0.0
36,6,2.998826,3,0,1.000391486535064,0.0,0.0,36,36,0.0,3,0,0,0,3.0,0.0,1,1,0.0,0.0,4,1,0,0,0,0,0,1,1.0,0.0,0.0,0.0,0.0,0.0,0.0,0.0,0.0,0.0,0.0,0.0,0.0,0.0,0.0,0.0,2.998826,0.0,0.0,1.0,0.0,0.0,0.0,1.0,0.0,0.0,0,0,1,0,0,0,malicious,1,PartOfAHorizontalPortScan,CTU-IoT-Malware-Capture-1-1,1,fragmentation,medium,2.0,5.0
40,17,0.0,1,0,0.0,0.0,0.0,40,40,0.0,1,0,0,0,1.0,0.0,1,1,0.0,0.0,0,1,0,0,0,0,0,1,1.0,0.0,0.0,0.0,0.0,0.0,0.0,0.0,0.0,0.0,0.0,0.0,0.0,0.0,0.0,0.0,0.0,0.0,0.0,0.0,0.0,0.0,0.0,1.0,0.0,1.0,0,0,0,0,0,0,benign,0,-,CTU-IoT-Malware-Capture-1-1,0,none,none,0.0,0.0
20,6,0.0,1,0,0.0,0.0,0.0,20,20,0.0,1,0,0,0,1.0,0.0,1,1,0.0,0.0,3,1,0,0,0,0,0,1,1.0,0.0,0.0,0.0,0.0,0.0,0.0,0.0,0.0,0.0,0.0,0.0,0.0,0.0,0.0,0.0,0.0,0.0,0.0,0.75,0.0,0.0,0.0,1.0,0.0,0.0,0,0,1,0,0,0,malicious,1,PartOfAHorizontalPortScan,CTU-IoT-Malware-Capture-1-1,1,fragmentation,medium,0.0,4.0
40,17,0.0,1,0,0.0,0.0,0.0,40,40,0.0,1,0,0,0,1.0,0.0,1,1,0.0,0.0,0,1,0,0,0,0,0,1,1.0,0.0,0.0,0.0,0.0,0.0,0.0,0.0,0.0,0.0,0.0,0.0,0.0,0.0,0.0,0.0,0.0,0.0,0.0,0.0,0.0,0.0,0.0,1.0,0.0,1.0,0,0,0,0,0,0,benign,0,-,CTU-IoT-Malware-Capture-1-1,0,none,none,0.0,0.0
40,17,0.0,1,0,0.0,0.0,0.0,40,40,0.0,1,0,0,0,1.0,0.0,1,1,0.0,0.0,0,1,0,0,0,0,0,1,1.0,0.0,0.0,0.0,0.0,0.0,0.0,0.0,0.0,0.0,0.0,0.0,0.0,0.0,0.0,0.0,0.0,0.0,0.0,0.0,0.0,0.0,0.0,1.0,0.0,1.0,0,0,0,0,0,0,benign,0,-,CTU-IoT-Malware-Capture-1-1,0,none,none,0.0,0.0
20,6,0.0,1,0,0.0,0.0,0.0,20,20,0.0,1,0,0,0,1.0,0.0,1,1,0.0,0.0,4,1,0,0,0,0,0,1,1.0,0.0,0.0,0.0,0.0,0.0,0.0,0.0,0.0,0.0,0.0,0.0,0.0,0.0,0.0,0.0,0.0,0.0,0.0,1.0,0.0,0.0,0.0,1.0,0.0,0.0,0,0,1,0,0,0,malicious,1,PartOfAHorizontalPortScan,CTU-IoT-Malware-Capture-1-1,1,fragmentation,medium,1.0,5.0
30,6,0.0,1,0,0.0,0.0,0.0,30,30,0.0,1,0,0,0,1.0,0.0,1,1,0.0,0.0,1,1,0,0,0,0,0,1,1.0,0.0,0.0,0.0,0.0,0.0,0.0,0.0,0.0,0.0,0.0,0.0,0.0,0.0,0.0,0.0,0.0,0.0,0.0,0.25,0.0,0.0,0.0,1.0,0.0,0.0,0,0,1,0,0,0,malicious,1,PartOfAHorizontalPortScan,CTU-IoT-Malware-Capture-1-1,1,fragmentation,medium,1.0,2.0
40,17,0.0,1,0,0.0,0.0,0.0,40,40,0.0,1,0,0,0,1.0,0.0,1,1,0.0,0.0,0,1,0,0,0,0,0,1,1.0,0.0,0.0,0.0,0.0,0.0,0.0,0.0,0.0,0.0,0.0,0.0,0.0,0.0,0.0,0.0,0.0,0.0,0.0,0.0,0.0,0.0,0.0,1.0,0.0,1.0,0,0,0,0,0,0,benign,0,-,CTU-IoT-Malware-Capture-1-1,0,none,none,0.0,0.0
60,6,0.0,1,0,0.0,0.0,0.0,60,60,0.0,1,0,0,0,1.0,0.0,1,1,0.0,0.0,0,1,0,0,0,0,0,1,1.0,0.0,0.0,0.0,0.0,0.0,0.0,0.0,0.0,0.0,0.0,0.0,0.0,0.0,0.0,0.0,0.0,0.0,0.0,0.0,0.0,0.0,0.0,1.0,0.0,1.0,0,0,0,0,0,0,malicious,1,PartOfAHorizontalPortScan,CTU-IoT-Malware-Capture-1-1,1,fragmentation,medium,0.0,0.0
40,17,0.0,1,0,0.0,0.0,0.0,40,40,0.0,1,0,0,0,1.0,0.0,1,1,0.0,0.0,0,1,0,0,0,0,0,1,1.0,0.0,0.0,0.0,0.0,0.0,0.0,0.0,0.0,0.0,0.0,0.0,0.0,0.0,0.0,0.0,0.0,0.0,0.0,0.0,0.0,0.0,0.0,1.0,0.0,1.0,0,0,0,0,0,0,benign,0,-,CTU-IoT-Malware-Capture-1-1,0,none,none,0.0,0.0
40,17,0.0,1,0,0.0,0.0,0.0,40,40,0.0,1,0,0,0,1.0,0.0,1,1,0.0,0.0,0,1,0,0,0,0,0,1,1.0,0.0,0.0,0.0,0.0,0.0,0.0,0.0,0.0,0.0,0.0,0.0,0.0,0.0,0.0,0.0,0.0,0.0,0.0,0.0,0.0,0.0,0.0,1.0,0.0,1.0,0,0,0,0,0,0,benign,0,-,CTU-IoT-Malware-Capture-1-1,0,none,none,0.0,0.0
40,17,0.0,1,0,0.0,0.0,0.0,40,40,0.0,1,0,0,0,1.0,0.0,1,1,0.0,0.0,0,1,0,0,0,0,0,1,1.0,0.0,0.0,0.0,0.0,0.0,0.0,0.0,0.0,0.0,0.0,0.0,0.0,0.0,0.0,0.0,0.0,0.0,0.0,0.0,0.0,0.0,0.0,1.0,0.0,1.0,0,0,0,0,0,0,benign,0,-,CTU-IoT-Malware-Capture-1-1,0,none,none,0.0,0.0
40,17,0.0,1,0,0.0,0.0,0.0,40,40,0.0,1,0,0,0,1.0,0.0,1,1,0.0,0.0,0,1,0,0,0,0,0,1,1.0,0.0,0.0,0.0,0.0,0.0,0.0,0.0,0.0,0.0,0.0,0.0,0.0,0.0,0.0,0.0,0.0,0.0,0.0,0.0,0.0,0.0,0.0,1.0,0.0,1.0,0,0,0,0,0,0,benign,0,-,CTU-IoT-Malware-Capture-1-1,0,none,none,0.0,0.0
40,17,0.0,1,0,0.0,0.0,0.0,40,40,0.0,1,0,0,0,1.0,0.0,1,1,0.0,0.0,0,1,0,0,0,0,0,1,1.0,0.0,0.0,0.0,0.0,0.0,0.0,0.0,0.0,0.0,0.0,0.0,0.0,0.0,0.0,0.0,0.0,0.0,0.0,0.0,0.0,0.0,0.0,1.0,0.0,1.0,0,0,0,0,0,0,benign,0,-,CTU-IoT-Malware-Capture-1-1,0,none,none,0.0,0.0
40,17,0.0,1,0,0.0,0.0,0.0,40,40,0.0,1,0,0,0,1.0,0.0,1,1,0.0,0.0,0,1,0,0,0,0,0,1,1.0,0.0,0.0,0.0,0.0,0.0,0.0,0.0,0.0,0.0,0.0,0.0,0.0,0.0,0.0,0.0,0.0,0.0,0.0,0.0,0.0,0.0,0.0,1.0,0.0,1.0,0,0,0,0,0,0,benign,0,-,CTU-IoT-Malware-Capture-1-1,0,none,none,0.0,0.0
40,17,0.0,1,0,0.0,0.0,0.0,40,40,0.0,1,0,0,0,1.0,0.0,1,1,0.0,0.0,0,1,0,0,0,0,0,1,1.0,0.0,0.0,0.0,0.0,0.0,0.0,0.0,0.0,0.0,0.0,0.0,0.0,0.0,0.0,0.0,0.0,0.0,0.0,0.0,0.0,0.0,0.0,1.0,0.0,1.0,0,0,0,0,0,0,benign,0,-,CTU-IoT-Malware-Capture-1-1,0,none,none,0.0,0.0
40,17,0.0,1,0,0.0,0.0,0.0,40,40,0.0,1,0,0,0,1.0,0.0,1,1,0.0,0.0,0,1,0,0,0,0,0,1,1.0,0.0,0.0,0.0,0.0,0.0,0.0,0.0,0.0,0.0,0.0,0.0,0.0,0.0,0.0,0.0,0.0,0.0,0.0,0.0,0.0,0.0,0.0,1.0,0.0,1.0,0,0,0,0,0,0,benign,0,-,CTU-IoT-Malware-Capture-1-1,0,none,none,0.0,0.0
20,6,0.0,1,0,0.0,0.0,0.0,20,20,0.0,1,0,0,0,1.0,0.0,1,1,0.0,0.0,3,1,0,0,0,0,0,1,1.0,0.0,0.0,0.0,0.0,0.0,0.0,0.0,0.0,0.0,0.0,0.0,0.0,0.0,0.0,0.0,0.0,0.0,0.0,0.75,0.0,0.0,0.0,1.0,0.0,0.0,0,0,1,0,0,0,malicious,1,PartOfAHorizontalPortScan,CTU-IoT-Malware-Capture-1-1,1,fragmentation,medium,3.0,4.0
40,17,0.0,1,0,0.0,0.0,0.0,40,40,0.0,1,0,0,0,1.0,0.0,1,1,0.0,0.0,0,1,0,0,0,0,0,1,1.0,0.0,0.0,0.0,0.0,0.0,0.0,0.0,0.0,0.0,0.0,0.0,0.0,0.0,0.0,0.0,0.0,0.0,0.0,0.0,0.0,0.0,0.0,1.0,0.0,1.0,0,0,0,0,0,0,benign,0,-,CTU-IoT-Malware-Capture-1-1,0,none,none,0.0,0.0
40,17,0.0,1,0,0.0,0.0,0.0,40,40,0.0,1,0,0,0,1.0,0.0,1,1,0.0,0.0,0,1,0,0,0,0,0,1,1.0,0.0,0.0,0.0,0.0,0.0,0.0,0.0,0.0,0.0,0.0,0.0,0.0,0.0,0.0,0.0,0.0,0.0,0.0,0.0,0.0,0.0,0.0,1.0,0.0,1.0,0,0,0,0,0,0,benign,0,-,CTU-IoT-Malware-Capture-1-1,0,none,none,0.0,0.0
40,17,0.0,1,0,0.0,0.0,0.0,40,40,0.0,1,0,0,0,1.0,0.0,1,1,0.0,0.0,0,1,0,0,0,0,0,1,1.0,0.0,0.0,0.0,0.0,0.0,0.0,0.0,0.0,0.0,0.0,0.0,0.0,0.0,0.0,0.0,0.0,0.0,0.0,0.0,0.0,0.0,0.0,1.0,0.0,1.0,0,0,0,0,0,0,benign,0,-,CTU-IoT-Malware-Capture-1-1,0,none,none,0.0,0.0
40,17,0.0,1,0,0.0,0.0,0.0,40,40,0.0,1,0,0,0,1.0,0.0,1,1,0.0,0.0,0,1,0,0,0,0,0,1,1.0,0.0,0.0,0.0,0.0,0.0,0.0,0.0,0.0,0.0,0.0,0.0,0.0,0.0,0.0,0.0,0.0,0.0,0.0,0.0,0.0,0.0,0.0,1.0,0.0,1.0,0,0,0,0,0,0,benign,0,-,CTU-IoT-Malware-Capture-1-1,0,none,none,0.0,0.0
40,17,0.0,1,0,0.0,0.0,0.0,40,40,0.0,1,0,0,0,1.0,0.0,1,1,0.0,0.0,0,1,0,0,0,0,0,1,1.0,0.0,0.0,0.0,0.0,0.0,0.0,0.0,0.0,0.0,0.0,0.0,0.0,0.0,0.0,0.0,0.0,0.0,0.0,0.0,0.0,0.0,0.0,1.0,0.0,1.0,0,0,0,0,0,0,benign,0,-,CTU-IoT-Malware-Capture-1-1,0,none,none,0.0,0.0
40,17,0.0,1,0,0.0,0.0,0.0,40,40,0.0,1,0,0,0,1.0,0.0,1,1,0.0,0.0,0,1,0,0,0,0,0,1,1.0,0.0,0.0,0.0,0.0,0.0,0.0,0.0,0.0,0.0,0.0,0.0,0.0,0.0,0.0,0.0,0.0,0.0,0.0,0.0,0.0,0.0,0.0,1.0,0.0,1.0,0,0,0,0,0,0,benign,0,-,CTU-IoT-Malware-Capture-1-1,0,none,none,0.0,0.0
176,1,3.16396,2,120,0.6321192429739947,37.927154578439676,60.0,176,176,0.0,2,0,120,0,2.0,120.0,1,1,0.0,0.0,0,0,0,0,0,0,0,0,0.0,0.0,0.0,0.0,0.0,0.0,0.0,0.0,0.0,0.0,0.0,0.0,0.0,0.0,0.0,0.0,3.16396,0.0,0.0,0.0,0.0,0.0,0.0,1.0,0.0,1.0,0,0,0,0,0,0,benign,0,-,CTU-IoT-Malware-Capture-1-1,0,none,none,0.0,0.0
20,6,0.0,1,0,0.0,0.0,0.0,20,20,0.0,1,0,0,0,1.0,0.0,1,1,0.0,0.0,4,1,0,0,0,0,0,1,1.0,0.0,0.0,0.0,0.0,0.0,0.0,0.0,0.0,0.0,0.0,0.0,0.0,0.0,0.0,0.0,0.0,0.0,0.0,1.0,0.0,0.0,0.0,1.0,0.0,0.0,0,0,1,0,0,0,malicious,1,PartOfAHorizontalPortScan,CTU-IoT-Malware-Capture-1-1,1,fragmentation,medium,1.0,5.0
20,6,0.0,1,0,0.0,0.0,0.0,20,20,0.0,1,0,0,0,1.0,0.0,1,1,0.0,0.0,4,1,0,0,0,0,0,1,1.0,0.0,0.0,0.0,0.0,0.0,0.0,0.0,0.0,0.0,0.0,0.0,0.0,0.0,0.0,0.0,0.0,0.0,0.0,1.0,0.0,0.0,0.0,1.0,0.0,0.0,0,0,1,0,0,0,malicious,1,PartOfAHorizontalPortScan,CTU-IoT-Malware-Capture-1-1,1,fragmentation,medium,4.0,5.0
20,6,0.0,1,0,0.0,0.0,0.0,20,20,0.0,1,0,0,0,1.0,0.0,1,1,0.0,0.0,3,1,0,0,0,0,0,1,1.0,0.0,0.0,0.0,0.0,0.0,0.0,0.0,0.0,0.0,0.0,0.0,0.0,0.0,0.0,0.0,0.0,0.0,0.0,0.75,0.0,0.0,0.0,1.0,0.0,0.0,0,0,1,0,0,0,malicious,1,PartOfAHorizontalPortScan,CTU-IoT-Malware-Capture-1-1,1,fragmentation,medium,1.0,4.0
40,17,0.0,1,0,0.0,0.0,0.0,40,40,0.0,1,0,0,0,1.0,0.0,1,1,0.0,0.0,0,1,0,0,0,0,0,1,1.0,0.0,0.0,0.0,0.0,0.0,0.0,0.0,0.0,0.0,0.0,0.0,0.0,0.0,0.0,0.0,0.0,0.0,0.0,0.0,0.0,0.0,0.0,1.0,0.0,1.0,0,0,0,0,0,0,benign,0,-,CTU-IoT-Malware-Capture-1-1,0,none,none,0.0,0.0
60,6,2.998814,3,0,1.0003954896835883,0.0,0.0,60,60,0.0,3,0,0,0,3.0,0.0,1,1,0.0,0.0,2,1,0,0,0,0,0,1,1.0,0.0,0.0,0.0,0.0,0.0,0.0,0.0,0.0,0.0,0.0,0.0,0.0,0.0,0.0,0.0,2.998814,0.0,0.0,0.5,0.0,0.0,0.0,1.0,0.0,0.0,0,0,1,0,0,0,malicious,1,PartOfAHorizontalPortScan,CTU-IoT-Malware-Capture-1-1,1,fragmentation,medium,2.0,3.0
40,17,0.0,1,0,0.0,0.0,0.0,40,40,0.0,1,0,0,0,1.0,0.0,1,1,0.0,0.0,0,1,0,0,0,0,0,1,1.0,0.0,0.0,0.0,0.0,0.0,0.0,0.0,0.0,0.0,0.0,0.0,0.0,0.0,0.0,0.0,0.0,0.0,0.0,0.0,0.0,0.0,0.0,1.0,0.0,1.0,0,0,0,0,0,0,benign,0,-,CTU-IoT-Malware-Capture-1-1,0,none,none,0.0,0.0
40,17,0.0,1,0,0.0,0.0,0.0,40,40,0.0,1,0,0,0,1.0,0.0,1,1,0.0,0.0,0,1,0,0,0,0,0,1,1.0,0.0,0.0,0.0,0.0,0.0,0.0,0.0,0.0,0.0,0.0,0.0,0.0,0.0,0.0,0.0,0.0,0.0,0.0,0.0,0.0,0.0,0.0,1.0,0.0,1.0,0,0,0,0,0,0,benign,0,-,CTU-IoT-Malware-Capture-1-1,0,none,none,0.0,0.0
60,6,0.0,1,0,0.0,0.0,0.0,60,60,0.0,1,0,0,0,1.0,0.0,1,1,0.0,0.0,0,1,0,0,0,0,0,1,1.0,0.0,0.0,0.0,0.0,0.0,0.0,0.0,0.0,0.0,0.0,0.0,0.0,0.0,0.0,0.0,0.0,0.0,0.0,0.0,0.0,0.0,0.0,1.0,0.0,1.0,0,0,0,0,0,0,malicious,1,PartOfAHorizontalPortScan,CTU-IoT-Malware-Capture-1-1,1,fragmentation,medium,0.0,0.0
20,6,0.0,1,0,0.0,0.0,0.0,20,20,0.0,1,0,0,0,1.0,0.0,1,1,0.0,0.0,4,1,0,0,0,0,0,1,1.0,0.0,0.0,0.0,0.0,0.0,0.0,0.0,0.0,0.0,0.0,0.0,0.0,0.0,0.0,0.0,0.0,0.0,0.0,1.0,0.0,0.0,0.0,1.0,0.0,0.0,0,0,1,0,0,0,malicious,1,PartOfAHorizontalPortScan,CTU-IoT-Malware-Capture-1-1,1,fragmentation,medium,3.0,5.0
40,17,0.0,1,0,0.0,0.0,0.0,40,40,0.0,1,0,0,0,1.0,0.0,1,1,0.0,0.0,0,1,0,0,0,0,0,1,1.0,0.0,0.0,0.0,0.0,0.0,0.0,0.0,0.0,0.0,0.0,0.0,0.0,0.0,0.0,0.0,0.0,0.0,0.0,0.0,0.0,0.0,0.0,1.0,0.0,1.0,0,0,0,0,0,0,benign,0,-,CTU-IoT-Malware-Capture-1-1,0,none,none,0.0,0.0
20,6,0.0,1,0,0.0,0.0,0.0,20,20,0.0,1,0,0,0,1.0,0.0,1,1,0.0,0.0,4,1,0,0,0,0,0,1,1.0,0.0,0.0,0.0,0.0,0.0,0.0,0.0,0.0,0.0,0.0,0.0,0.0,0.0,0.0,0.0,0.0,0.0,0.0,1.0,0.0,0.0,0.0,1.0,0.0,0.0,0,0,1,0,0,0,malicious,1,PartOfAHorizontalPortScan,CTU-IoT-Malware-Capture-1-1,1,fragmentation,medium,0.0,5.0
60,6,0.0,1,0,0.0,0.0,0.0,60,60,0.0,1,0,0,0,1.0,0.0,1,1,0.0,0.0,0,1,0,0,0,0,0,1,1.0,0.0,0.0,0.0,0.0,0.0,0.0,0.0,0.0,0.0,0.0,0.0,0.0,0.0,0.0,0.0,0.0,0.0,0.0,0.0,0.0,0.0,0.0,1.0,0.0,1.0,0,0,0,0,0,0,malicious,1,PartOfAHorizontalPortScan,CTU-IoT-Malware-Capture-1-1,1,fragmentation,medium,0.0,0.0
45,6,2.998808,3,0,1.0003974912698645,0.0,0.0,45,45,0.0,3,0,0,0,3.0,0.0,1,1,0.0,0.0,3,1,0,0,0,0,0,1,1.0,0.0,0.0,0.0,0.0,0.0,0.0,0.0,0.0,0.0,0.0,0.0,0.0,0.0,0.0,0.0,2.998808,0.0,0.0,0.75,0.0,0.0,0.0,1.0,0.0,0.0,0,0,1,0,0,0,malicious,1,PartOfAHorizontalPortScan,CTU-IoT-Malware-Capture-1-1,1,fragmentation,medium,0.0,4.0
40,17,0.0,1,0,0.0,0.0,0.0,40,40,0.0,1,0,0,0,1.0,0.0,1,1,0.0,0.0,0,1,0,0,0,0,0,1,1.0,0.0,0.0,0.0,0.0,0.0,0.0,0.0,0.0,0.0,0.0,0.0,0.0,0.0,0.0,0.0,0.0,0.0,0.0,0.0,0.0,0.0,0.0,1.0,0.0,1.0,0,0,0,0,0,0,benign,0,-,CTU-IoT-Malware-Capture-1-1,0,none,none,0.0,0.0
180,6,2.99856,3,0,1.000480230510645,0.0,0.0,180,180,0.0,3,0,0,0,3.0,0.0,1,1,0.0,0.0,0,1,0,0,0,0,0,1,1.0,0.0,0.0,0.0,0.0,0.0,0.0,0.0,0.0,0.0,0.0,0.0,0.0,0.0,0.0,0.0,2.99856,0.0,0.0,0.0,0.0,0.0,0.0,1.0,0.0,1.0,0,0,0,0,0,0,benign,0,-,CTU-IoT-Malware-Capture-1-1,0,none,none,0.0,0.0
20,6,0.0,1,0,0.0,0.0,0.0,20,20,0.0,1,0,0,0,1.0,0.0,1,1,0.0,0.0,3,1,0,0,0,0,0,1,1.0,0.0,0.0,0.0,0.0,0.0,0.0,0.0,0.0,0.0,0.0,0.0,0.0,0.0,0.0,0.0,0.0,0.0,0.0,0.75,0.0,0.0,0.0,1.0,0.0,0.0,0,0,1,0,0,0,malicious,1,PartOfAHorizontalPortScan,CTU-IoT-Malware-Capture-1-1,1,fragmentation,medium,3.0,4.0
40,17,0.0,1,0,0.0,0.0,0.0,40,40,0.0,1,0,0,0,1.0,0.0,1,1,0.0,0.0,0,1,0,0,0,0,0,1,1.0,0.0,0.0,0.0,0.0,0.0,0.0,0.0,0.0,0.0,0.0,0.0,0.0,0.0,0.0,0.0,0.0,0.0,0.0,0.0,0.0,0.0,0.0,1.0,0.0,1.0,0,0,0,0,0,0,benign,0,-,CTU-IoT-Malware-Capture-1-1,0,none,none,0.0,0.0
180,6,2.998824,3,0,1.00039215372426,0.0,0.0,180,180,0.0,3,0,0,0,3.0,0.0,1,1,0.0,0.0,0,1,0,0,0,0,0,1,1.0,0.0,0.0,0.0,0.0,0.0,0.0,0.0,0.0,0.0,0.0,0.0,0.0,0.0,0.0,0.0,2.998824,0.0,0.0,0.0,0.0,0.0,0.0,1.0,0.0,1.0,0,0,0,0,0,0,malicious,1,PartOfAHorizontalPortScan,CTU-IoT-Malware-Capture-1-1,1,fragmentation,medium,0.0,0.0
30,6,0.0,1,0,0.0,0.0,0.0,30,30,0.0,1,0,0,0,1.0,0.0,1,1,0.0,0.0,1,1,0,0,0,0,0,1,1.0,0.0,0.0,0.0,0.0,0.0,0.0,0.0,0.0,0.0,0.0,0.0,0.0,0.0,0.0,0.0,0.0,0.0,0.0,0.25,0.0,0.0,0.0,1.0,0.0,0.0,0,0,1,0,0,0,malicious,1,PartOfAHorizontalPortScan,CTU-IoT-Malware-Capture-1-1,1,fragmentation,medium,0.0,2.0
40,17,0.0,1,0,0.0,0.0,0.0,40,40,0.0,1,0,0,0,1.0,0.0,1,1,0.0,0.0,0,1,0,0,0,0,0,1,1.0,0.0,0.0,0.0,0.0,0.0,0.0,0.0,0.0,0.0,0.0,0.0,0.0,0.0,0.0,0.0,0.0,0.0,0.0,0.0,0.0,0.0,0.0,1.0,0.0,1.0,0,0,0,0,0,0,benign,0,-,CTU-IoT-Malware-Capture-1-1,0,none,none,0.0,0.0
40,17,0.0,1,0,0.0,0.0,0.0,40,40,0.0,1,0,0,0,1.0,0.0,1,1,0.0,0.0,0,1,0,0,0,0,0,1,1.0,0.0,0.0,0.0,0.0,0.0,0.0,0.0,0.0,0.0,0.0,0.0,0.0,0.0,0.0,0.0,0.0,0.0,0.0,0.0,0.0,0.0,0.0,1.0,0.0,1.0,0,0,0,0,0,0,benign,0,-,CTU-IoT-Malware-Capture-1-1,0,none,none,0.0,0.0
68,1,0.0,1,0,0.0,0.0,0.0,68,68,0.0,1,0,0,0,1.0,0.0,1,1,0.0,0.0,0,0,0,0,0,0,0,0,0.0,0.0,0.0,0.0,0.0,0.0,0.0,0.0,0.0,0.0,0.0,0.0,0.0,0.0,0.0,0.0,0.0,0.0,0.0,0.0,0.0,0.0,0.0,1.0,0.0,1.0,0,0,0,0,0,0,benign,0,-,CTU-IoT-Malware-Capture-1-1,0,none,none,0.0,0.0
40,17,0.0,1,0,0.0,0.0,0.0,40,40,0.0,1,0,0,0,1.0,0.0,1,1,0.0,0.0,0,1,0,0,0,0,0,1,1.0,0.0,0.0,0.0,0.0,0.0,0.0,0.0,0.0,0.0,0.0,0.0,0.0,0.0,0.0,0.0,0.0,0.0,0.0,0.0,0.0,0.0,0.0,1.0,0.0,1.0,0,0,0,0,0,0,benign,0,-,CTU-IoT-Malware-Capture-1-1,0,none,none,0.0,0.0
60,6,0.0,1,0,0.0,0.0,0.0,60,60,0.0,1,0,0,0,1.0,0.0,1,1,0.0,0.0,0,1,0,0,0,0,0,1,1.0,0.0,0.0,0.0,0.0,0.0,0.0,0.0,0.0,0.0,0.0,0.0,0.0,0.0,0.0,0.0,0.0,0.0,0.0,0.0,0.0,0.0,0.0,1.0,0.0,1.0,0,0,0,0,0,0,benign,0,-,CTU-IoT-Malware-Capture-1-1,0,none,none,0.0,0.0
60,6,0.0,1,0,0.0,0.0,0.0,60,60,0.0,1,0,0,0,1.0,0.0,1,1,0.0,0.0,0,1,0,0,0,0,0,1,1.0,0.0,0.0,0.0,0.0,0.0,0.0,0.0,0.0,0.0,0.0,0.0,0.0,0.0,0.0,0.0,0.0,0.0,0.0,0.0,0.0,0.0,0.0,1.0,0.0,1.0,0,0,0,0,0,0,malicious,1,PartOfAHorizontalPortScan,CTU-IoT-Malware-Capture-1-1,1,fragmentation,medium,0.0,0.0
40,17,0.0,1,0,0.0,0.0,0.0,40,40,0.0,1,0,0,0,1.0,0.0,1,1,0.0,0.0,0,1,0,0,0,0,0,1,1.0,0.0,0.0,0.0,0.0,0.0,0.0,0.0,0.0,0.0,0.0,0.0,0.0,0.0,0.0,0.0,0.0,0.0,0.0,0.0,0.0,0.0,0.0,1.0,0.0,1.0,0,0,0,0,0,0,benign,0,-,CTU-IoT-Malware-Capture-1-1,0,none,none,0.0,0.0
20,6,0.0,1,0,0.0,0.0,0.0,20,20,0.0,1,0,0,0,1.0,0.0,1,1,0.0,0.0,3,1,0,0,0,0,0,1,1.0,0.0,0.0,0.0,0.0,0.0,0.0,0.0,0.0,0.0,0.0,0.0,0.0,0.0,0.0,0.0,0.0,0.0,0.0,0.75,0.0,0.0,0.0,1.0,0.0,0.0,0,0,1,0,0,0,malicious,1,PartOfAHorizontalPortScan,CTU-IoT-Malware-Capture-1-1,1,fragmentation,medium,1.0,4.0
20,6,0.0,1,0,0.0,0.0,0.0,20,20,0.0,1,0,0,0,1.0,0.0,1,1,0.0,0.0,3,1,0,0,0,0,0,1,1.0,0.0,0.0,0.0,0.0,0.0,0.0,0.0,0.0,0.0,0.0,0.0,0.0,0.0,0.0,0.0,0.0,0.0,0.0,0.75,0.0,0.0,0.0,1.0,0.0,0.0,0,0,1,0,0,0,malicious,1,PartOfAHorizontalPortScan,CTU-IoT-Malware-Capture-1-1,1,fragmentation,medium,3.0,4.0
40,17,0.0,1,0,0.0,0.0,0.0,40,40,0.0,1,0,0,0,1.0,0.0,1,1,0.0,0.0,0,1,0,0,0,0,0,1,1.0,0.0,0.0,0.0,0.0,0.0,0.0,0.0,0.0,0.0,0.0,0.0,0.0,0.0,0.0,0.0,0.0,0.0,0.0,0.0,0.0,0.0,0.0,1.0,0.0,1.0,0,0,0,0,0,0,benign,0,-,CTU-IoT-Malware-Capture-1-1,0,none,none,0.0,0.0
60,6,0.0,1,0,0.0,0.0,0.0,60,60,0.0,1,0,0,0,1.0,0.0,1,1,0.0,0.0,0,1,0,0,0,0,0,1,1.0,0.0,0.0,0.0,0.0,0.0,0.0,0.0,0.0,0.0,0.0,0.0,0.0,0.0,0.0,0.0,0.0,0.0,0.0,0.0,0.0,0.0,0.0,1.0,0.0,1.0,0,0,0,0,0,0,malicious,1,PartOfAHorizontalPortScan,CTU-IoT-Malware-Capture-1-1,1,fragmentation,medium,0.0,0.0
30,6,0.0,1,0,0.0,0.0,0.0,30,30,0.0,1,0,0,0,1.0,0.0,1,1,0.0,0.0,1,1,0,0,0,0,0,1,1.0,0.0,0.0,0.0,0.0,0.0,0.0,0.0,0.0,0.0,0.0,0.0,0.0,0.0,0.0,0.0,0.0,0.0,0.0,0.25,0.0,0.0,0.0,1.0,0.0,0.0,0,0,1,0,0,0,malicious,1,PartOfAHorizontalPortScan,CTU-IoT-Malware-Capture-1-1,1,fragmentation,medium,0.0,2.0
20,6,0.0,1,0,0.0,0.0,0.0,20,20,0.0,1,0,0,0,1.0,0.0,1,1,0.0,0.0,3,1,0,0,0,0,0,1,1.0,0.0,0.0,0.0,0.0,0.0,0.0,0.0,0.0,0.0,0.0,0.0,0.0,0.0,0.0,0.0,0.0,0.0,0.0,0.75,0.0,0.0,0.0,1.0,0.0,0.0,0,0,1,0,0,0,malicious,1,PartOfAHorizontalPortScan,CTU-IoT-Malware-Capture-1-1,1,fragmentation,medium,2.0,4.0
40,17,0.0,1,0,0.0,0.0,0.0,40,40,0.0,1,0,0,0,1.0,0.0,1,1,0.0,0.0,0,1,0,0,0,0,0,1,1.0,0.0,0.0,0.0,0.0,0.0,0.0,0.0,0.0,0.0,0.0,0.0,0.0,0.0,0.0,0.0,0.0,0.0,0.0,0.0,0.0,0.0,0.0,1.0,0.0,1.0,0,0,0,0,0,0,benign,0,-,CTU-IoT-Malware-Capture-1-1,0,none,none,0.0,0.0
40,17,0.0,1,0,0.0,0.0,0.0,40,40,0.0,1,0,0,0,1.0,0.0,1,1,0.0,0.0,0,1,0,0,0,0,0,1,1.0,0.0,0.0,0.0,0.0,0.0,0.0,0.0,0.0,0.0,0.0,0.0,0.0,0.0,0.0,0.0,0.0,0.0,0.0,0.0,0.0,0.0,0.0,1.0,0.0,1.0,0,0,0,0,0,0,benign,0,-,CTU-IoT-Malware-Capture-1-1,0,none,none,0.0,0.0
20,6,0.0,1,0,0.0,0.0,0.0,20,20,0.0,1,0,0,0,1.0,0.0,1,1,0.0,0.0,2,1,0,0,0,0,0,1,1.0,0.0,0.0,0.0,0.0,0.0,0.0,0.0,0.0,0.0,0.0,0.0,0.0,0.0,0.0,0.0,0.0,0.0,0.0,0.5,0.0,0.0,0.0,1.0,0.0,0.0,0,0,1,0,0,0,malicious,1,PartOfAHorizontalPortScan,CTU-IoT-Malware-Capture-1-1,1,fragmentation,medium,2.0,3.0
60,6,0.0,1,0,0.0,0.0,0.0,60,60,0.0,1,0,0,0,1.0,0.0,1,1,0.0,0.0,0,1,0,0,0,0,0,1,1.0,0.0,0.0,0.0,0.0,0.0,0.0,0.0,0.0,0.0,0.0,0.0,0.0,0.0,0.0,0.0,0.0,0.0,0.0,0.0,0.0,0.0,0.0,1.0,0.0,1.0,0,0,0,0,0,0,benign,0,-,CTU-IoT-Malware-Capture-1-1,0,none,none,0.0,0.0
20,6,0.0,1,0,0.0,0.0,0.0,20,20,0.0,1,0,0,0,1.0,0.0,1,1,0.0,0.0,2,1,0,0,0,0,0,1,1.0,0.0,0.0,0.0,0.0,0.0,0.0,0.0,0.0,0.0,0.0,0.0,0.0,0.0,0.0,0.0,0.0,0.0,0.0,0.5,0.0,0.0,0.0,1.0,0.0,0.0,0,0,1,0,0,0,malicious,1,PartOfAHorizontalPortScan,CTU-IoT-Malware-Capture-1-1,1,fragmentation,medium,1.0,3.0
60,6,0.0,1,0,0.0,0.0,0.0,60,60,0.0,1,0,0,0,1.0,0.0,1,1,0.0,0.0,0,1,0,0,0,0,0,1,1.0,0.0,0.0,0.0,0.0,0.0,0.0,0.0,0.0,0.0,0.0,0.0,0.0,0.0,0.0,0.0,0.0,0.0,0.0,0.0,0.0,0.0,0.0,1.0,0.0,1.0,0,0,0,0,0,0,malicious,1,PartOfAHorizontalPortScan,CTU-IoT-Malware-Capture-1-1,1,fragmentation,medium,0.0,0.0
40,17,0.0,1,0,0.0,0.0,0.0,40,40,0.0,1,0,0,0,1.0,0.0,1,1,0.0,0.0,0,1,0,0,0,0,0,1,1.0,0.0,0.0,0.0,0.0,0.0,0.0,0.0,0.0,0.0,0.0,0.0,0.0,0.0,0.0,0.0,0.0,0.0,0.0,0.0,0.0,0.0,0.0,1.0,0.0,1.0,0,0,0,0,0,0,benign,0,-,CTU-IoT-Malware-Capture-1-1,0,none,none,0.0,0.0
40,17,0.0,1,0,0.0,0.0,0.0,40,40,0.0,1,0,0,0,1.0,0.0,1,1,0.0,0.0,0,1,0,0,0,0,0,1,1.0,0.0,0.0,0.0,0.0,0.0,0.0,0.0,0.0,0.0,0.0,0.0,0.0,0.0,0.0,0.0,0.0,0.0,0.0,0.0,0.0,0.0,0.0,1.0,0.0,1.0,0,0,0,0,0,0,benign,0,-,CTU-IoT-Malware-Capture-1-1,0,none,none,0.0,0.0
40,17,0.0,1,0,0.0,0.0,0.0,40,40,0.0,1,0,0,0,1.0,0.0,1,1,0.0,0.0,0,1,0,0,0,0,0,1,1.0,0.0,0.0,0.0,0.0,0.0,0.0,0.0,0.0,0.0,0.0,0.0,0.0,0.0,0.0,0.0,0.0,0.0,0.0,0.0,0.0,0.0,0.0,1.0,0.0,1.0,0,0,0,0,0,0,benign,0,-,CTU-IoT-Malware-Capture-1-1,0,none,none,0.0,0.0
40,17,0.0,1,0,0.0,0.0,0.0,40,40,0.0,1,0,0,0,1.0,0.0,1,1,0.0,0.0,0,1,0,0,0,0,0,1,1.0,0.0,0.0,0.0,0.0,0.0,0.0,0.0,0.0,0.0,0.0,0.0,0.0,0.0,0.0,0.0,0.0,0.0,0.0,0.0,0.0,0.0,0.0,1.0,0.0,1.0,0,0,0,0,0,0,benign,0,-,CTU-IoT-Malware-Capture-1-1,0,none,none,0.0,0.0
45,6,2.99881,3,0,1.000396824073549,0.0,0.0,45,45,0.0,3,0,0,0,3.0,0.0,1,1,0.0,0.0,3,1,0,0,0,0,0,1,1.0,0.0,0.0,0.0,0.0,0.0,0.0,0.0,0.0,0.0,0.0,0.0,0.0,0.0,0.0,0.0,2.99881,0.0,0.0,0.75,0.0,0.0,0.0,1.0,0.0,0.0,0,0,1,0,0,0,malicious,1,PartOfAHorizontalPortScan,CTU-IoT-Malware-Capture-1-1,1,fragmentation,medium,0.0,4.0
36,6,2.998815,3,0,1.0003951560866542,0.0,0.0,36,36,0.0,3,0,0,0,3.0,0.0,1,1,0.0,0.0,4,1,0,0,0,0,0,1,1.0,0.0,0.0,0.0,0.0,0.0,0.0,0.0,0.0,0.0,0.0,0.0,0.0,0.0,0.0,0.0,2.998815,0.0,0.0,1.0,0.0,0.0,0.0,1.0,0.0,0.0,0,0,1,0,0,0,malicious,1,PartOfAHorizontalPortScan,CTU-IoT-Malware-Capture-1-1,1,fragmentation,medium,3.0,5.0
40,17,0.0,1,0,0.0,0.0,0.0,40,40,0.0,1,0,0,0,1.0,0.0,1,1,0.0,0.0,0,1,0,0,0,0,0,1,1.0,0.0,0.0,0.0,0.0,0.0,0.0,0.0,0.0,0.0,0.0,0.0,0.0,0.0,0.0,0.0,0.0,0.0,0.0,0.0,0.0,0.0,0.0,1.0,0.0,1.0,0,0,0,0,0,0,benign,0,-,CTU-IoT-Malware-Capture-1-1,0,none,none,0.0,0.0
40,17,0.0,1,0,0.0,0.0,0.0,40,40,0.0,1,0,0,0,1.0,0.0,1,1,0.0,0.0,0,1,0,0,0,0,0,1,1.0,0.0,0.0,0.0,0.0,0.0,0.0,0.0,0.0,0.0,0.0,0.0,0.0,0.0,0.0,0.0,0.0,0.0,0.0,0.0,0.0,0.0,0.0,1.0,0.0,1.0,0,0,0,0,0,0,benign,0,-,CTU-IoT-Malware-Capture-1-1,0,none,none,0.0,0.0
152,17,0.003737,2,96,535.1886540005352,25689.05539202569,48.0,152,152,0.0,1,1,48,48,1.0,1.0,1,1,0.0,0.0,0,1,0,1,0,0,0,2,0.5,0.0,0.5,0.0,0.0,0.0,0.0,0.0,0.0,0.0,0.0,0.0,0.0,0.0,0.0,0.0,0.003737,0.0,0.0,0.0,0.0,0.0,0.0,1.0,0.0,1.0,0,0,0,0,0,0,benign,0,-,CTU-IoT-Malware-Capture-1-1,0,none,none,0.0,0.0
60,6,0.0,1,0,0.0,0.0,0.0,60,60,0.0,1,0,0,0,1.0,0.0,1,1,0.0,0.0,0,1,0,0,0,0,0,1,1.0,0.0,0.0,0.0,0.0,0.0,0.0,0.0,0.0,0.0,0.0,0.0,0.0,0.0,0.0,0.0,0.0,0.0,0.0,0.0,0.0,0.0,0.0,1.0,0.0,1.0,0,0,0,0,0,0,malicious,1,PartOfAHorizontalPortScan,CTU-IoT-Malware-Capture-1-1,1,fragmentation,medium,0.0,0.0
40,17,0.0,1,0,0.0,0.0,0.0,40,40,0.0,1,0,0,0,1.0,0.0,1,1,0.0,0.0,0,1,0,0,0,0,0,1,1.0,0.0,0.0,0.0,0.0,0.0,0.0,0.0,0.0,0.0,0.0,0.0,0.0,0.0,0.0,0.0,0.0,0.0,0.0,0.0,0.0,0.0,0.0,1.0,0.0,1.0,0,0,0,0,0,0,benign,0,-,CTU-IoT-Malware-Capture-1-1,0,none,none,0.0,0.0
40,17,0.0,1,0,0.0,0.0,0.0,40,40,0.0,1,0,0,0,1.0,0.0,1,1,0.0,0.0,0,1,0,0,0,0,0,1,1.0,0.0,0.0,0.0,0.0,0.0,0.0,0.0,0.0,0.0,0.0,0.0,0.0,0.0,0.0,0.0,0.0,0.0,0.0,0.0,0.0,0.0,0.0,1.0,0.0,1.0,0,0,0,0,0,0,benign,0,-,CTU-IoT-Malware-Capture-1-1,0,none,none,0.0,0.0
60,6,0.0,1,0,0.0,0.0,0.0,60,60,0.0,1,0,0,0,1.0,0.0,1,1,0.0,0.0,0,1,0,0,0,0,0,1,1.0,0.0,0.0,0.0,0.0,0.0,0.0,0.0,0.0,0.0,0.0,0.0,0.0,0.0,0.0,0.0,0.0,0.0,0.0,0.0,0.0,0.0,0.0,1.0,0.0,1.0,0,0,0,0,0,0,malicious,1,PartOfAHorizontalPortScan,CTU-IoT-Malware-Capture-1-1,1,fragmentation,medium,0.0,0.0
60,6,0.0,1,0,0.0,0.0,0.0,60,60,0.0,1,0,0,0,1.0,0.0,1,1,0.0,0.0,0,1,0,0,0,0,0,1,1.0,0.0,0.0,0.0,0.0,0.0,0.0,0.0,0.0,0.0,0.0,0.0,0.0,0.0,0.0,0.0,0.0,0.0,0.0,0.0,0.0,0.0,0.0,1.0,0.0,1.0,0,0,0,0,0,0,malicious,1,PartOfAHorizontalPortScan,CTU-IoT-Malware-Capture-1-1,1,fragmentation,medium,0.0,0.0
180,6,2.998821,3,0,1.0003931545097224,0.0,0.0,180,180,0.0,3,0,0,0,3.0,0.0,1,1,0.0,0.0,0,1,0,0,0,0,0,1,1.0,0.0,0.0,0.0,0.0,0.0,0.0,0.0,0.0,0.0,0.0,0.0,0.0,0.0,0.0,0.0,2.998821,0.0,0.0,0.0,0.0,0.0,0.0,1.0,0.0,1.0,0,0,0,0,0,0,malicious,1,PartOfAHorizontalPortScan,CTU-IoT-Malware-Capture-1-1,1,fragmentation,medium,0.0,0.0
40,17,0.0,1,0,0.0,0.0,0.0,40,40,0.0,1,0,0,0,1.0,0.0,1,1,0.0,0.0,0,1,0,0,0,0,0,1,1.0,0.0,0.0,0.0,0.0,0.0,0.0,0.0,0.0,0.0,0.0,0.0,0.0,0.0,0.0,0.0,0.0,0.0,0.0,0.0,0.0,0.0,0.0,1.0,0.0,1.0,0,0,0,0,0,0,benign,0,-,CTU-IoT-Malware-Capture-1-1,0,none,none,0.0,0.0
40,17,0.0,1,0,0.0,0.0,0.0,40,40,0.0,1,0,0,0,1.0,0.0,1,1,0.0,0.0,0,1,0,0,0,0,0,1,1.0,0.0,0.0,0.0,0.0,0.0,0.0,0.0,0.0,0.0,0.0,0.0,0.0,0.0,0.0,0.0,0.0,0.0,0.0,0.0,0.0,0.0,0.0,1.0,0.0,1.0,0,0,0,0,0,0,benign,0,-,CTU-IoT-Malware-Capture-1-1,0,none,none,0.0,0.0
40,17,0.0,1,0,0.0,0.0,0.0,40,40,0.0,1,0,0,0,1.0,0.0,1,1,0.0,0.0,0,1,0,0,0,0,0,1,1.0,0.0,0.0,0.0,0.0,0.0,0.0,0.0,0.0,0.0,0.0,0.0,0.0,0.0,0.0,0.0,0.0,0.0,0.0,0.0,0.0,0.0,0.0,1.0,0.0,1.0,0,0,0,0,0,0,benign,0,-,CTU-IoT-Malware-Capture-1-1,0,none,none,0.0,0.0
60,6,0.0,1,0,0.0,0.0,0.0,60,60,0.0,1,0,0,0,1.0,0.0,1,1,0.0,0.0,0,1,0,0,0,0,0,1,1.0,0.0,0.0,0.0,0.0,0.0,0.0,0.0,0.0,0.0,0.0,0.0,0.0,0.0,0.0,0.0,0.0,0.0,0.0,0.0,0.0,0.0,0.0,1.0,0.0,1.0,0,0,0,0,0,0,malicious,1,PartOfAHorizontalPortScan,CTU-IoT-Malware-Capture-1-1,1,fragmentation,medium,0.0,0.0
60,6,0.0,1,0,0.0,0.0,0.0,60,60,0.0,1,0,0,0,1.0,0.0,1,1,0.0,0.0,0,1,0,0,0,0,0,1,1.0,0.0,0.0,0.0,0.0,0.0,0.0,0.0,0.0,0.0,0.0,0.0,0.0,0.0,0.0,0.0,0.0,0.0,0.0,0.0,0.0,0.0,0.0,1.0,0.0,1.0,0,0,0,0,0,0,malicious,1,PartOfAHorizontalPortScan,CTU-IoT-Malware-Capture-1-1,1,fragmentation,medium,0.0,0.0
20,6,0.0,1,0,0.0,0.0,0.0,20,20,0.0,1,0,0,0,1.0,0.0,1,1,0.0,0.0,2,1,0,0,0,0,0,1,1.0,0.0,0.0,0.0,0.0,0.0,0.0,0.0,0.0,0.0,0.0,0.0,0.0,0.0,0.0,0.0,0.0,0.0,0.0,0.5,0.0,0.0,0.0,1.0,0.0,0.0,0,0,1,0,0,0,malicious,1,PartOfAHorizontalPortScan,CTU-IoT-Malware-Capture-1-1,1,fragmentation,medium,1.0,3.0
40,17,0.0,1,0,0.0,0.0,0.0,40,40,0.0,1,0,0,0,1.0,0.0,1,1,0.0,0.0,0,1,0,0,0,0,0,1,1.0,0.0,0.0,0.0,0.0,0.0,0.0,0.0,0.0,0.0,0.0,0.0,0.0,0.0,0.0,0.0,0.0,0.0,0.0,0.0,0.0,0.0,0.0,1.0,0.0,1.0,0,0,0,0,0,0,benign,0,-,CTU-IoT-Malware-Capture-1-1,0,none,none,0.0,0.0
20,6,0.0,1,0,0.0,0.0,0.0,20,20,0.0,1,0,0,0,1.0,0.0,1,1,0.0,0.0,3,1,0,0,0,0,0,1,1.0,0.0,0.0,0.0,0.0,0.0,0.0,0.0,0.0,0.0,0.0,0.0,0.0,0.0,0.0,0.0,0.0,0.0,0.0,0.75,0.0,0.0,0.0,1.0,0.0,0.0,0,0,1,0,0,0,malicious,1,PartOfAHorizontalPortScan,CTU-IoT-Malware-Capture-1-1,1,fragmentation,medium,3.0,4.0
60,6,0.0,1,0,0.0,0.0,0.0,60,60,0.0,1,0,0,0,1.0,0.0,1,1,0.0,0.0,0,1,0,0,0,0,0,1,1.0,0.0,0.0,0.0,0.0,0.0,0.0,0.0,0.0,0.0,0.0,0.0,0.0,0.0,0.0,0.0,0.0,0.0,0.0,0.0,0.0,0.0,0.0,1.0,0.0,1.0,0,0,0,0,0,0,malicious,1,PartOfAHorizontalPortScan,CTU-IoT-Malware-Capture-1-1,1,fragmentation,medium,0.0,0.0
60,6,0.0,1,0,0.0,0.0,0.0,60,60,0.0,1,0,0,0,1.0,0.0,1,1,0.0,0.0,0,1,0,0,0,0,0,1,1.0,0.0,0.0,0.0,0.0,0.0,0.0,0.0,0.0,0.0,0.0,0.0,0.0,0.0,0.0,0.0,0.0,0.0,0.0,0.0,0.0,0.0,0.0,1.0,0.0,1.0,0,0,0,0,0,0,benign,0,-,CTU-IoT-Malware-Capture-1-1,0,none,none,0.0,0.0
40,6,1.738289,3,0,1.7258350021199007,0.0,0.0,40,40,0.0,2,1,0,0,2.0,0.0,1,1,0.0,0.0,3,0,0,0,1,0,0,1,0.0,0.0,0.0,1.0,0.0,0.0,0.0,0.0,0.0,0.0,0.0,0.0,0.0,0.0,0.0,0.0,1.738289,0.0,0.0,0.75,0.0,0.0,0.0,1.0,0.0,0.0,0,0,1,0,0,0,malicious,1,PartOfAHorizontalPortScan,CTU-IoT-Malware-Capture-1-1,1,fragmentation,medium,1.0,4.0
20,6,0.0,1,0,0.0,0.0,0.0,20,20,0.0,1,0,0,0,1.0,0.0,1,1,0.0,0.0,4,1,0,0,0,0,0,1,1.0,0.0,0.0,0.0,0.0,0.0,0.0,0.0,0.0,0.0,0.0,0.0,0.0,0.0,0.0,0.0,0.0,0.0,0.0,1.0,0.0,0.0,0.0,1.0,0.0,0.0,0,0,1,0,0,0,malicious,1,PartOfAHorizontalPortScan,CTU-IoT-Malware-Capture-1-1,1,fragmentation,medium,4.0,5.0
40,17,0.0,1,0,0.0,0.0,0.0,40,40,0.0,1,0,0,0,1.0,0.0,1,1,0.0,0.0,0,1,0,0,0,0,0,1,1.0,0.0,0.0,0.0,0.0,0.0,0.0,0.0,0.0,0.0,0.0,0.0,0.0,0.0,0.0,0.0,0.0,0.0,0.0,0.0,0.0,0.0,0.0,1.0,0.0,1.0,0,0,0,0,0,0,benign,0,-,CTU-IoT-Malware-Capture-1-1,0,none,none,0.0,0.0
40,17,0.0,1,0,0.0,0.0,0.0,40,40,0.0,1,0,0,0,1.0,0.0,1,1,0.0,0.0,0,1,0,0,0,0,0,1,1.0,0.0,0.0,0.0,0.0,0.0,0.0,0.0,0.0,0.0,0.0,0.0,0.0,0.0,0.0,0.0,0.0,0.0,0.0,0.0,0.0,0.0,0.0,1.0,0.0,1.0,0,0,0,0,0,0,benign,0,-,CTU-IoT-Malware-Capture-1-1,0,none,none,0.0,0.0
68,1,0.0,1,0,0.0,0.0,0.0,68,68,0.0,1,0,0,0,1.0,0.0,1,1,0.0,0.0,0,0,0,0,0,0,0,0,0.0,0.0,0.0,0.0,0.0,0.0,0.0,0.0,0.0,0.0,0.0,0.0,0.0,0.0,0.0,0.0,0.0,0.0,0.0,0.0,0.0,0.0,0.0,1.0,0.0,1.0,0,0,0,0,0,0,benign,0,-,CTU-IoT-Malware-Capture-1-1,0,none,none,0.0,0.0
20,6,0.0,1,0,0.0,0.0,0.0,20,20,0.0,1,0,0,0,1.0,0.0,1,1,0.0,0.0,2,1,0,0,0,0,0,1,1.0,0.0,0.0,0.0,0.0,0.0,0.0,0.0,0.0,0.0,0.0,0.0,0.0,0.0,0.0,0.0,0.0,0.0,0.0,0.5,0.0,0.0,0.0,1.0,0.0,0.0,0,0,1,0,0,0,malicious,1,PartOfAHorizontalPortScan,CTU-IoT-Malware-Capture-1-1,1,fragmentation,medium,2.0,3.0
60,6,0.0,1,0,0.0,0.0,0.0,60,60,0.0,1,0,0,0,1.0,0.0,1,1,0.0,0.0,0,1,0,0,0,0,0,1,1.0,0.0,0.0,0.0,0.0,0.0,0.0,0.0,0.0,0.0,0.0,0.0,0.0,0.0,0.0,0.0,0.0,0.0,0.0,0.0,0.0,0.0,0.0,1.0,0.0,1.0,0,0,0,0,0,0,malicious,1,PartOfAHorizontalPortScan,CTU-IoT-Malware-Capture-1-1,1,fragmentation,medium,0.0,0.0
180,6,2.999072,3,0,1.000309429050053,0.0,0.0,180,180,0.0,3,0,0,0,3.0,0.0,1,1,0.0,0.0,0,1,0,0,0,0,0,1,1.0,0.0,0.0,0.0,0.0,0.0,0.0,0.0,0.0,0.0,0.0,0.0,0.0,0.0,0.0,0.0,2.999072,0.0,0.0,0.0,0.0,0.0,0.0,1.0,0.0,1.0,0,0,0,0,0,0,malicious,1,PartOfAHorizontalPortScan,CTU-IoT-Malware-Capture-1-1,1,fragmentation,medium,0.0,0.0
60,6,2.999057,3,0,1.0003144321698454,0.0,0.0,60,60,0.0,3,0,0,0,3.0,0.0,1,1,0.0,0.0,2,1,0,0,0,0,0,1,1.0,0.0,0.0,0.0,0.0,0.0,0.0,0.0,0.0,0.0,0.0,0.0,0.0,0.0,0.0,0.0,2.999057,0.0,0.0,0.5,0.0,0.0,0.0,1.0,0.0,0.0,0,0,1,0,0,0,malicious,1,PartOfAHorizontalPortScan,CTU-IoT-Malware-Capture-1-1,1,fragmentation,medium,1.0,3.0
40,17,0.0,1,0,0.0,0.0,0.0,40,40,0.0,1,0,0,0,1.0,0.0,1,1,0.0,0.0,0,1,0,0,0,0,0,1,1.0,0.0,0.0,0.0,0.0,0.0,0.0,0.0,0.0,0.0,0.0,0.0,0.0,0.0,0.0,0.0,0.0,0.0,0.0,0.0,0.0,0.0,0.0,1.0,0.0,1.0,0,0,0,0,0,0,benign,0,-,CTU-IoT-Malware-Capture-1-1,0,none,none,0.0,0.0
60,6,0.0,1,0,0.0,0.0,0.0,60,60,0.0,1,0,0,0,1.0,0.0,1,1,0.0,0.0,0,1,0,0,0,0,0,1,1.0,0.0,0.0,0.0,0.0,0.0,0.0,0.0,0.0,0.0,0.0,0.0,0.0,0.0,0.0,0.0,0.0,0.0,0.0,0.0,0.0,0.0,0.0,1.0,0.0,1.0,0,0,0,0,0,0,malicious,1,PartOfAHorizontalPortScan,CTU-IoT-Malware-Capture-1-1,1,fragmentation,medium,0.0,0.0
20,6,0.0,1,0,0.0,0.0,0.0,20,20,0.0,1,0,0,0,1.0,0.0,1,1,0.0,0.0,4,1,0,0,0,0,0,1,1.0,0.0,0.0,0.0,0.0,0.0,0.0,0.0,0.0,0.0,0.0,0.0,0.0,0.0,0.0,0.0,0.0,0.0,0.0,1.0,0.0,0.0,0.0,1.0,0.0,0.0,0,0,1,0,0,0,malicious,1,PartOfAHorizontalPortScan,CTU-IoT-Malware-Capture-1-1,1,fragmentation,medium,2.0,5.0
36,6,2.99905,3,0,1.0003167669762092,0.0,0.0,36,36,0.0,3,0,0,0,3.0,0.0,1,1,0.0,0.0,4,1,0,0,0,0,0,1,1.0,0.0,0.0,0.0,0.0,0.0,0.0,0.0,0.0,0.0,0.0,0.0,0.0,0.0,0.0,0.0,2.99905,0.0,0.0,1.0,0.0,0.0,0.0,1.0,0.0,0.0,0,0,1,0,0,0,malicious,1,PartOfAHorizontalPortScan,CTU-IoT-Malware-Capture-1-1,1,fragmentation,medium,2.0,5.0
40,17,0.0,1,0,0.0,0.0,0.0,40,40,0.0,1,0,0,0,1.0,0.0,1,1,0.0,0.0,0,1,0,0,0,0,0,1,1.0,0.0,0.0,0.0,0.0,0.0,0.0,0.0,0.0,0.0,0.0,0.0,0.0,0.0,0.0,0.0,0.0,0.0,0.0,0.0,0.0,0.0,0.0,1.0,0.0,1.0,0,0,0,0,0,0,benign,0,-,CTU-IoT-Malware-Capture-1-1,0,none,none,0.0,0.0
40,17,0.0,1,0,0.0,0.0,0.0,40,40,0.0,1,0,0,0,1.0,0.0,1,1,0.0,0.0,0,1,0,0,0,0,0,1,1.0,0.0,0.0,0.0,0.0,0.0,0.0,0.0,0.0,0.0,0.0,0.0,0.0,0.0,0.0,0.0,0.0,0.0,0.0,0.0,0.0,0.0,0.0,1.0,0.0,1.0,0,0,0,0,0,0,benign,0,-,CTU-IoT-Malware-Capture-1-1,0,none,none,0.0,0.0
45,6,2.999057,3,0,1.0003144321698454,0.0,0.0,45,45,0.0,3,0,0,0,3.0,0.0,1,1,0.0,0.0,3,1,0,0,0,0,0,1,1.0,0.0,0.0,0.0,0.0,0.0,0.0,0.0,0.0,0.0,0.0,0.0,0.0,0.0,0.0,0.0,2.999057,0.0,0.0,0.75,0.0,0.0,0.0,1.0,0.0,0.0,0,0,1,0,0,0,malicious,1,PartOfAHorizontalPortScan,CTU-IoT-Malware-Capture-1-1,1,fragmentation,medium,1.0,4.0
20,6,0.0,1,0,0.0,0.0,0.0,20,20,0.0,1,0,0,0,1.0,0.0,1,1,0.0,0.0,3,1,0,0,0,0,0,1,1.0,0.0,0.0,0.0,0.0,0.0,0.0,0.0,0.0,0.0,0.0,0.0,0.0,0.0,0.0,0.0,0.0,0.0,0.0,0.75,0.0,0.0,0.0,1.0,0.0,0.0,0,0,1,0,0,0,malicious,1,PartOfAHorizontalPortScan,CTU-IoT-Malware-Capture-1-1,1,fragmentation,medium,0.0,4.0
40,17,0.0,1,0,0.0,0.0,0.0,40,40,0.0,1,0,0,0,1.0,0.0,1,1,0.0,0.0,0,1,0,0,0,0,0,1,1.0,0.0,0.0,0.0,0.0,0.0,0.0,0.0,0.0,0.0,0.0,0.0,0.0,0.0,0.0,0.0,0.0,0.0,0.0,0.0,0.0,0.0,0.0,1.0,0.0,1.0,0,0,0,0,0,0,benign,0,-,CTU-IoT-Malware-Capture-1-1,0,none,none,0.0,0.0
40,17,0.0,1,0,0.0,0.0,0.0,40,40,0.0,1,0,0,0,1.0,0.0,1,1,0.0,0.0,0,1,0,0,0,0,0,1,1.0,0.0,0.0,0.0,0.0,0.0,0.0,0.0,0.0,0.0,0.0,0.0,0.0,0.0,0.0,0.0,0.0,0.0,0.0,0.0,0.0,0.0,0.0,1.0,0.0,1.0,0,0,0,0,0,0,benign,0,-,CTU-IoT-Malware-Capture-1-1,0,none,none,0.0,0.0
20,6,0.0,1,0,0.0,0.0,0.0,20,20,0.0,1,0,0,0,1.0,0.0,1,1,0.0,0.0,4,1,0,0,0,0,0,1,1.0,0.0,0.0,0.0,0.0,0.0,0.0,0.0,0.0,0.0,0.0,0.0,0.0,0.0,0.0,0.0,0.0,0.0,0.0,1.0,0.0,0.0,0.0,1.0,0.0,0.0,0,0,1,0,0,0,malicious,1,PartOfAHorizontalPortScan,CTU-IoT-Malware-Capture-1-1,1,fragmentation,medium,3.0,5.0
25,6,0.120683,2,0,16.572342417739037,0.0,0.0,25,25,0.0,1,1,0,0,1.0,0.0,1,1,0.0,0.0,3,0,0,0,1,0,0,1,0.0,0.0,0.0,1.0,0.0,0.0,0.0,0.0,0.0,0.0,0.0,0.0,0.0,0.0,0.0,0.0,0.120683,0.0,0.0,0.75,0.0,0.0,0.0,1.0,0.0,0.0,0,0,1,0,0,0,malicious,1,PartOfAHorizontalPortScan,CTU-IoT-Malware-Capture-1-1,1,fragmentation,medium,0.0,4.0
20,6,0.0,1,0,0.0,0.0,0.0,20,20,0.0,1,0,0,0,1.0,0.0,1,1,0.0,0.0,3,1,0,0,0,0,0,1,1.0,0.0,0.0,0.0,0.0,0.0,0.0,0.0,0.0,0.0,0.0,0.0,0.0,0.0,0.0,0.0,0.0,0.0,0.0,0.75,0.0,0.0,0.0,1.0,0.0,0.0,0,0,1,0,0,0,malicious,1,PartOfAHorizontalPortScan,CTU-IoT-Malware-Capture-1-1,1,fragmentation,medium,0.0,4.0
60,6,0.0,1,0,0.0,0.0,0.0,60,60,0.0,1,0,0,0,1.0,0.0,1,1,0.0,0.0,0,1,0,0,0,0,0,1,1.0,0.0,0.0,0.0,0.0,0.0,0.0,0.0,0.0,0.0,0.0,0.0,0.0,0.0,0.0,0.0,0.0,0.0,0.0,0.0,0.0,0.0,0.0,1.0,0.0,1.0,0,0,0,0,0,0,malicious,1,PartOfAHorizontalPortScan,CTU-IoT-Malware-Capture-1-1,1,fragmentation,medium,0.0,0.0
40,17,0.0,1,0,0.0,0.0,0.0,40,40,0.0,1,0,0,0,1.0,0.0,1,1,0.0,0.0,0,1,0,0,0,0,0,1,1.0,0.0,0.0,0.0,0.0,0.0,0.0,0.0,0.0,0.0,0.0,0.0,0.0,0.0,0.0,0.0,0.0,0.0,0.0,0.0,0.0,0.0,0.0,1.0,0.0,1.0,0,0,0,0,0,0,benign,0,-,CTU-IoT-Malware-Capture-1-1,0,none,none,0.0,0.0
40,6,1.738289,3,0,1.7258350021199007,0.0,0.0,40,40,0.0,2,1,0,0,2.0,0.0,1,1,0.0,0.0,3,0,0,0,1,0,0,1,0.0,0.0,0.0,1.0,0.0,0.0,0.0,0.0,0.0,0.0,0.0,0.0,0.0,0.0,0.0,0.0,1.738289,0.0,0.0,0.75,0.0,0.0,0.0,1.0,0.0,0.0,0,0,1,0,0,0,malicious,1,PartOfAHorizontalPortScan,CTU-IoT-Malware-Capture-1-1,1,fragmentation,medium,0.0,4.0
180,6,2.998806,3,0,1.0003981584670698,0.0,0.0,180,180,0.0,3,0,0,0,3.0,0.0,1,1,0.0,0.0,0,1,0,0,0,0,0,1,1.0,0.0,0.0,0.0,0.0,0.0,0.0,0.0,0.0,0.0,0.0,0.0,0.0,0.0,0.0,0.0,2.998806,0.0,0.0,0.0,0.0,0.0,0.0,1.0,0.0,1.0,0,0,0,0,0,0,malicious,1,PartOfAHorizontalPortScan,CTU-IoT-Malware-Capture-1-1,1,fragmentation,medium,0.0,0.0
56,1,0.0,1,0,0.0,0.0,0.0,56,56,0.0,1,0,0,0,1.0,0.0,1,1,0.0,0.0,0,0,0,0,0,0,0,0,0.0,0.0,0.0,0.0,0.0,0.0,0.0,0.0,0.0,0.0,0.0,0.0,0.0,0.0,0.0,0.0,0.0,0.0,0.0,0.0,0.0,0.0,0.0,1.0,0.0,1.0,0,0,0,0,0,0,benign,0,-,CTU-IoT-Malware-Capture-1-1,0,none,none,0.0,0.0
30,6,0.0,1,0,0.0,0.0,0.0,30,30,0.0,1,0,0,0,1.0,0.0,1,1,0.0,0.0,1,1,0,0,0,0,0,1,1.0,0.0,0.0,0.0,0.0,0.0,0.0,0.0,0.0,0.0,0.0,0.0,0.0,0.0,0.0,0.0,0.0,0.0,0.0,0.25,0.0,0.0,0.0,1.0,0.0,0.0,0,0,1,0,0,0,malicious,1,PartOfAHorizontalPortScan,CTU-IoT-Malware-Capture-1-1,1,fragmentation,medium,0.0,2.0
60,6,0.0,1,0,0.0,0.0,0.0,60,60,0.0,1,0,0,0,1.0,0.0,1,1,0.0,0.0,0,1,0,0,0,0,0,1,1.0,0.0,0.0,0.0,0.0,0.0,0.0,0.0,0.0,0.0,0.0,0.0,0.0,0.0,0.0,0.0,0.0,0.0,0.0,0.0,0.0,0.0,0.0,1.0,0.0,1.0,0,0,0,0,0,0,malicious,1,PartOfAHorizontalPortScan,CTU-IoT-Malware-Capture-1-1,1,fragmentation,medium,0.0,0.0
40,17,0.0,1,0,0.0,0.0,0.0,40,40,0.0,1,0,0,0,1.0,0.0,1,1,0.0,0.0,0,1,0,0,0,0,0,1,1.0,0.0,0.0,0.0,0.0,0.0,0.0,0.0,0.0,0.0,0.0,0.0,0.0,0.0,0.0,0.0,0.0,0.0,0.0,0.0,0.0,0.0,0.0,1.0,0.0,1.0,0,0,0,0,0,0,benign,0,-,CTU-IoT-Malware-Capture-1-1,0,none,none,0.0,0.0
60,6,0.0,1,0,0.0,0.0,0.0,60,60,0.0,1,0,0,0,1.0,0.0,1,1,0.0,0.0,0,1,0,0,0,0,0,1,1.0,0.0,0.0,0.0,0.0,0.0,0.0,0.0,0.0,0.0,0.0,0.0,0.0,0.0,0.0,0.0,0.0,0.0,0.0,0.0,0.0,0.0,0.0,1.0,0.0,1.0,0,0,0,0,0,0,malicious,1,PartOfAHorizontalPortScan,CTU-IoT-Malware-Capture-1-1,1,fragmentation,medium,0.0,0.0
60,6,0.0,1,0,0.0,0.0,0.0,60,60,0.0,1,0,0,0,1.0,0.0,1,1,0.0,0.0,0,1,0,0,0,0,0,1,1.0,0.0,0.0,0.0,0.0,0.0,0.0,0.0,0.0,0.0,0.0,0.0,0.0,0.0,0.0,0.0,0.0,0.0,0.0,0.0,0.0,0.0,0.0,1.0,0.0,1.0,0,0,0,0,0,0,malicious,1,PartOfAHorizontalPortScan,CTU-IoT-Malware-Capture-1-1,1,fragmentation,medium,0.0,0.0
40,17,0.0,1,0,0.0,0.0,0.0,40,40,0.0,1,0,0,0,1.0,0.0,1,1,0.0,0.0,0,1,0,0,0,0,0,1,1.0,0.0,0.0,0.0,0.0,0.0,0.0,0.0,0.0,0.0,0.0,0.0,0.0,0.0,0.0,0.0,0.0,0.0,0.0,0.0,0.0,0.0,0.0,1.0,0.0,1.0,0,0,0,0,0,0,benign,0,-,CTU-IoT-Malware-Capture-1-1,0,none,none,0.0,0.0
40,17,0.0,1,0,0.0,0.0,0.0,40,40,0.0,1,0,0,0,1.0,0.0,1,1,0.0,0.0,0,1,0,0,0,0,0,1,1.0,0.0,0.0,0.0,0.0,0.0,0.0,0.0,0.0,0.0,0.0,0.0,0.0,0.0,0.0,0.0,0.0,0.0,0.0,0.0,0.0,0.0,0.0,1.0,0.0,1.0,0,0,0,0,0,0,benign,0,-,CTU-IoT-Malware-Capture-1-1,0,none,none,0.0,0.0
40,17,0.0,1,0,0.0,0.0,0.0,40,40,0.0,1,0,0,0,1.0,0.0,1,1,0.0,0.0,0,1,0,0,0,0,0,1,1.0,0.0,0.0,0.0,0.0,0.0,0.0,0.0,0.0,0.0,0.0,0.0,0.0,0.0,0.0,0.0,0.0,0.0,0.0,0.0,0.0,0.0,0.0,1.0,0.0,1.0,0,0,0,0,0,0,benign,0,-,CTU-IoT-Malware-Capture-1-1,0,none,none,0.0,0.0
180,6,2.998581,3,0,1.000473223834874,0.0,0.0,180,180,0.0,3,0,0,0,3.0,0.0,1,1,0.0,0.0,0,1,0,0,0,0,0,1,1.0,0.0,0.0,0.0,0.0,0.0,0.0,0.0,0.0,0.0,0.0,0.0,0.0,0.0,0.0,0.0,2.998581,0.0,0.0,0.0,0.0,0.0,0.0,1.0,0.0,1.0,0,0,0,0,0,0,malicious,1,PartOfAHorizontalPortScan,CTU-IoT-Malware-Capture-1-1,1,fragmentation,medium,0.0,0.0
40,17,0.0,1,0,0.0,0.0,0.0,40,40,0.0,1,0,0,0,1.0,0.0,1,1,0.0,0.0,0,1,0,0,0,0,0,1,1.0,0.0,0.0,0.0,0.0,0.0,0.0,0.0,0.0,0.0,0.0,0.0,0.0,0.0,0.0,0.0,0.0,0.0,0.0,0.0,0.0,0.0,0.0,1.0,0.0,1.0,0,0,0,0,0,0,benign,0,-,CTU-IoT-Malware-Capture-1-1,0,none,none,0.0,0.0
40,17,0.0,1,0,0.0,0.0,0.0,40,40,0.0,1,0,0,0,1.0,0.0,1,1,0.0,0.0,0,1,0,0,0,0,0,1,1.0,0.0,0.0,0.0,0.0,0.0,0.0,0.0,0.0,0.0,0.0,0.0,0.0,0.0,0.0,0.0,0.0,0.0,0.0,0.0,0.0,0.0,0.0,1.0,0.0,1.0,0,0,0,0,0,0,benign,0,-,CTU-IoT-Malware-Capture-1-1,0,none,none,0.0,0.0
40,17,0.0,1,0,0.0,0.0,0.0,40,40,0.0,1,0,0,0,1.0,0.0,1,1,0.0,0.0,0,1,0,0,0,0,0,1,1.0,0.0,0.0,0.0,0.0,0.0,0.0,0.0,0.0,0.0,0.0,0.0,0.0,0.0,0.0,0.0,0.0,0.0,0.0,0.0,0.0,0.0,0.0,1.0,0.0,1.0,0,0,0,0,0,0,benign,0,-,CTU-IoT-Malware-Capture-1-1,0,none,none,0.0,0.0
180,6,2.998812,3,0,1.0003961568781237,0.0,0.0,180,180,0.0,3,0,0,0,3.0,0.0,1,1,0.0,0.0,0,1,0,0,0,0,0,1,1.0,0.0,0.0,0.0,0.0,0.0,0.0,0.0,0.0,0.0,0.0,0.0,0.0,0.0,0.0,0.0,2.998812,0.0,0.0,0.0,0.0,0.0,0.0,1.0,0.0,1.0,0,0,0,0,0,0,malicious,1,PartOfAHorizontalPortScan,CTU-IoT-Malware-Capture-1-1,1,fragmentation,medium,0.0,0.0
25,6,0.120683,2,0,16.572342417739037,0.0,0.0,25,25,0.0,1,1,0,0,1.0,0.0,1,1,0.0,0.0,3,0,0,0,1,0,0,1,0.0,0.0,0.0,1.0,0.0,0.0,0.0,0.0,0.0,0.0,0.0,0.0,0.0,0.0,0.0,0.0,0.120683,0.0,0.0,0.75,0.0,0.0,0.0,1.0,0.0,0.0,0,0,1,0,0,0,malicious,1,PartOfAHorizontalPortScan,CTU-IoT-Malware-Capture-1-1,1,fragmentation,medium,1.0,4.0
20,6,0.0,1,0,0.0,0.0,0.0,20,20,0.0,1,0,0,0,1.0,0.0,1,1,0.0,0.0,4,1,0,0,0,0,0,1,1.0,0.0,0.0,0.0,0.0,0.0,0.0,0.0,0.0,0.0,0.0,0.0,0.0,0.0,0.0,0.0,0.0,0.0,0.0,1.0,0.0,0.0,0.0,1.0,0.0,0.0,0,0,1,0,0,0,malicious,1,PartOfAHorizontalPortScan,CTU-IoT-Malware-Capture-1-1,1,fragmentation,medium,4.0,5.0
60,6,0.0,1,0,0.0,0.0,0.0,60,60,0.0,1,0,0,0,1.0,0.0,1,1,0.0,0.0,0,1,0,0,0,0,0,1,1.0,0.0,0.0,0.0,0.0,0.0,0.0,0.0,0.0,0.0,0.0,0.0,0.0,0.0,0.0,0.0,0.0,0.0,0.0,0.0,0.0,0.0,0.0,1.0,0.0,1.0,0,0,0,0,0,0,malicious,1,PartOfAHorizontalPortScan,CTU-IoT-Malware-Capture-1-1,1,fragmentation,medium,0.0,0.0
40,17,0.0,1,0,0.0,0.0,0.0,40,40,0.0,1,0,0,0,1.0,0.0,1,1,0.0,0.0,0,1,0,0,0,0,0,1,1.0,0.0,0.0,0.0,0.0,0.0,0.0,0.0,0.0,0.0,0.0,0.0,0.0,0.0,0.0,0.0,0.0,0.0,0.0,0.0,0.0,0.0,0.0,1.0,0.0,1.0,0,0,0,0,0,0,benign,0,-,CTU-IoT-Malware-Capture-1-1,0,none,none,0.0,0.0
40,17,0.0,1,0,0.0,0.0,0.0,40,40,0.0,1,0,0,0,1.0,0.0,1,1,0.0,0.0,0,1,0,0,0,0,0,1,1.0,0.0,0.0,0.0,0.0,0.0,0.0,0.0,0.0,0.0,0.0,0.0,0.0,0.0,0.0,0.0,0.0,0.0,0.0,0.0,0.0,0.0,0.0,1.0,0.0,1.0,0,0,0,0,0,0,benign,0,-,CTU-IoT-Malware-Capture-1-1,0,none,none,0.0,0.0
40,17,0.0,1,0,0.0,0.0,0.0,40,40,0.0,1,0,0,0,1.0,0.0,1,1,0.0,0.0,0,1,0,0,0,0,0,1,1.0,0.0,0.0,0.0,0.0,0.0,0.0,0.0,0.0,0.0,0.0,0.0,0.0,0.0,0.0,0.0,0.0,0.0,0.0,0.0,0.0,0.0,0.0,1.0,0.0,1.0,0,0,0,0,0,0,benign,0,-,CTU-IoT-Malware-Capture-1-1,0,none,none,0.0,0.0
60,6,0.0,1,0,0.0,0.0,0.0,60,60,0.0,1,0,0,0,1.0,0.0,1,1,0.0,0.0,0,1,0,0,0,0,0,1,1.0,0.0,0.0,0.0,0.0,0.0,0.0,0.0,0.0,0.0,0.0,0.0,0.0,0.0,0.0,0.0,0.0,0.0,0.0,0.0,0.0,0.0,0.0,1.0,0.0,1.0,0,0,0,0,0,0,malicious,1,PartOfAHorizontalPortScan,CTU-IoT-Malware-Capture-1-1,1,fragmentation,medium,0.0,0.0
60,6,0.0,1,0,0.0,0.0,0.0,60,60,0.0,1,0,0,0,1.0,0.0,1,1,0.0,0.0,0,1,0,0,0,0,0,1,1.0,0.0,0.0,0.0,0.0,0.0,0.0,0.0,0.0,0.0,0.0,0.0,0.0,0.0,0.0,0.0,0.0,0.0,0.0,0.0,0.0,0.0,0.0,1.0,0.0,1.0,0,0,0,0,0,0,benign,0,-,CTU-IoT-Malware-Capture-1-1,0,none,none,0.0,0.0
60,6,0.0,1,0,0.0,0.0,0.0,60,60,0.0,1,0,0,0,1.0,0.0,1,1,0.0,0.0,0,1,0,0,0,0,0,1,1.0,0.0,0.0,0.0,0.0,0.0,0.0,0.0,0.0,0.0,0.0,0.0,0.0,0.0,0.0,0.0,0.0,0.0,0.0,0.0,0.0,0.0,0.0,1.0,0.0,1.0,0,0,0,0,0,0,malicious,1,PartOfAHorizontalPortScan,CTU-IoT-Malware-Capture-1-1,1,fragmentation,medium,0.0,0.0
60,6,0.0,1,0,0.0,0.0,0.0,60,60,0.0,1,0,0,0,1.0,0.0,1,1,0.0,0.0,0,1,0,0,0,0,0,1,1.0,0.0,0.0,0.0,0.0,0.0,0.0,0.0,0.0,0.0,0.0,0.0,0.0,0.0,0.0,0.0,0.0,0.0,0.0,0.0,0.0,0.0,0.0,1.0,0.0,1.0,0,0,0,0,0,0,malicious,1,PartOfAHorizontalPortScan,CTU-IoT-Malware-Capture-1-1,1,fragmentation,medium,0.0,0.0
152,17,0.003983,2,96,502.13406979663563,24102.43535023851,48.0,152,152,0.0,1,1,48,48,1.0,1.0,1,1,0.0,0.0,0,1,0,1,0,0,0,2,0.5,0.0,0.5,0.0,0.0,0.0,0.0,0.0,0.0,0.0,0.0,0.0,0.0,0.0,0.0,0.0,0.003983,0.0,0.0,0.0,0.0,0.0,0.0,1.0,0.0,1.0,0,0,0,0,0,0,benign,0,-,CTU-IoT-Malware-Capture-1-1,0,none,none,0.0,0.0
20,6,0.0,1,0,0.0,0.0,0.0,20,20,0.0,1,0,0,0,1.0,0.0,1,1,0.0,0.0,4,1,0,0,0,0,0,1,1.0,0.0,0.0,0.0,0.0,0.0,0.0,0.0,0.0,0.0,0.0,0.0,0.0,0.0,0.0,0.0,0.0,0.0,0.0,1.0,0.0,0.0,0.0,1.0,0.0,0.0,0,0,1,0,0,0,malicious,1,PartOfAHorizontalPortScan,CTU-IoT-Malware-Capture-1-1,1,fragmentation,medium,3.0,5.0
40,17,0.0,1,0,0.0,0.0,0.0,40,40,0.0,1,0,0,0,1.0,0.0,1,1,0.0,0.0,0,1,0,0,0,0,0,1,1.0,0.0,0.0,0.0,0.0,0.0,0.0,0.0,0.0,0.0,0.0,0.0,0.0,0.0,0.0,0.0,0.0,0.0,0.0,0.0,0.0,0.0,0.0,1.0,0.0,1.0,0,0,0,0,0,0,benign,0,-,CTU-IoT-Malware-Capture-1-1,0,none,none,0.0,0.0
36,6,2.99907,3,0,1.0003100961298002,0.0,0.0,36,36,0.0,3,0,0,0,3.0,0.0,1,1,0.0,0.0,4,1,0,0,0,0,0,1,1.0,0.0,0.0,0.0,0.0,0.0,0.0,0.0,0.0,0.0,0.0,0.0,0.0,0.0,0.0,0.0,2.99907,0.0,0.0,1.0,0.0,0.0,0.0,1.0,0.0,0.0,0,0,1,0,0,0,malicious,1,PartOfAHorizontalPortScan,CTU-IoT-Malware-Capture-1-1,1,fragmentation,medium,4.0,5.0
152,17,0.001239,2,96,1614.2050040355125,77481.8401937046,48.0,152,152,0.0,1,1,48,48,1.0,1.0,1,1,0.0,0.0,0,1,0,1,0,0,0,2,0.5,0.0,0.5,0.0,0.0,0.0,0.0,0.0,0.0,0.0,0.0,0.0,0.0,0.0,0.0,0.0,0.001239,0.0,0.0,0.0,0.0,0.0,0.0,1.0,0.0,1.0,0,0,0,0,0,0,benign,0,-,CTU-IoT-Malware-Capture-1-1,0,none,none,0.0,0.0
40,17,0.0,1,0,0.0,0.0,0.0,40,40,0.0,1,0,0,0,1.0,0.0,1,1,0.0,0.0,0,1,0,0,0,0,0,1,1.0,0.0,0.0,0.0,0.0,0.0,0.0,0.0,0.0,0.0,0.0,0.0,0.0,0.0,0.0,0.0,0.0,0.0,0.0,0.0,0.0,0.0,0.0,1.0,0.0,1.0,0,0,0,0,0,0,benign,0,-,CTU-IoT-Malware-Capture-1-1,0,none,none,0.0,0.0
40,17,0.0,1,0,0.0,0.0,0.0,40,40,0.0,1,0,0,0,1.0,0.0,1,1,0.0,0.0,0,1,0,0,0,0,0,1,1.0,0.0,0.0,0.0,0.0,0.0,0.0,0.0,0.0,0.0,0.0,0.0,0.0,0.0,0.0,0.0,0.0,0.0,0.0,0.0,0.0,0.0,0.0,1.0,0.0,1.0,0,0,0,0,0,0,benign,0,-,CTU-IoT-Malware-Capture-1-1,0,none,none,0.0,0.0
40,17,0.0,1,0,0.0,0.0,0.0,40,40,0.0,1,0,0,0,1.0,0.0,1,1,0.0,0.0,0,1,0,0,0,0,0,1,1.0,0.0,0.0,0.0,0.0,0.0,0.0,0.0,0.0,0.0,0.0,0.0,0.0,0.0,0.0,0.0,0.0,0.0,0.0,0.0,0.0,0.0,0.0,1.0,0.0,1.0,0,0,0,0,0,0,benign,0,-,CTU-IoT-Malware-Capture-1-1,0,none,none,0.0,0.0
20,6,0.0,1,0,0.0,0.0,0.0,20,20,0.0,1,0,0,0,1.0,0.0,1,1,0.0,0.0,3,1,0,0,0,0,0,1,1.0,0.0,0.0,0.0,0.0,0.0,0.0,0.0,0.0,0.0,0.0,0.0,0.0,0.0,0.0,0.0,0.0,0.0,0.0,0.75,0.0,0.0,0.0,1.0,0.0,0.0,0,0,1,0,0,0,malicious,1,PartOfAHorizontalPortScan,CTU-IoT-Malware-Capture-1-1,1,fragmentation,medium,1.0,4.0
40,17,0.0,1,0,0.0,0.0,0.0,40,40,0.0,1,0,0,0,1.0,0.0,1,1,0.0,0.0,0,1,0,0,0,0,0,1,1.0,0.0,0.0,0.0,0.0,0.0,0.0,0.0,0.0,0.0,0.0,0.0,0.0,0.0,0.0,0.0,0.0,0.0,0.0,0.0,0.0,0.0,0.0,1.0,0.0,1.0,0,0,0,0,0,0,benign,0,-,CTU-IoT-Malware-Capture-1-1,0,none,none,0.0,0.0
