packet_size,protocol,flow_duration,total_packets,total_bytes,packets_per_second,bytes_per_second,avg_packet_size,min_packet_size,max_packet_size,packet_size_std,forward_packet_count,backward_packet_count,forward_bytes,backward_bytes,packet_direction_ratio,flow_symmetry_ratio,unique_src_ports,unique_dst_ports,ttl_mean,ttl_std,ip_fragment_count,tcp_syn_count,tcp_ack_count,tcp_fin_count,tcp_rst_count,tcp_psh_count,tcp_urg_count,tcp_flag_total,tcp_syn_ratio,tcp_ack_ratio,tcp_fin_ratio,tcp_rst_ratio,tcp_psh_ratio,tcp_urg_ratio,retransmission_estimate,packet_size_entropy,timing_entropy,burstiness_score,packet_rate_variance,byte_rate_variance,payload_variability_score,inter_arrival_mean,inter_arrival_std,flow_idle_time,flow_active_time,packet_size_randomization_score,timing_jitter_score,fragmentation_anomaly_score,ttl_randomization_score,tos_randomization_score,window_randomization_score,header_consistency_score,timing_irregularity_score,flow_uniformity_score,obf_size_randomized,obf_timing_jittered,obf_fragmented,obf_ttl_randomized,obf_tos_randomized,obf_window_randomized,obf_jitter_ms,label,label_binary,attack_family,scenario_id,obfuscation_applied,obfuscation_type,obfuscation_severity
60,6,0.0,1,0,0.0,0.0,0.0,60,60,0.0,1,0,0,0,1.0,0.0,1,1,0.0,0.0,0,1,0,0,0,0,0,1,1.0,0.0,0.0,0.0,0.0,0.0,0.0,0.0,0.0,0.0,0.0,0.0,0.0,0.0,0.0,0.0,0.0,0.0,0.3928447735608448,0.0,0.0,0.0,0.0,1.0,0.3928447735608448,0.0,0,1,0,0,0,0,39.28447735608448,malicious,1,PartOfAHorizontalPortScan,CTU-IoT-Malware-Capture-1-1,1,timing_jitter,medium
180,6,2.999315,3,0,1.0002283854813516,0.0,0.0,180,180,0.0,3,0,0,0,3.0,0.0,1,1,0.0,0.0,0,1,0,0,0,0,0,1,1.0,0.0,0.0,0.0,0.0,0.0,0.0,0.0,0.0,0.0,0.0,0.0,0.0,0.0,0.0,0.0,2.999315,0.0,0.04045266066783906,0.0,0.0,0.0,0.0,1.0,0.04045266066783906,0.0,0,1,0,0,0,0,4.045266066783906,malicious,1,PartOfAHorizontalPortScan,CTU-IoT-Malware-Capture-1-1,1,timing_jitter,medium
40,17,0.0,1,0,0.0,0.0,0.0,40,40,0.0,1,0,0,0,1.0,0.0,1,1,0.0,0.0,0,1,0,0,0,0,0,1,1.0,0.0,0.0,0.0,0.0,0.0,0.0,0.0,0.0,0.0,0.0,0.0,0.0,0.0,0.0,0.0,0.0,0.0,0.0,0.0,0.0,0.0,0.0,1.0,0.0,1.0,0,0,0,0,0,0,0.0,benign,0,-,CTU-IoT-Malware-Capture-1-1,0,none,none
60,6,0.0,1,0,0.0,0.0,0.0,60,60,0.0,1,0,0,0,1.0,0.0,1,1,0.0,0.0,0,1,0,0,0,0,0,1,1.0,0.0,0.0,0.0,0.0,0.0,0.0,0.0,0.0,0.0,0.0,0.0,0.0,0.0,0.0,0.0,0.0,0.0,0.058879040862544675,0.0,0.0,0.0,0.0,1.0,0.058879040862544675,0.0,0,1,0,0,0,0,5.887904086254467,malicious,1,PartOfAHorizontalPortScan,CTU-IoT-Malware-Capture-1-1,1,timing_jitter,medium
180,6,2.998826,3,0,1.000391486535064,0.0,0.0,180,180,0.0,3,0,0,0,3.0,0.0,1,1,0.0,0.0,0,1,0,0,0,0,0,1,1.0,0.0,0.0,0.0,0.0,0.0,0.0,0.0,0.0,0.0,0.0,0.0,0.0,0.0,0.0,0.0,2.998826,0.0,0.17524650326682947,0.0,0.0,0.0,0.0,1.0,0.17524650326682947,0.0,0,1,0,0,0,0,17.52465032668295,malicious,1,PartOfAHorizontalPortScan,CTU-IoT-Malware-Capture-1-1,1,timing_jitter,medium
40,17,0.0,1,0,0.0,0.0,0.0,40,40,0.0,1,0,0,0,1.0,0.0,1,1,0.0,0.0,0,1,0,0,0,0,0,1,1.0,0.0,0.0,0.0,0.0,0.0,0.0,0.0,0.0,0.0,0.0,0.0,0.0,0.0,0.0,0.0,0.0,0.0,0.0,0.0,0.0,0.0,0.0,1.0,0.0,1.0,0,0,0,0,0,0,0.0,benign,0,-,CTU-IoT-Malware-Capture-1-1,0,none,none
40,17,0.0,1,0,0.0,0.0,0.0,40,40,0.0,1,0,0,0,1.0,0.0,1,1,0.0,0.0,0,1,0,0,0,0,0,1,1.0,0.0,0.0,0.0,0.0,0.0,0.0,0.0,0.0,0.0,0.0,0.0,0.0,0.0,0.0,0.0,0.0,0.0,0.0,0.0,0.0,0.0,0.0,1.0,0.0,1.0,0,0,0,0,0,0,0.0,benign,0,-,CTU-IoT-Malware-Capture-1-1,0,none,none
152,17,0.026467,2,96,75.56579891940908,3627.1583481316356,48.0,152,152,0.0,1,1,48,48,1.0,1.0,1,1,0.0,0.0,0,1,0,1,0,0,0,2,0.5,0.0,0.5,0.0,0.0,0.0,0.0,0.0,0.0,0.0,0.0,0.0,0.0,0.0,0.0,0.0,0.026467,0.0,0.0,0.0,0.0,0.0,0.0,1.0,0.0,1.0,0,0,0,0,0,0,0.0,benign,0,-,CTU-IoT-Malware-Capture-1-1,0,none,none
40,17,0.0,1,0,0.0,0.0,0.0,40,40,0.0,1,0,0,0,1.0,0.0,1,1,0.0,0.0,0,1,0,0,0,0,0,1,1.0,0.0,0.0,0.0,0.0,0.0,0.0,0.0,0.0,0.0,0.0,0.0,0.0,0.0,0.0,0.0,0.0,0.0,0.0,0.0,0.0,0.0,0.0,1.0,0.0,1.0,0,0,0,0,0,0,0.0,benign,0,-,CTU-IoT-Malware-Capture-1-1,0,none,none
180,6,2.993548,3,0,1.0021553020028406,0.0,0.0,180,180,0.0,3,0,0,0,3.0,0.0,1,1,0.0,0.0,0,1,0,0,0,0,0,1,1.0,0.0,0.0,0.0,0.0,0.0,0.0,0.0,0.0,0.0,0.0,0.0,0.0,0.0,0.0,0.0,2.993548,0.0,0.010503650539565004,0.0,0.0,0.0,0.0,1.0,0.010503650539565004,0.0,0,1,0,0,0,0,1.0503650539565004,malicious,1,PartOfAHorizontalPortScan,CTU-IoT-Malware-Capture-1-1,1,timing_jitter,medium
40,17,0.0,1,0,0.0,0.0,0.0,40,40,0.0,1,0,0,0,1.0,0.0,1,1,0.0,0.0,0,1,0,0,0,0,0,1,1.0,0.0,0.0,0.0,0.0,0.0,0.0,0.0,0.0,0.0,0.0,0.0,0.0,0.0,0.0,0.0,0.0,0.0,0.0,0.0,0.0,0.0,0.0,1.0,0.0,1.0,0,0,0,0,0,0,0.0,benign,0,-,CTU-IoT-Malware-Capture-1-1,0,none,none
40,17,0.0,1,0,0.0,0.0,0.0,40,40,0.0,1,0,0,0,1.0,0.0,1,1,0.0,0.0,0,1,0,0,0,0,0,1,1.0,0.0,0.0,0.0,0.0,0.0,0.0,0.0,0.0,0.0,0.0,0.0,0.0,0.0,0.0,0.0,0.0,0.0,0.0,0.0,0.0,0.0,0.0,1.0,0.0,1.0,0,0,0,0,0,0,0.0,benign,0,-,CTU-IoT-Malware-Capture-1-1,0,none,none
40,17,0.0,1,0,0.0,0.0,0.0,40,40,0.0,1,0,0,0,1.0,0.0,1,1,0.0,0.0,0,1,0,0,0,0,0,1,1.0,0.0,0.0,0.0,0.0,0.0,0.0,0.0,0.0,0.0,0.0,0.0,0.0,0.0,0.0,0.0,0.0,0.0,0.0,0.0,0.0,0.0,0.0,1.0,0.0,1.0,0,0,0,0,0,0,0.0,benign,0,-,CTU-IoT-Malware-Capture-1-1,0,none,none
60,6,0.0,1,0,0.0,0.0,0.0,60,60,0.0,1,0,0,0,1.0,0.0,1,1,0.0,0.0,0,1,0,0,0,0,0,1,1.0,0.0,0.0,0.0,0.0,0.0,0.0,0.0,0.0,0.0,0.0,0.0,0.0,0.0,0.0,0.0,0.0,0.0,0.0412611101347533,0.0,0.0,0.0,0.0,1.0,0.0412611101347533,0.0,0,1,0,0,0,0,4.12611101347533,malicious,1,PartOfAHorizontalPortScan,CTU-IoT-Malware-Capture-1-1,1,timing_jitter,medium
60,6,0.0,1,0,0.0,0.0,0.0,60,60,0.0,1,0,0,0,1.0,0.0,1,1,0.0,0.0,0,1,0,0,0,0,0,1,1.0,0.0,0.0,0.0,0.0,0.0,0.0,0.0,0.0,0.0,0.0,0.0,0.0,0.0,0.0,0.0,0.0,0.0,0.07670856464941757,0.0,0.0,0.0,0.0,1.0,0.07670856464941757,0.0,0,1,0,0,0,0,7.670856464941757,malicious,1,PartOfAHorizontalPortScan,CTU-IoT-Malware-Capture-1-1,1,timing_jitter,medium
40,17,0.0,1,0,0.0,0.0,0.0,40,40,0.0,1,0,0,0,1.0,0.0,1,1,0.0,0.0,0,1,0,0,0,0,0,1,1.0,0.0,0.0,0.0,0.0,0.0,0.0,0.0,0.0,0.0,0.0,0.0,0.0,0.0,0.0,0.0,0.0,0.0,0.0,0.0,0.0,0.0,0.0,1.0,0.0,1.0,0,0,0,0,0,0,0.0,benign,0,-,CTU-IoT-Malware-Capture-1-1,0,none,none
40,17,0.0,1,0,0.0,0.0,0.0,40,40,0.0,1,0,0,0,1.0,0.0,1,1,0.0,0.0,0,1,0,0,0,0,0,1,1.0,0.0,0.0,0.0,0.0,0.0,0.0,0.0,0.0,0.0,0.0,0.0,0.0,0.0,0.0,0.0,0.0,0.0,0.0,0.0,0.0,0.0,0.0,1.0,0.0,1.0,0,0,0,0,0,0,0.0,benign,0,-,CTU-IoT-Malware-Capture-1-1,0,none,none
68,1,0.0,1,0,0.0,0.0,0.0,68,68,0.0,1,0,0,0,1.0,0.0,1,1,0.0,0.0,0,0,0,0,0,0,0,0,0.0,0.0,0.0,0.0,0.0,0.0,0.0,0.0,0.0,0.0,0.0,0.0,0.0,0.0,0.0,0.0,0.0,0.0,0.0,0.0,0.0,0.0,0.0,1.0,0.0,1.0,0,0,0,0,0,0,0.0,benign,0,-,CTU-IoT-Malware-Capture-1-1,0,none,none
40,17,0.0,1,0,0.0,0.0,0.0,40,40,0.0,1,0,0,0,1.0,0.0,1,1,0.0,0.0,0,1,0,0,0,0,0,1,1.0,0.0,0.0,0.0,0.0,0.0,0.0,0.0,0.0,0.0,0.0,0.0,0.0,0.0,0.0,0.0,0.0,0.0,0.0,0.0,0.0,0.0,0.0,1.0,0.0,1.0,0,0,0,0,0,0,0.0,benign,0,-,CTU-IoT-Malware-Capture-1-1,0,none,none
60,6,0.0,1,0,0.0,0.0,0.0,60,60,0.0,1,0,0,0,1.0,0.0,1,1,0.0,0.0,0,1,0,0,0,0,0,1,1.0,0.0,0.0,0.0,0.0,0.0,0.0,0.0,0.0,0.0,0.0,0.0,0.0,0.0,0.0,0.0,0.0,0.0,0.3075120173691864,0.0,0.0,0.0,0.0,1.0,0.3075120173691864,0.0,0,1,0,0,0,0,30.751201736918638,malicious,1,PartOfAHorizontalPortScan,CTU-IoT-Malware-Capture-1-1,1,timing_jitter,medium
180,6,2.998812,3,0,1.0003961568781237,0.0,0.0,180,180,0.0,3,0,0,0,3.0,0.0,1,1,0.0,0.0,0,1,0,0,0,0,0,1,1.0,0.0,0.0,0.0,0.0,0.0,0.0,0.0,0.0,0.0,0.0,0.0,0.0,0.0,0.0,0.0,2.998812,0.0,0.0,0.0,0.0,0.0,0.0,1.0,0.0,1.0,0,0,0,0,0,0,0.0,benign,0,-,CTU-IoT-Malware-Capture-1-1,0,none,none
60,6,0.0,1,0,0.0,0.0,0.0,60,60,0.0,1,0,0,0,1.0,0.0,1,1,0.0,0.0,0,1,0,0,0,0,0,1,1.0,0.0,0.0,0.0,0.0,0.0,0.0,0.0,0.0,0.0,0.0,0.0,0.0,0.0,0.0,0.0,0.0,0.0,0.029937261756612585,0.0,0.0,0.0,0.0,1.0,0.029937261756612585,0.0,0,1,0,0,0,0,2.9937261756612585,malicious,1,PartOfAHorizontalPortScan,CTU-IoT-Malware-Capture-1-1,1,timing_jitter,medium
60,6,0.0,1,0,0.0,0.0,0.0,60,60,0.0,1,0,0,0,1.0,0.0,1,1,0.0,0.0,0,1,0,0,0,0,0,1,1.0,0.0,0.0,0.0,0.0,0.0,0.0,0.0,0.0,0.0,0.0,0.0,0.0,0.0,0.0,0.0,0.0,0.0,0.3693836669088767,0.0,0.0,0.0,0.0,1.0,0.3693836669088767,0.0,0,1,0,0,0,0,36.93836669088767,malicious,1,PartOfAHorizontalPortScan,CTU-IoT-Malware-Capture-1-1,1,timing_jitter,medium
60,6,0.0,1,0,0.0,0.0,0.0,60,60,0.0,1,0,0,0,1.0,0.0,1,1,0.0,0.0,0,1,0,0,0,0,0,1,1.0,0.0,0.0,0.0,0.0,0.0,0.0,0.0,0.0,0.0,0.0,0.0,0.0,0.0,0.0,0.0,0.0,0.0,0.28297958276829066,0.0,0.0,0.0,0.0,1.0,0.28297958276829066,0.0,0,1,0,0,0,0,28.297958276829064,malicious,1,PartOfAHorizontalPortScan,CTU-IoT-Malware-Capture-1-1,1,timing_jitter,medium
180,6,2.999077,3,0,1.0003077613545768,0.0,0.0,180,180,0.0,3,0,0,0,3.0,0.0,1,1,0.0,0.0,0,1,0,0,0,0,0,1,1.0,0.0,0.0,0.0,0.0,0.0,0.0,0.0,0.0,0.0,0.0,0.0,0.0,0.0,0.0,0.0,2.999077,0.0,0.0,0.0,0.0,0.0,0.0,1.0,0.0,1.0,0,0,0,0,0,0,0.0,benign,0,-,CTU-IoT-Malware-Capture-1-1,0,none,none
60,6,0.0,1,0,0.0,0.0,0.0,60,60,0.0,1,0,0,0,1.0,0.0,1,1,0.0,0.0,0,1,0,0,0,0,0,1,1.0,0.0,0.0,0.0,0.0,0.0,0.0,0.0,0.0,0.0,0.0,0.0,0.0,0.0,0.0,0.0,0.0,0.0,0.7223483403038163,0.0,0.0,0.0,0.0,1.0,0.7223483403038163,0.0,0,1,0,0,0,0,72.23483403038163,malicious,1,PartOfAHorizontalPortScan,CTU-IoT-Malware-Capture-1-1,1,timing_jitter,medium
40,17,0.0,1,0,0.0,0.0,0.0,40,40,0.0,1,0,0,0,1.0,0.0,1,1,0.0,0.0,0,1,0,0,0,0,0,1,1.0,0.0,0.0,0.0,0.0,0.0,0.0,0.0,0.0,0.0,0.0,0.0,0.0,0.0,0.0,0.0,0.0,0.0,0.0,0.0,0.0,0.0,0.0,1.0,0.0,1.0,0,0,0,0,0,0,0.0,benign,0,-,CTU-IoT-Malware-Capture-1-1,0,none,none
40,17,0.0,1,0,0.0,0.0,0.0,40,40,0.0,1,0,0,0,1.0,0.0,1,1,0.0,0.0,0,1,0,0,0,0,0,1,1.0,0.0,0.0,0.0,0.0,0.0,0.0,0.0,0.0,0.0,0.0,0.0,0.0,0.0,0.0,0.0,0.0,0.0,0.0,0.0,0.0,0.0,0.0,1.0,0.0,1.0,0,0,0,0,0,0,0.0,benign,0,-,CTU-IoT-Malware-Capture-1-1,0,none,none
60,6,0.0,1,0,0.0,0.0,0.0,60,60,0.0,1,0,0,0,1.0,0.0,1,1,0.0,0.0,0,1,0,0,0,0,0,1,1.0,0.0,0.0,0.0,0.0,0.0,0.0,0.0,0.0,0.0,0.0,0.0,0.0,0.0,0.0,0.0,0.0,0.0,0.19247884687251213,0.0,0.0,0.0,0.0,1.0,0.19247884687251213,0.0,0,1,0,0,0,0,19.24788468725121,malicious,1,PartOfAHorizontalPortScan,CTU-IoT-Malware-Capture-1-1,1,timing_jitter,medium
60,6,0.0,1,0,0.0,0.0,0.0,60,60,0.0,1,0,0,0,1.0,0.0,1,1,0.0,0.0,0,1,0,0,0,0,0,1,1.0,0.0,0.0,0.0,0.0,0.0,0.0,0.0,0.0,0.0,0.0,0.0,0.0,0.0,0.0,0.0,0.0,0.0,0.0363014984280943,0.0,0.0,0.0,0.0,1.0,0.0363014984280943,0.0,0,1,0,0,0,0,3.6301498428094297,malicious,1,PartOfAHorizontalPortScan,CTU-IoT-Malware-Capture-1-1,1,timing_jitter,medium
180,6,2.998813,3,0,1.0003958232807446,0.0,0.0,180,180,0.0,3,0,0,0,3.0,0.0,1,1,0.0,0.0,0,1,0,0,0,0,0,1,1.0,0.0,0.0,0.0,0.0,0.0,0.0,0.0,0.0,0.0,0.0,0.0,0.0,0.0,0.0,0.0,2.998813,0.0,0.14124860284952273,0.0,0.0,0.0,0.0,1.0,0.14124860284952273,0.0,0,1,0,0,0,0,14.124860284952273,malicious,1,PartOfAHorizontalPortScan,CTU-IoT-Malware-Capture-1-1,1,timing_jitter,medium
60,6,0.0,1,0,0.0,0.0,0.0,60,60,0.0,1,0,0,0,1.0,0.0,1,1,0.0,0.0,0,1,0,0,0,0,0,1,1.0,0.0,0.0,0.0,0.0,0.0,0.0,0.0,0.0,0.0,0.0,0.0,0.0,0.0,0.0,0.0,0.0,0.0,0.07792536554377028,0.0,0.0,0.0,0.0,1.0,0.07792536554377028,0.0,0,1,0,0,0,0,7.792536554377028,malicious,1,PartOfAHorizontalPortScan,CTU-IoT-Malware-Capture-1-1,1,timing_jitter,medium
40,17,0.0,1,0,0.0,0.0,0.0,40,40,0.0,1,0,0,0,1.0,0.0,1,1,0.0,0.0,0,1,0,0,0,0,0,1,1.0,0.0,0.0,0.0,0.0,0.0,0.0,0.0,0.0,0.0,0.0,0.0,0.0,0.0,0.0,0.0,0.0,0.0,0.0,0.0,0.0,0.0,0.0,1.0,0.0,1.0,0,0,0,0,0,0,0.0,benign,0,-,CTU-IoT-Malware-Capture-1-1,0,none,none
40,17,0.0,1,0,0.0,0.0,0.0,40,40,0.0,1,0,0,0,1.0,0.0,1,1,0.0,0.0,0,1,0,0,0,0,0,1,1.0,0.0,0.0,0.0,0.0,0.0,0.0,0.0,0.0,0.0,0.0,0.0,0.0,0.0,0.0,0.0,0.0,0.0,0.0,0.0,0.0,0.0,0.0,1.0,0.0,1.0,0,0,0,0,0,0,0.0,benign,0,-,CTU-IoT-Malware-Capture-1-1,0,none,none
180,6,2.998796,3,0,1.0004014944664459,0.0,0.0,180,180,0.0,3,0,0,0,3.0,0.0,1,1,0.0,0.0,0,1,0,0,0,0,0,1,1.0,0.0,0.0,0.0,0.0,0.0,0.0,0.0,0.0,0.0,0.0,0.0,0.0,0.0,0.0,0.0,2.998796,0.0,0.46103598965685644,0.0,0.0,0.0,0.0,1.0,0.46103598965685644,0.0,0,1,0,0,0,0,46.10359896568564,malicious,1,PartOfAHorizontalPortScan,CTU-IoT-Malware-Capture-1-1,1,timing_jitter,medium
68,1,0.0,1,0,0.0,0.0,0.0,68,68,0.0,1,0,0,0,1.0,0.0,1,1,0.0,0.0,0,0,0,0,0,0,0,0,0.0,0.0,0.0,0.0,0.0,0.0,0.0,0.0,0.0,0.0,0.0,0.0,0.0,0.0,0.0,0.0,0.0,0.0,0.0,0.0,0.0,0.0,0.0,1.0,0.0,1.0,0,0,0,0,0,0,0.0,benign,0,-,CTU-IoT-Malware-Capture-1-1,0,none,none
60,6,0.0,1,0,0.0,0.0,0.0,60,60,0.0,1,0,0,0,1.0,0.0,1,1,0.0,0.0,0,1,0,0,0,0,0,1,1.0,0.0,0.0,0.0,0.0,0.0,0.0,0.0,0.0,0.0,0.0,0.0,0.0,0.0,0.0,0.0,0.0,0.0,0.5485591782753151,0.0,0.0,0.0,0.0,1.0,0.5485591782753151,0.0,0,1,0,0,0,0,54.855917827531506,malicious,1,PartOfAHorizontalPortScan,CTU-IoT-Malware-Capture-1-1,1,timing_jitter,medium
180,6,2.998578,3,0,1.0004742247825469,0.0,0.0,180,180,0.0,3,0,0,0,3.0,0.0,1,1,0.0,0.0,0,1,0,0,0,0,0,1,1.0,0.0,0.0,0.0,0.0,0.0,0.0,0.0,0.0,0.0,0.0,0.0,0.0,0.0,0.0,0.0,2.998578,0.0,1.0,0.0,0.0,0.0,0.0,1.0,1.0,0.0,0,1,0,0,0,0,100.0,malicious,1,PartOfAHorizontalPortScan,CTU-IoT-Malware-Capture-1-1,1,timing_jitter,medium
180,6,2.998815,3,0,1.0003951560866542,0.0,0.0,180,180,0.0,3,0,0,0,3.0,0.0,1,1,0.0,0.0,0,1,0,0,0,0,0,1,1.0,0.0,0.0,0.0,0.0,0.0,0.0,0.0,0.0,0.0,0.0,0.0,0.0,0.0,0.0,0.0,2.998815,0.0,0.6196834332304576,0.0,0.0,0.0,0.0,1.0,0.6196834332304576,0.0,0,1,0,0,0,0,61.96834332304576,malicious,1,PartOfAHorizontalPortScan,CTU-IoT-Malware-Capture-1-1,1,timing_jitter,medium
60,6,0.0,1,0,0.0,0.0,0.0,60,60,0.0,1,0,0,0,1.0,0.0,1,1,0.0,0.0,0,1,0,0,0,0,0,1,1.0,0.0,0.0,0.0,0.0,0.0,0.0,0.0,0.0,0.0,0.0,0.0,0.0,0.0,0.0,0.0,0.0,0.0,0.5801818106514695,0.0,0.0,0.0,0.0,1.0,0.5801818106514695,0.0,0,1,0,0,0,0,58.01818106514694,malicious,1,PartOfAHorizontalPortScan,CTU-IoT-Malware-Capture-1-1,1,timing_jitter,medium
40,17,0.0,1,0,0.0,0.0,0.0,40,40,0.0,1,0,0,0,1.0,0.0,1,1,0.0,0.0,0,1,0,0,0,0,0,1,1.0,0.0,0.0,0.0,0.0,0.0,0.0,0.0,0.0,0.0,0.0,0.0,0.0,0.0,0.0,0.0,0.0,0.0,0.0,0.0,0.0,0.0,0.0,1.0,0.0,1.0,0,0,0,0,0,0,0.0,benign,0,-,CTU-IoT-Malware-Capture-1-1,0,none,none
40,17,0.0,1,0,0.0,0.0,0.0,40,40,0.0,1,0,0,0,1.0,0.0,1,1,0.0,0.0,0,1,0,0,0,0,0,1,1.0,0.0,0.0,0.0,0.0,0.0,0.0,0.0,0.0,0.0,0.0,0.0,0.0,0.0,0.0,0.0,0.0,0.0,0.0,0.0,0.0,0.0,0.0,1.0,0.0,1.0,0,0,0,0,0,0,0.0,benign,0,-,CTU-IoT-Malware-Capture-1-1,0,none,none
180,6,2.998556,3,0,1.000481565126681,0.0,0.0,180,180,0.0,3,0,0,0,3.0,0.0,1,1,0.0,0.0,0,1,0,0,0,0,0,1,1.0,0.0,0.0,0.0,0.0,0.0,0.0,0.0,0.0,0.0,0.0,0.0,0.0,0.0,0.0,0.0,2.998556,0.0,0.062190802825247075,0.0,0.0,0.0,0.0,1.0,0.062190802825247075,0.0,0,1,0,0,0,0,6.219080282524708,malicious,1,PartOfAHorizontalPortScan,CTU-IoT-Malware-Capture-1-1,1,timing_jitter,medium
152,17,0.001232,2,96,1623.3766233766235,77922.07792207792,48.0,152,152,0.0,1,1,48,48,1.0,1.0,1,1,0.0,0.0,0,1,0,1,0,0,0,2,0.5,0.0,0.5,0.0,0.0,0.0,0.0,0.0,0.0,0.0,0.0,0.0,0.0,0.0,0.0,0.0,0.001232,0.0,0.0,0.0,0.0,0.0,0.0,1.0,0.0,1.0,0,0,0,0,0,0,0.0,benign,0,-,CTU-IoT-Malware-Capture-1-1,0,none,none
180,6,2.998808,3,0,1.0003974912698645,0.0,0.0,180,180,0.0,3,0,0,0,3.0,0.0,1,1,0.0,0.0,0,1,0,0,0,0,0,1,1.0,0.0,0.0,0.0,0.0,0.0,0.0,0.0,0.0,0.0,0.0,0.0,0.0,0.0,0.0,0.0,2.998808,0.0,0.0,0.0,0.0,0.0,0.0,1.0,0.0,1.0,0,0,0,0,0,0,0.0,benign,0,-,CTU-IoT-Malware-Capture-1-1,0,none,none
40,17,0.0,1,0,0.0,0.0,0.0,40,40,0.0,1,0,0,0,1.0,0.0,1,1,0.0,0.0,0,1,0,0,0,0,0,1,1.0,0.0,0.0,0.0,0.0,0.0,0.0,0.0,0.0,0.0,0.0,0.0,0.0,0.0,0.0,0.0,0.0,0.0,0.0,0.0,0.0,0.0,0.0,1.0,0.0,1.0,0,0,0,0,0,0,0.0,benign,0,-,CTU-IoT-Malware-Capture-1-1,0,none,none
40,17,0.0,1,0,0.0,0.0,0.0,40,40,0.0,1,0,0,0,1.0,0.0,1,1,0.0,0.0,0,1,0,0,0,0,0,1,1.0,0.0,0.0,0.0,0.0,0.0,0.0,0.0,0.0,0.0,0.0,0.0,0.0,0.0,0.0,0.0,0.0,0.0,0.0,0.0,0.0,0.0,0.0,1.0,0.0,1.0,0,0,0,0,0,0,0.0,benign,0,-,CTU-IoT-Malware-Capture-1-1,0,none,none
40,17,0.0,1,0,0.0,0.0,0.0,40,40,0.0,1,0,0,0,1.0,0.0,1,1,0.0,0.0,0,1,0,0,0,0,0,1,1.0,0.0,0.0,0.0,0.0,0.0,0.0,0.0,0.0,0.0,0.0,0.0,0.0,0.0,0.0,0.0,0.0,0.0,0.0,0.0,0.0,0.0,0.0,1.0,0.0,1.0,0,0,0,0,0,0,0.0,benign,0,-,CTU-IoT-Malware-Capture-1-1,0,none,none
60,6,0.0,1,0,0.0,0.0,0.0,60,60,0.0,1,0,0,0,1.0,0.0,1,1,0.0,0.0,0,1,0,0,0,0,0,1,1.0,0.0,0.0,0.0,0.0,0.0,0.0,0.0,0.0,0.0,0.0,0.0,0.0,0.0,0.0,0.0,0.0,0.0,0.3444350462695448,0.0,0.0,0.0,0.0,1.0,0.3444350462695448,0.0,0,1,0,0,0,0,34.44350462695448,malicious,1,PartOfAHorizontalPortScan,CTU-IoT-Malware-Capture-1-1,1,timing_jitter,medium
60,6,0.0,1,0,0.0,0.0,0.0,60,60,0.0,1,0,0,0,1.0,0.0,1,1,0.0,0.0,0,1,0,0,0,0,0,1,1.0,0.0,0.0,0.0,0.0,0.0,0.0,0.0,0.0,0.0,0.0,0.0,0.0,0.0,0.0,0.0,0.0,0.0,0.20123559894794682,0.0,0.0,0.0,0.0,1.0,0.20123559894794682,0.0,0,1,0,0,0,0,20.12355989479468,malicious,1,PartOfAHorizontalPortScan,CTU-IoT-Malware-Capture-1-1,1,timing_jitter,medium
60,6,0.0,1,0,0.0,0.0,0.0,60,60,0.0,1,0,0,0,1.0,0.0,1,1,0.0,0.0,0,1,0,0,0,0,0,1,1.0,0.0,0.0,0.0,0.0,0.0,0.0,0.0,0.0,0.0,0.0,0.0,0.0,0.0,0.0,0.0,0.0,0.0,0.7643489069251062,0.0,0.0,0.0,0.0,1.0,0.7643489069251062,0.0,0,1,0,0,0,0,76.43489069251062,malicious,1,PartOfAHorizontalPortScan,CTU-IoT-Malware-Capture-1-1,1,timing_jitter,medium
40,17,0.0,1,0,0.0,0.0,0.0,40,40,0.0,1,0,0,0,1.0,0.0,1,1,0.0,0.0,0,1,0,0,0,0,0,1,1.0,0.0,0.0,0.0,0.0,0.0,0.0,0.0,0.0,0.0,0.0,0.0,0.0,0.0,0.0,0.0,0.0,0.0,0.0,0.0,0.0,0.0,0.0,1.0,0.0,1.0,0,0,0,0,0,0,0.0,benign,0,-,CTU-IoT-Malware-Capture-1-1,0,none,none
180,6,2.998815,3,0,1.0003951560866542,0.0,0.0,180,180,0.0,3,0,0,0,3.0,0.0,1,1,0.0,0.0,0,1,0,0,0,0,0,1,1.0,0.0,0.0,0.0,0.0,0.0,0.0,0.0,0.0,0.0,0.0,0.0,0.0,0.0,0.0,0.0,2.998815,0.0,0.038849279084467156,0.0,0.0,0.0,0.0,1.0,0.038849279084467156,0.0,0,1,0,0,0,0,3.8849279084467154,malicious,1,PartOfAHorizontalPortScan,CTU-IoT-Malware-Capture-1-1,1,timing_jitter,medium
40,17,0.0,1,0,0.0,0.0,0.0,40,40,0.0,1,0,0,0,1.0,0.0,1,1,0.0,0.0,0,1,0,0,0,0,0,1,1.0,0.0,0.0,0.0,0.0,0.0,0.0,0.0,0.0,0.0,0.0,0.0,0.0,0.0,0.0,0.0,0.0,0.0,0.0,0.0,0.0,0.0,0.0,1.0,0.0,1.0,0,0,0,0,0,0,0.0,benign,0,-,CTU-IoT-Malware-Capture-1-1,0,none,none
60,6,0.0,1,0,0.0,0.0,0.0,60,60,0.0,1,0,0,0,1.0,0.0,1,1,0.0,0.0,0,1,0,0,0,0,0,1,1.0,0.0,0.0,0.0,0.0,0.0,0.0,0.0,0.0,0.0,0.0,0.0,0.0,0.0,0.0,0.0,0.0,0.0,0.06432305877582846,0.0,0.0,0.0,0.0,1.0,0.06432305877582846,0.0,0,1,0,0,0,0,6.432305877582846,malicious,1,PartOfAHorizontalPortScan,CTU-IoT-Malware-Capture-1-1,1,timing_jitter,medium
40,17,0.0,1,0,0.0,0.0,0.0,40,40,0.0,1,0,0,0,1.0,0.0,1,1,0.0,0.0,0,1,0,0,0,0,0,1,1.0,0.0,0.0,0.0,0.0,0.0,0.0,0.0,0.0,0.0,0.0,0.0,0.0,0.0,0.0,0.0,0.0,0.0,0.0,0.0,0.0,0.0,0.0,1.0,0.0,1.0,0,0,0,0,0,0,0.0,benign,0,-,CTU-IoT-Malware-Capture-1-1,0,none,none
40,17,0.0,1,0,0.0,0.0,0.0,40,40,0.0,1,0,0,0,1.0,0.0,1,1,0.0,0.0,0,1,0,0,0,0,0,1,1.0,0.0,0.0,0.0,0.0,0.0,0.0,0.0,0.0,0.0,0.0,0.0,0.0,0.0,0.0,0.0,0.0,0.0,0.0,0.0,0.0,0.0,0.0,1.0,0.0,1.0,0,0,0,0,0,0,0.0,benign,0,-,CTU-IoT-Malware-Capture-1-1,0,none,none
40,17,0.0,1,0,0.0,0.0,0.0,40,40,0.0,1,0,0,0,1.0,0.0,1,1,0.0,0.0,0,1,0,0,0,0,0,1,1.0,0.0,0.0,0.0,0.0,0.0,0.0,0.0,0.0,0.0,0.0,0.0,0.0,0.0,0.0,0.0,0.0,0.0,0.0,0.0,0.0,0.0,0.0,1.0,0.0,1.0,0,0,0,0,0,0,0.0,benign,0,-,CTU-IoT-Malware-Capture-1-1,0,none,none
40,17,0.0,1,0,0.0,0.0,0.0,40,40,0.0,1,0,0,0,1.0,0.0,1,1,0.0,0.0,0,1,0,0,0,0,0,1,1.0,0.0,0.0,0.0,0.0,0.0,0.0,0.0,0.0,0.0,0.0,0.0,0.0,0.0,0.0,0.0,0.0,0.0,0.0,0.0,0.0,0.0,0.0,1.0,0.0,1.0,0,0,0,0,0,0,0.0,benign,0,-,CTU-IoT-Malware-Capture-1-1,0,none,none
180,6,2.998808,3,0,1.0003974912698645,0.0,0.0,180,180,0.0,3,0,0,0,3.0,0.0,1,1,0.0,0.0,0,1,0,0,0,0,0,1,1.0,0.0,0.0,0.0,0.0,0.0,0.0,0.0,0.0,0.0,0.0,0.0,0.0,0.0,0.0,0.0,2.998808,0.0,1.0,0.0,0.0,0.0,0.0,1.0,1.0,0.0,0,1,0,0,0,0,100.0,malicious,1,PartOfAHorizontalPortScan,CTU-IoT-Malware-Capture-1-1,1,timing_jitter,medium
152,17,0.014733,2,96,135.74967759451573,6515.984524536754,48.0,152,152,0.0,1,1,48,48,1.0,1.0,1,1,0.0,0.0,0,1,0,1,0,0,0,2,0.5,0.0,0.5,0.0,0.0,0.0,0.0,0.0,0.0,0.0,0.0,0.0,0.0,0.0,0.0,0.0,0.014733,0.0,0.0,0.0,0.0,0.0,0.0,1.0,0.0,1.0,0,0,0,0,0,0,0.0,benign,0,-,CTU-IoT-Malware-Capture-1-1,0,none,none
40,17,0.0,1,0,0.0,0.0,0.0,40,40,0.0,1,0,0,0,1.0,0.0,1,1,0.0,0.0,0,1,0,0,0,0,0,1,1.0,0.0,0.0,0.0,0.0,0.0,0.0,0.0,0.0,0.0,0.0,0.0,0.0,0.0,0.0,0.0,0.0,0.0,0.0,0.0,0.0,0.0,0.0,1.0,0.0,1.0,0,0,0,0,0,0,0.0,benign,0,-,CTU-IoT-Malware-Capture-1-1,0,none,none
180,6,2.998813,3,0,1.0003958232807446,0.0,0.0,180,180,0.0,3,0,0,0,3.0,0.0,1,1,0.0,0.0,0,1,0,0,0,0,0,1,1.0,0.0,0.0,0.0,0.0,0.0,0.0,0.0,0.0,0.0,0.0,0.0,0.0,0.0,0.0,0.0,2.998813,0.0,0.7766576855706105,0.0,0.0,0.0,0.0,1.0,0.7766576855706105,0.0,0,1,0,0,0,0,77.66576855706106,malicious,1,PartOfAHorizontalPortScan,CTU-IoT-Malware-Capture-1-1,1,timing_jitter,medium
40,17,0.0,1,0,0.0,0.0,0.0,40,40,0.0,1,0,0,0,1.0,0.0,1,1,0.0,0.0,0,1,0,0,0,0,0,1,1.0,0.0,0.0,0.0,0.0,0.0,0.0,0.0,0.0,0.0,0.0,0.0,0.0,0.0,0.0,0.0,0.0,0.0,0.0,0.0,0.0,0.0,0.0,1.0,0.0,1.0,0,0,0,0,0,0,0.0,benign,0,-,CTU-IoT-Malware-Capture-1-1,0,none,none
60,6,0.0,1,0,0.0,0.0,0.0,60,60,0.0,1,0,0,0,1.0,0.0,1,1,0.0,0.0,0,1,0,0,0,0,0,1,1.0,0.0,0.0,0.0,0.0,0.0,0.0,0.0,0.0,0.0,0.0,0.0,0.0,0.0,0.0,0.0,0.0,0.0,0.2929458755056262,0.0,0.0,0.0,0.0,1.0,0.2929458755056262,0.0,0,1,0,0,0,0,29.294587550562618,malicious,1,PartOfAHorizontalPortScan,CTU-IoT-Malware-Capture-1-1,1,timing_jitter,medium
40,17,0.0,1,0,0.0,0.0,0.0,40,40,0.0,1,0,0,0,1.0,0.0,1,1,0.0,0.0,0,1,0,0,0,0,0,1,1.0,0.0,0.0,0.0,0.0,0.0,0.0,0.0,0.0,0.0,0.0,0.0,0.0,0.0,0.0,0.0,0.0,0.0,0.0,0.0,0.0,0.0,0.0,1.0,0.0,1.0,0,0,0,0,0,0,0.0,benign,0,-,CTU-IoT-Malware-Capture-1-1,0,none,none
68,1,0.0,1,0,0.0,0.0,0.0,68,68,0.0,1,0,0,0,1.0,0.0,1,1,0.0,0.0,0,0,0,0,0,0,0,0,0.0,0.0,0.0,0.0,0.0,0.0,0.0,0.0,0.0,0.0,0.0,0.0,0.0,0.0,0.0,0.0,0.0,0.0,0.0,0.0,0.0,0.0,0.0,1.0,0.0,1.0,0,0,0,0,0,0,0.0,benign,0,-,CTU-IoT-Malware-Capture-1-1,0,none,none
60,6,0.0,1,0,0.0,0.0,0.0,60,60,0.0,1,0,0,0,1.0,0.0,1,1,0.0,0.0,0,1,0,0,0,0,0,1,1.0,0.0,0.0,0.0,0.0,0.0,0.0,0.0,0.0,0.0,0.0,0.0,0.0,0.0,0.0,0.0,0.0,0.0,0.6649565752404518,0.0,0.0,0.0,0.0,1.0,0.6649565752404518,0.0,0,1,0,0,0,0,66.49565752404519,malicious,1,PartOfAHorizontalPortScan,CTU-IoT-Malware-Capture-1-1,1,timing_jitter,medium
56,1,0.0,1,0,0.0,0.0,0.0,56,56,0.0,1,0,0,0,1.0,0.0,1,0,0.0,0.0,0,0,0,0,0,0,0,0,0.0,0.0,0.0,0.0,0.0,0.0,0.0,0.0,0.0,0.0,0.0,0.0,0.0,0.0,0.0,0.0,0.0,0.0,0.0,0.0,0.0,0.0,0.0,1.0,0.0,1.0,0,0,0,0,0,0,0.0,benign,0,-,CTU-IoT-Malware-Capture-1-1,0,none,none
60,6,0.0,1,0,0.0,0.0,0.0,60,60,0.0,1,0,0,0,1.0,0.0,1,1,0.0,0.0,0,1,0,0,0,0,0,1,1.0,0.0,0.0,0.0,0.0,0.0,0.0,0.0,0.0,0.0,0.0,0.0,0.0,0.0,0.0,0.0,0.0,0.0,0.0428486190430576,0.0,0.0,0.0,0.0,1.0,0.0428486190430576,0.0,0,1,0,0,0,0,4.284861904305759,malicious,1,PartOfAHorizontalPortScan,CTU-IoT-Malware-Capture-1-1,1,timing_jitter,medium
60,6,0.0,1,0,0.0,0.0,0.0,60,60,0.0,1,0,0,0,1.0,0.0,1,1,0.0,0.0,0,1,0,0,0,0,0,1,1.0,0.0,0.0,0.0,0.0,0.0,0.0,0.0,0.0,0.0,0.0,0.0,0.0,0.0,0.0,0.0,0.0,0.0,0.14648095397106367,0.0,0.0,0.0,0.0,1.0,0.14648095397106367,0.0,0,1,0,0,0,0,14.648095397106367,malicious,1,PartOfAHorizontalPortScan,CTU-IoT-Malware-Capture-1-1,1,timing_jitter,medium
60,6,0.0,1,0,0.0,0.0,0.0,60,60,0.0,1,0,0,0,1.0,0.0,1,1,0.0,0.0,0,1,0,0,0,0,0,1,1.0,0.0,0.0,0.0,0.0,0.0,0.0,0.0,0.0,0.0,0.0,0.0,0.0,0.0,0.0,0.0,0.0,0.0,0.2464034013118445,0.0,0.0,0.0,0.0,1.0,0.2464034013118445,0.0,0,1,0,0,0,0,24.64034013118445,malicious,1,PartOfAHorizontalPortScan,CTU-IoT-Malware-Capture-1-1,1,timing_jitter,medium
180,6,2.99905,3,0,1.0003167669762092,0.0,0.0,180,180,0.0,3,0,0,0,3.0,0.0,1,1,0.0,0.0,0,1,0,0,0,0,0,1,1.0,0.0,0.0,0.0,0.0,0.0,0.0,0.0,0.0,0.0,0.0,0.0,0.0,0.0,0.0,0.0,2.99905,0.0,0.18319063337754093,0.0,0.0,0.0,0.0,1.0,0.18319063337754093,0.0,0,1,0,0,0,0,18.319063337754095,malicious,1,PartOfAHorizontalPortScan,CTU-IoT-Malware-Capture-1-1,1,timing_jitter,medium
60,6,0.0,1,0,0.0,0.0,0.0,60,60,0.0,1,0,0,0,1.0,0.0,1,1,0.0,0.0,0,1,0,0,0,0,0,1,1.0,0.0,0.0,0.0,0.0,0.0,0.0,0.0,0.0,0.0,0.0,0.0,0.0,0.0,0.0,0.0,0.0,0.0,0.05190254407626565,0.0,0.0,0.0,0.0,1.0,0.05190254407626565,0.0,0,1,0,0,0,0,5.190254407626565,malicious,1,PartOfAHorizontalPortScan,CTU-IoT-Malware-Capture-1-1,1,timing_jitter,medium
40,17,0.0,1,0,0.0,0.0,0.0,40,40,0.0,1,0,0,0,1.0,0.0,1,1,0.0,0.0,0,1,0,0,0,0,0,1,1.0,0.0,0.0,0.0,0.0,0.0,0.0,0.0,0.0,0.0,0.0,0.0,0.0,0.0,0.0,0.0,0.0,0.0,0.0,0.0,0.0,0.0,0.0,1.0,0.0,1.0,0,0,0,0,0,0,0.0,benign,0,-,CTU-IoT-Malware-Capture-1-1,0,none,none
40,17,0.0,1,0,0.0,0.0,0.0,40,40,0.0,1,0,0,0,1.0,0.0,1,1,0.0,0.0,0,1,0,0,0,0,0,1,1.0,0.0,0.0,0.0,0.0,0.0,0.0,0.0,0.0,0.0,0.0,0.0,0.0,0.0,0.0,0.0,0.0,0.0,0.0,0.0,0.0,0.0,0.0,1.0,0.0,1.0,0,0,0,0,0,0,0.0,benign,0,-,CTU-IoT-Malware-Capture-1-1,0,none,none
40,17,0.0,1,0,0.0,0.0,0.0,40,40,0.0,1,0,0,0,1.0,0.0,1,1,0.0,0.0,0,1,0,0,0,0,0,1,1.0,0.0,0.0,0.0,0.0,0.0,0.0,0.0,0.0,0.0,0.0,0.0,0.0,0.0,0.0,0.0,0.0,0.0,0.0,0.0,0.0,0.0,0.0,1.0,0.0,1.0,0,0,0,0,0,0,0.0,benign,0,-,CTU-IoT-Malware-Capture-1-1,0,none,none
60,6,0.0,1,0,0.0,0.0,0.0,60,60,0.0,1,0,0,0,1.0,0.0,1,1,0.0,0.0,0,1,0,0,0,0,0,1,1.0,0.0,0.0,0.0,0.0,0.0,0.0,0.0,0.0,0.0,0.0,0.0,0.0,0.0,0.0,0.0,0.0,0.0,0.018485072626482784,0.0,0.0,0.0,0.0,1.0,0.018485072626482784,0.0,0,1,0,0,0,0,1.8485072626482784,malicious,1,PartOfAHorizontalPortScan,CTU-IoT-Malware-Capture-1-1,1,timing_jitter,medium
60,6,0.0,1,0,0.0,0.0,0.0,60,60,0.0,1,0,0,0,1.0,0.0,1,1,0.0,0.0,0,1,0,0,0,0,0,1,1.0,0.0,0.0,0.0,0.0,0.0,0.0,0.0,0.0,0.0,0.0,0.0,0.0,0.0,0.0,0.0,0.0,0.0,0.049670316031447295,0.0,0.0,0.0,0.0,1.0,0.049670316031447295,0.0,0,1,0,0,0,0,4.967031603144729,malicious,1,PartOfAHorizontalPortScan,CTU-IoT-Malware-Capture-1-1,1,timing_jitter,medium
60,6,0.0,1,0,0.0,0.0,0.0,60,60,0.0,1,0,0,0,1.0,0.0,1,1,0.0,0.0,0,1,0,0,0,0,0,1,1.0,0.0,0.0,0.0,0.0,0.0,0.0,0.0,0.0,0.0,0.0,0.0,0.0,0.0,0.0,0.0,0.0,0.0,0.01,0.0,0.0,0.0,0.0,1.0,0.01,0.0,0,1,0,0,0,0,1.0,malicious,1,PartOfAHorizontalPortScan,CTU-IoT-Malware-Capture-1-1,1,timing_jitter,medium
40,17,0.0,1,0,0.0,0.0,0.0,40,40,0.0,1,0,0,0,1.0,0.0,1,1,0.0,0.0,0,1,0,0,0,0,0,1,1.0,0.0,0.0,0.0,0.0,0.0,0.0,0.0,0.0,0.0,0.0,0.0,0.0,0.0,0.0,0.0,0.0,0.0,0.0,0.0,0.0,0.0,0.0,1.0,0.0,1.0,0,0,0,0,0,0,0.0,benign,0,-,CTU-IoT-Malware-Capture-1-1,0,none,none
60,6,0.0,1,0,0.0,0.0,0.0,60,60,0.0,1,0,0,0,1.0,0.0,1,1,0.0,0.0,0,1,0,0,0,0,0,1,1.0,0.0,0.0,0.0,0.0,0.0,0.0,0.0,0.0,0.0,0.0,0.0,0.0,0.0,0.0,0.0,0.0,0.0,0.6113280774983161,0.0,0.0,0.0,0.0,1.0,0.6113280774983161,0.0,0,1,0,0,0,0,61.132807749831606,malicious,1,PartOfAHorizontalPortScan,CTU-IoT-Malware-Capture-1-1,1,timing_jitter,medium
40,17,0.0,1,0,0.0,0.0,0.0,40,40,0.0,1,0,0,0,1.0,0.0,1,1,0.0,0.0,0,1,0,0,0,0,0,1,1.0,0.0,0.0,0.0,0.0,0.0,0.0,0.0,0.0,0.0,0.0,0.0,0.0,0.0,0.0,0.0,0.0,0.0,0.0,0.0,0.0,0.0,0.0,1.0,0.0,1.0,0,0,0,0,0,0,0.0,benign,0,-,CTU-IoT-Malware-Capture-1-1,0,none,none
40,17,0.0,1,0,0.0,0.0,0.0,40,40,0.0,1,0,0,0,1.0,0.0,1,1,0.0,0.0,0,1,0,0,0,0,0,1,1.0,0.0,0.0,0.0,0.0,0.0,0.0,0.0,0.0,0.0,0.0,0.0,0.0,0.0,0.0,0.0,0.0,0.0,0.0,0.0,0.0,0.0,0.0,1.0,0.0,1.0,0,0,0,0,0,0,0.0,benign,0,-,CTU-IoT-Malware-Capture-1-1,0,none,none
68,1,0.0,1,0,0.0,0.0,0.0,68,68,0.0,1,0,0,0,1.0,0.0,1,1,0.0,0.0,0,0,0,0,0,0,0,0,0.0,0.0,0.0,0.0,0.0,0.0,0.0,0.0,0.0,0.0,0.0,0.0,0.0,0.0,0.0,0.0,0.0,0.0,0.0,0.0,0.0,0.0,0.0,1.0,0.0,1.0,0,0,0,0,0,0,0.0,benign,0,-,CTU-IoT-Malware-Capture-1-1,0,none,none
60,6,0.0,1,0,0.0,0.0,0.0,60,60,0.0,1,0,0,0,1.0,0.0,1,1,0.0,0.0,0,1,0,0,0,0,0,1,1.0,0.0,0.0,0.0,0.0,0.0,0.0,0.0,0.0,0.0,0.0,0.0,0.0,0.0,0.0,0.0,0.0,0.0,0.12683950582929138,0.0,0.0,0.0,0.0,1.0,0.12683950582929138,0.0,0,1,0,0,0,0,12.683950582929137,malicious,1,PartOfAHorizontalPortScan,CTU-IoT-Malware-Capture-1-1,1,timing_jitter,medium
264,1,3.000055,3,180,0.9999816670027716,59.998900020166296,60.0,264,264,0.0,3,0,180,0,3.0,180.0,1,1,0.0,0.0,0,0,0,0,0,0,0,0,0.0,0.0,0.0,0.0,0.0,0.0,0.0,0.0,0.0,0.0,0.0,0.0,0.0,0.0,0.0,0.0,3.000055,0.0,0.0,0.0,0.0,0.0,0.0,1.0,0.0,1.0,0,0,0,0,0,0,0.0,benign,0,-,CTU-IoT-Malware-Capture-1-1,0,none,none
60,6,0.0,1,0,0.0,0.0,0.0,60,60,0.0,1,0,0,0,1.0,0.0,1,1,0.0,0.0,0,1,0,0,0,0,0,1,1.0,0.0,0.0,0.0,0.0,0.0,0.0,0.0,0.0,0.0,0.0,0.0,0.0,0.0,0.0,0.0,0.0,0.0,0.19873370383555883,0.0,0.0,0.0,0.0,1.0,0.19873370383555883,0.0,0,1,0,0,0,0,19.873370383555883,malicious,1,PartOfAHorizontalPortScan,CTU-IoT-Malware-Capture-1-1,1,timing_jitter,medium
180,6,2.998824,3,0,1.00039215372426,0.0,0.0,180,180,0.0,3,0,0,0,3.0,0.0,1,1,0.0,0.0,0,1,0,0,0,0,0,1,1.0,0.0,0.0,0.0,0.0,0.0,0.0,0.0,0.0,0.0,0.0,0.0,0.0,0.0,0.0,0.0,2.998824,0.0,0.012967192818444561,0.0,0.0,0.0,0.0,1.0,0.012967192818444561,0.0,0,1,0,0,0,0,1.2967192818444562,malicious,1,PartOfAHorizontalPortScan,CTU-IoT-Malware-Capture-1-1,1,timing_jitter,medium
60,6,0.0,1,0,0.0,0.0,0.0,60,60,0.0,1,0,0,0,1.0,0.0,1,1,0.0,0.0,0,1,0,0,0,0,0,1,1.0,0.0,0.0,0.0,0.0,0.0,0.0,0.0,0.0,0.0,0.0,0.0,0.0,0.0,0.0,0.0,0.0,0.0,0.6131139233248317,0.0,0.0,0.0,0.0,1.0,0.6131139233248317,0.0,0,1,0,0,0,0,61.31139233248317,malicious,1,PartOfAHorizontalPortScan,CTU-IoT-Malware-Capture-1-1,1,timing_jitter,medium
40,17,0.0,1,0,0.0,0.0,0.0,40,40,0.0,1,0,0,0,1.0,0.0,1,1,0.0,0.0,0,1,0,0,0,0,0,1,1.0,0.0,0.0,0.0,0.0,0.0,0.0,0.0,0.0,0.0,0.0,0.0,0.0,0.0,0.0,0.0,0.0,0.0,0.0,0.0,0.0,0.0,0.0,1.0,0.0,1.0,0,0,0,0,0,0,0.0,benign,0,-,CTU-IoT-Malware-Capture-1-1,0,none,none
60,6,0.0,1,0,0.0,0.0,0.0,60,60,0.0,1,0,0,0,1.0,0.0,1,1,0.0,0.0,0,1,0,0,0,0,0,1,1.0,0.0,0.0,0.0,0.0,0.0,0.0,0.0,0.0,0.0,0.0,0.0,0.0,0.0,0.0,0.0,0.0,0.0,0.5929773264216981,0.0,0.0,0.0,0.0,1.0,0.5929773264216981,0.0,0,1,0,0,0,0,59.29773264216981,malicious,1,PartOfAHorizontalPortScan,CTU-IoT-Malware-Capture-1-1,1,timing_jitter,medium
180,6,2.99907,3,0,1.0003100961298002,0.0,0.0,180,180,0.0,3,0,0,0,3.0,0.0,1,1,0.0,0.0,0,1,0,0,0,0,0,1,1.0,0.0,0.0,0.0,0.0,0.0,0.0,0.0,0.0,0.0,0.0,0.0,0.0,0.0,0.0,0.0,2.99907,0.0,0.6186248753306525,0.0,0.0,0.0,0.0,1.0,0.6186248753306525,0.0,0,1,0,0,0,0,61.86248753306525,malicious,1,PartOfAHorizontalPortScan,CTU-IoT-Malware-Capture-1-1,1,timing_jitter,medium
180,6,2.998806,3,0,1.0003981584670698,0.0,0.0,180,180,0.0,3,0,0,0,3.0,0.0,1,1,0.0,0.0,0,1,0,0,0,0,0,1,1.0,0.0,0.0,0.0,0.0,0.0,0.0,0.0,0.0,0.0,0.0,0.0,0.0,0.0,0.0,0.0,2.998806,0.0,1.0,0.0,0.0,0.0,0.0,1.0,1.0,0.0,0,1,0,0,0,0,100.0,malicious,1,PartOfAHorizontalPortScan,CTU-IoT-Malware-Capture-1-1,1,timing_jitter,medium
60,6,0.0,1,0,0.0,0.0,0.0,60,60,0.0,1,0,0,0,1.0,0.0,1,1,0.0,0.0,0,1,0,0,0,0,0,1,1.0,0.0,0.0,0.0,0.0,0.0,0.0,0.0,0.0,0.0,0.0,0.0,0.0,0.0,0.0,0.0,0.0,0.0,0.0,0.0,0.0,0.0,0.0,1.0,0.0,1.0,0,0,0,0,0,0,0.0,benign,0,-,CTU-IoT-Malware-Capture-1-1,0,none,none
40,17,0.0,1,0,0.0,0.0,0.0,40,40,0.0,1,0,0,0,1.0,0.0,1,1,0.0,0.0,0,1,0,0,0,0,0,1,1.0,0.0,0.0,0.0,0.0,0.0,0.0,0.0,0.0,0.0,0.0,0.0,0.0,0.0,0.0,0.0,0.0,0.0,0.0,0.0,0.0,0.0,0.0,1.0,0.0,1.0,0,0,0,0,0,0,0.0,benign,0,-,CTU-IoT-Malware-Capture-1-1,0,none,none
60,6,0.0,1,0,0.0,0.0,0.0,60,60,0.0,1,0,0,0,1.0,0.0,1,1,0.0,0.0,0,1,0,0,0,0,0,1,1.0,0.0,0.0,0.0,0.0,0.0,0.0,0.0,0.0,0.0,0.0,0.0,0.0,0.0,0.0,0.0,0.0,0.0,1.0,0.0,0.0,0.0,0.0,1.0,1.0,0.0,0,1,0,0,0,0,100.0,malicious,1,PartOfAHorizontalPortScan,CTU-IoT-Malware-Capture-1-1,1,timing_jitter,medium
40,17,0.0,1,0,0.0,0.0,0.0,40,40,0.0,1,0,0,0,1.0,0.0,1,1,0.0,0.0,0,1,0,0,0,0,0,1,1.0,0.0,0.0,0.0,0.0,0.0,0.0,0.0,0.0,0.0,0.0,0.0,0.0,0.0,0.0,0.0,0.0,0.0,0.0,0.0,0.0,0.0,0.0,1.0,0.0,1.0,0,0,0,0,0,0,0.0,benign,0,-,CTU-IoT-Malware-Capture-1-1,0,none,none
40,17,0.0,1,0,0.0,0.0,0.0,40,40,0.0,1,0,0,0,1.0,0.0,1,1,0.0,0.0,0,1,0,0,0,0,0,1,1.0,0.0,0.0,0.0,0.0,0.0,0.0,0.0,0.0,0.0,0.0,0.0,0.0,0.0,0.0,0.0,0.0,0.0,0.0,0.0,0.0,0.0,0.0,1.0,0.0,1.0,0,0,0,0,0,0,0.0,benign,0,-,CTU-IoT-Malware-Capture-1-1,0,none,none
60,6,0.0,1,0,0.0,0.0,0.0,60,60,0.0,1,0,0,0,1.0,0.0,1,1,0.0,0.0,0,1,0,0,0,0,0,1,1.0,0.0,0.0,0.0,0.0,0.0,0.0,0.0,0.0,0.0,0.0,0.0,0.0,0.0,0.0,0.0,0.0,0.0,0.08591097449429133,0.0,0.0,0.0,0.0,1.0,0.08591097449429133,0.0,0,1,0,0,0,0,8.591097449429133,malicious,1,PartOfAHorizontalPortScan,CTU-IoT-Malware-Capture-1-1,1,timing_jitter,medium
60,6,0.0,1,0,0.0,0.0,0.0,60,60,0.0,1,0,0,0,1.0,0.0,1,1,0.0,0.0,0,1,0,0,0,0,0,1,1.0,0.0,0.0,0.0,0.0,0.0,0.0,0.0,0.0,0.0,0.0,0.0,0.0,0.0,0.0,0.0,0.0,0.0,0.19862367765798633,0.0,0.0,0.0,0.0,1.0,0.19862367765798633,0.0,0,1,0,0,0,0,19.862367765798634,malicious,1,PartOfAHorizontalPortScan,CTU-IoT-Malware-Capture-1-1,1,timing_jitter,medium
60,6,0.0,1,0,0.0,0.0,0.0,60,60,0.0,1,0,0,0,1.0,0.0,1,1,0.0,0.0,0,1,0,0,0,0,0,1,1.0,0.0,0.0,0.0,0.0,0.0,0.0,0.0,0.0,0.0,0.0,0.0,0.0,0.0,0.0,0.0,0.0,0.0,0.5637434078638957,0.0,0.0,0.0,0.0,1.0,0.5637434078638957,0.0,0,1,0,0,0,0,56.37434078638957,malicious,1,PartOfAHorizontalPortScan,CTU-IoT-Malware-Capture-1-1,1,timing_jitter,medium
60,6,0.0,1,0,0.0,0.0,0.0,60,60,0.0,1,0,0,0,1.0,0.0,1,1,0.0,0.0,0,1,0,0,0,0,0,1,1.0,0.0,0.0,0.0,0.0,0.0,0.0,0.0,0.0,0.0,0.0,0.0,0.0,0.0,0.0,0.0,0.0,0.0,0.4862673682727576,0.0,0.0,0.0,0.0,1.0,0.4862673682727576,0.0,0,1,0,0,0,0,48.626736827275764,malicious,1,PartOfAHorizontalPortScan,CTU-IoT-Malware-Capture-1-1,1,timing_jitter,medium
40,17,0.0,1,0,0.0,0.0,0.0,40,40,0.0,1,0,0,0,1.0,0.0,1,1,0.0,0.0,0,1,0,0,0,0,0,1,1.0,0.0,0.0,0.0,0.0,0.0,0.0,0.0,0.0,0.0,0.0,0.0,0.0,0.0,0.0,0.0,0.0,0.0,0.0,0.0,0.0,0.0,0.0,1.0,0.0,1.0,0,0,0,0,0,0,0.0,benign,0,-,CTU-IoT-Malware-Capture-1-1,0,none,none
60,6,0.0,1,0,0.0,0.0,0.0,60,60,0.0,1,0,0,0,1.0,0.0,1,1,0.0,0.0,0,1,0,0,0,0,0,1,1.0,0.0,0.0,0.0,0.0,0.0,0.0,0.0,0.0,0.0,0.0,0.0,0.0,0.0,0.0,0.0,0.0,0.0,0.29188163279301715,0.0,0.0,0.0,0.0,1.0,0.29188163279301715,0.0,0,1,0,0,0,0,29.188163279301715,malicious,1,PartOfAHorizontalPortScan,CTU-IoT-Malware-Capture-1-1,1,timing_jitter,medium
40,17,0.0,1,0,0.0,0.0,0.0,40,40,0.0,1,0,0,0,1.0,0.0,1,1,0.0,0.0,0,1,0,0,0,0,0,1,1.0,0.0,0.0,0.0,0.0,0.0,0.0,0.0,0.0,0.0,0.0,0.0,0.0,0.0,0.0,0.0,0.0,0.0,0.0,0.0,0.0,0.0,0.0,1.0,0.0,1.0,0,0,0,0,0,0,0.0,benign,0,-,CTU-IoT-Malware-Capture-1-1,0,none,none
180,6,2.999319,3,0,1.0002270515406997,0.0,0.0,180,180,0.0,3,0,0,0,3.0,0.0,1,1,0.0,0.0,0,1,0,0,0,0,0,1,1.0,0.0,0.0,0.0,0.0,0.0,0.0,0.0,0.0,0.0,0.0,0.0,0.0,0.0,0.0,0.0,2.999319,0.0,0.38752955122593613,0.0,0.0,0.0,0.0,1.0,0.38752955122593613,0.0,0,1,0,0,0,0,38.75295512259361,malicious,1,PartOfAHorizontalPortScan,CTU-IoT-Malware-Capture-1-1,1,timing_jitter,medium
60,6,0.0,1,0,0.0,0.0,0.0,60,60,0.0,1,0,0,0,1.0,0.0,1,1,0.0,0.0,0,1,0,0,0,0,0,1,1.0,0.0,0.0,0.0,0.0,0.0,0.0,0.0,0.0,0.0,0.0,0.0,0.0,0.0,0.0,0.0,0.0,0.0,0.1939993800889086,0.0,0.0,0.0,0.0,1.0,0.1939993800889086,0.0,0,1,0,0,0,0,19.39993800889086,malicious,1,PartOfAHorizontalPortScan,CTU-IoT-Malware-Capture-1-1,1,timing_jitter,medium
60,6,0.0,1,0,0.0,0.0,0.0,60,60,0.0,1,0,0,0,1.0,0.0,1,1,0.0,0.0,0,1,0,0,0,0,0,1,1.0,0.0,0.0,0.0,0.0,0.0,0.0,0.0,0.0,0.0,0.0,0.0,0.0,0.0,0.0,0.0,0.0,0.0,0.33949741528418625,0.0,0.0,0.0,0.0,1.0,0.33949741528418625,0.0,0,1,0,0,0,0,33.94974152841863,malicious,1,PartOfAHorizontalPortScan,CTU-IoT-Malware-Capture-1-1,1,timing_jitter,medium
40,17,0.0,1,0,0.0,0.0,0.0,40,40,0.0,1,0,0,0,1.0,0.0,1,1,0.0,0.0,0,1,0,0,0,0,0,1,1.0,0.0,0.0,0.0,0.0,0.0,0.0,0.0,0.0,0.0,0.0,0.0,0.0,0.0,0.0,0.0,0.0,0.0,0.0,0.0,0.0,0.0,0.0,1.0,0.0,1.0,0,0,0,0,0,0,0.0,benign,0,-,CTU-IoT-Malware-Capture-1-1,0,none,none
60,6,0.0,1,0,0.0,0.0,0.0,60,60,0.0,1,0,0,0,1.0,0.0,1,1,0.0,0.0,0,1,0,0,0,0,0,1,1.0,0.0,0.0,0.0,0.0,0.0,0.0,0.0,0.0,0.0,0.0,0.0,0.0,0.0,0.0,0.0,0.0,0.0,0.23724727184973493,0.0,0.0,0.0,0.0,1.0,0.23724727184973493,0.0,0,1,0,0,0,0,23.724727184973492,malicious,1,PartOfAHorizontalPortScan,CTU-IoT-Malware-Capture-1-1,1,timing_jitter,medium
60,6,0.0,1,0,0.0,0.0,0.0,60,60,0.0,1,0,0,0,1.0,0.0,1,1,0.0,0.0,0,1,0,0,0,0,0,1,1.0,0.0,0.0,0.0,0.0,0.0,0.0,0.0,0.0,0.0,0.0,0.0,0.0,0.0,0.0,0.0,0.0,0.0,0.3739241862564272,0.0,0.0,0.0,0.0,1.0,0.3739241862564272,0.0,0,1,0,0,0,0,37.39241862564272,malicious,1,PartOfAHorizontalPortScan,CTU-IoT-Malware-Capture-1-1,1,timing_jitter,medium
40,17,0.0,1,0,0.0,0.0,0.0,40,40,0.0,1,0,0,0,1.0,0.0,1,1,0.0,0.0,0,1,0,0,0,0,0,1,1.0,0.0,0.0,0.0,0.0,0.0,0.0,0.0,0.0,0.0,0.0,0.0,0.0,0.0,0.0,0.0,0.0,0.0,0.0,0.0,0.0,0.0,0.0,1.0,0.0,1.0,0,0,0,0,0,0,0.0,benign,0,-,CTU-IoT-Malware-Capture-1-1,0,none,none
152,17,0.026718,2,96,74.85590238790328,3593.083314619358,48.0,152,152,0.0,1,1,48,48,1.0,1.0,1,1,0.0,0.0,0,1,0,1,0,0,0,2,0.5,0.0,0.5,0.0,0.0,0.0,0.0,0.0,0.0,0.0,0.0,0.0,0.0,0.0,0.0,0.0,0.026718,0.0,0.0,0.0,0.0,0.0,0.0,1.0,0.0,1.0,0,0,0,0,0,0,0.0,benign,0,-,CTU-IoT-Malware-Capture-1-1,0,none,none
40,17,0.0,1,0,0.0,0.0,0.0,40,40,0.0,1,0,0,0,1.0,0.0,1,1,0.0,0.0,0,1,0,0,0,0,0,1,1.0,0.0,0.0,0.0,0.0,0.0,0.0,0.0,0.0,0.0,0.0,0.0,0.0,0.0,0.0,0.0,0.0,0.0,0.0,0.0,0.0,0.0,0.0,1.0,0.0,1.0,0,0,0,0,0,0,0.0,benign,0,-,CTU-IoT-Malware-Capture-1-1,0,none,none
180,6,2.99882,3,0,1.0003934881053216,0.0,0.0,180,180,0.0,3,0,0,0,3.0,0.0,1,1,0.0,0.0,0,1,0,0,0,0,0,1,1.0,0.0,0.0,0.0,0.0,0.0,0.0,0.0,0.0,0.0,0.0,0.0,0.0,0.0,0.0,0.0,2.99882,0.0,0.7564670241885115,0.0,0.0,0.0,0.0,1.0,0.7564670241885115,0.0,0,1,0,0,0,0,75.64670241885115,malicious,1,PartOfAHorizontalPortScan,CTU-IoT-Malware-Capture-1-1,1,timing_jitter,medium
180,6,2.999056,3,0,1.0003147657129443,0.0,0.0,180,180,0.0,3,0,0,0,3.0,0.0,1,1,0.0,0.0,0,1,0,0,0,0,0,1,1.0,0.0,0.0,0.0,0.0,0.0,0.0,0.0,0.0,0.0,0.0,0.0,0.0,0.0,0.0,0.0,2.999056,0.0,0.8183442158662393,0.0,0.0,0.0,0.0,1.0,0.8183442158662393,0.0,0,1,0,0,0,0,81.83442158662393,malicious,1,PartOfAHorizontalPortScan,CTU-IoT-Malware-Capture-1-1,1,timing_jitter,medium
40,17,0.0,1,0,0.0,0.0,0.0,40,40,0.0,1,0,0,0,1.0,0.0,1,1,0.0,0.0,0,1,0,0,0,0,0,1,1.0,0.0,0.0,0.0,0.0,0.0,0.0,0.0,0.0,0.0,0.0,0.0,0.0,0.0,0.0,0.0,0.0,0.0,0.0,0.0,0.0,0.0,0.0,1.0,0.0,1.0,0,0,0,0,0,0,0.0,benign,0,-,CTU-IoT-Malware-Capture-1-1,0,none,none
40,17,0.0,1,0,0.0,0.0,0.0,40,40,0.0,1,0,0,0,1.0,0.0,1,1,0.0,0.0,0,1,0,0,0,0,0,1,1.0,0.0,0.0,0.0,0.0,0.0,0.0,0.0,0.0,0.0,0.0,0.0,0.0,0.0,0.0,0.0,0.0,0.0,0.0,0.0,0.0,0.0,0.0,1.0,0.0,1.0,0,0,0,0,0,0,0.0,benign,0,-,CTU-IoT-Malware-Capture-1-1,0,none,none
40,17,0.0,1,0,0.0,0.0,0.0,40,40,0.0,1,0,0,0,1.0,0.0,1,1,0.0,0.0,0,1,0,0,0,0,0,1,1.0,0.0,0.0,0.0,0.0,0.0,0.0,0.0,0.0,0.0,0.0,0.0,0.0,0.0,0.0,0.0,0.0,0.0,0.0,0.0,0.0,0.0,0.0,1.0,0.0,1.0,0,0,0,0,0,0,0.0,benign,0,-,CTU-IoT-Malware-Capture-1-1,0,none,none
180,6,2.998826,3,0,1.000391486535064,0.0,0.0,180,180,0.0,3,0,0,0,3.0,0.0,1,1,0.0,0.0,0,1,0,0,0,0,0,1,1.0,0.0,0.0,0.0,0.0,0.0,0.0,0.0,0.0,0.0,0.0,0.0,0.0,0.0,0.0,0.0,2.998826,0.0,0.023782660361022865,0.0,0.0,0.0,0.0,1.0,0.023782660361022865,0.0,0,1,0,0,0,0,2.3782660361022865,malicious,1,PartOfAHorizontalPortScan,CTU-IoT-Malware-Capture-1-1,1,timing_jitter,medium
60,6,0.0,1,0,0.0,0.0,0.0,60,60,0.0,1,0,0,0,1.0,0.0,1,1,0.0,0.0,0,1,0,0,0,0,0,1,1.0,0.0,0.0,0.0,0.0,0.0,0.0,0.0,0.0,0.0,0.0,0.0,0.0,0.0,0.0,0.0,0.0,0.0,0.5090978407006606,0.0,0.0,0.0,0.0,1.0,0.5090978407006606,0.0,0,1,0,0,0,0,50.90978407006606,malicious,1,PartOfAHorizontalPortScan,CTU-IoT-Malware-Capture-1-1,1,timing_jitter,medium
68,1,0.0,1,0,0.0,0.0,0.0,68,68,0.0,1,0,0,0,1.0,0.0,1,1,0.0,0.0,0,0,0,0,0,0,0,0,0.0,0.0,0.0,0.0,0.0,0.0,0.0,0.0,0.0,0.0,0.0,0.0,0.0,0.0,0.0,0.0,0.0,0.0,0.0,0.0,0.0,0.0,0.0,1.0,0.0,1.0,0,0,0,0,0,0,0.0,benign,0,-,CTU-IoT-Malware-Capture-1-1,0,none,none
40,17,0.0,1,0,0.0,0.0,0.0,40,40,0.0,1,0,0,0,1.0,0.0,1,1,0.0,0.0,0,1,0,0,0,0,0,1,1.0,0.0,0.0,0.0,0.0,0.0,0.0,0.0,0.0,0.0,0.0,0.0,0.0,0.0,0.0,0.0,0.0,0.0,0.0,0.0,0.0,0.0,0.0,1.0,0.0,1.0,0,0,0,0,0,0,0.0,benign,0,-,CTU-IoT-Malware-Capture-1-1,0,none,none
60,6,0.0,1,0,0.0,0.0,0.0,60,60,0.0,1,0,0,0,1.0,0.0,1,1,0.0,0.0,0,1,0,0,0,0,0,1,1.0,0.0,0.0,0.0,0.0,0.0,0.0,0.0,0.0,0.0,0.0,0.0,0.0,0.0,0.0,0.0,0.0,0.0,0.35877077445276595,0.0,0.0,0.0,0.0,1.0,0.35877077445276595,0.0,0,1,0,0,0,0,35.8770774452766,malicious,1,PartOfAHorizontalPortScan,CTU-IoT-Malware-Capture-1-1,1,timing_jitter,medium
60,6,0.0,1,0,0.0,0.0,0.0,60,60,0.0,1,0,0,0,1.0,0.0,1,1,0.0,0.0,0,1,0,0,0,0,0,1,1.0,0.0,0.0,0.0,0.0,0.0,0.0,0.0,0.0,0.0,0.0,0.0,0.0,0.0,0.0,0.0,0.0,0.0,0.04505156963989813,0.0,0.0,0.0,0.0,1.0,0.04505156963989813,0.0,0,1,0,0,0,0,4.505156963989813,malicious,1,PartOfAHorizontalPortScan,CTU-IoT-Malware-Capture-1-1,1,timing_jitter,medium
40,17,0.0,1,0,0.0,0.0,0.0,40,40,0.0,1,0,0,0,1.0,0.0,1,1,0.0,0.0,0,1,0,0,0,0,0,1,1.0,0.0,0.0,0.0,0.0,0.0,0.0,0.0,0.0,0.0,0.0,0.0,0.0,0.0,0.0,0.0,0.0,0.0,0.0,0.0,0.0,0.0,0.0,1.0,0.0,1.0,0,0,0,0,0,0,0.0,benign,0,-,CTU-IoT-Malware-Capture-1-1,0,none,none
40,17,0.0,1,0,0.0,0.0,0.0,40,40,0.0,1,0,0,0,1.0,0.0,1,1,0.0,0.0,0,1,0,0,0,0,0,1,1.0,0.0,0.0,0.0,0.0,0.0,0.0,0.0,0.0,0.0,0.0,0.0,0.0,0.0,0.0,0.0,0.0,0.0,0.0,0.0,0.0,0.0,0.0,1.0,0.0,1.0,0,0,0,0,0,0,0.0,benign,0,-,CTU-IoT-Malware-Capture-1-1,0,none,none
60,6,0.0,1,0,0.0,0.0,0.0,60,60,0.0,1,0,0,0,1.0,0.0,1,1,0.0,0.0,0,1,0,0,0,0,0,1,1.0,0.0,0.0,0.0,0.0,0.0,0.0,0.0,0.0,0.0,0.0,0.0,0.0,0.0,0.0,0.0,0.0,0.0,0.47090944321762274,0.0,0.0,0.0,0.0,1.0,0.47090944321762274,0.0,0,1,0,0,0,0,47.09094432176227,malicious,1,PartOfAHorizontalPortScan,CTU-IoT-Malware-Capture-1-1,1,timing_jitter,medium
60,6,0.0,1,0,0.0,0.0,0.0,60,60,0.0,1,0,0,0,1.0,0.0,1,1,0.0,0.0,0,1,0,0,0,0,0,1,1.0,0.0,0.0,0.0,0.0,0.0,0.0,0.0,0.0,0.0,0.0,0.0,0.0,0.0,0.0,0.0,0.0,0.0,0.41606318491734356,0.0,0.0,0.0,0.0,1.0,0.41606318491734356,0.0,0,1,0,0,0,0,41.606318491734356,malicious,1,PartOfAHorizontalPortScan,CTU-IoT-Malware-Capture-1-1,1,timing_jitter,medium
40,17,0.0,1,0,0.0,0.0,0.0,40,40,0.0,1,0,0,0,1.0,0.0,1,1,0.0,0.0,0,1,0,0,0,0,0,1,1.0,0.0,0.0,0.0,0.0,0.0,0.0,0.0,0.0,0.0,0.0,0.0,0.0,0.0,0.0,0.0,0.0,0.0,0.0,0.0,0.0,0.0,0.0,1.0,0.0,1.0,0,0,0,0,0,0,0.0,benign,0,-,CTU-IoT-Malware-Capture-1-1,0,none,none
60,6,0.0,1,0,0.0,0.0,0.0,60,60,0.0,1,0,0,0,1.0,0.0,1,1,0.0,0.0,0,1,0,0,0,0,0,1,1.0,0.0,0.0,0.0,0.0,0.0,0.0,0.0,0.0,0.0,0.0,0.0,0.0,0.0,0.0,0.0,0.0,0.0,1.0,0.0,0.0,0.0,0.0,1.0,1.0,0.0,0,1,0,0,0,0,100.0,malicious,1,PartOfAHorizontalPortScan,CTU-IoT-Malware-Capture-1-1,1,timing_jitter,medium
180,6,2.998829,3,0,1.0003904857529389,0.0,0.0,180,180,0.0,3,0,0,0,3.0,0.0,1,1,0.0,0.0,0,1,0,0,0,0,0,1,1.0,0.0,0.0,0.0,0.0,0.0,0.0,0.0,0.0,0.0,0.0,0.0,0.0,0.0,0.0,0.0,2.998829,0.0,0.03815077521052756,0.0,0.0,0.0,0.0,1.0,0.03815077521052756,0.0,0,1,0,0,0,0,3.8150775210527557,malicious,1,PartOfAHorizontalPortScan,CTU-IoT-Malware-Capture-1-1,1,timing_jitter,medium
180,6,2.99907,3,0,1.0003100961298002,0.0,0.0,180,180,0.0,3,0,0,0,3.0,0.0,1,1,0.0,0.0,0,1,0,0,0,0,0,1,1.0,0.0,0.0,0.0,0.0,0.0,0.0,0.0,0.0,0.0,0.0,0.0,0.0,0.0,0.0,0.0,2.99907,0.0,0.03695713030940163,0.0,0.0,0.0,0.0,1.0,0.03695713030940163,0.0,0,1,0,0,0,0,3.6957130309401625,malicious,1,PartOfAHorizontalPortScan,CTU-IoT-Malware-Capture-1-1,1,timing_jitter,medium
60,6,0.0,1,0,0.0,0.0,0.0,60,60,0.0,1,0,0,0,1.0,0.0,1,1,0.0,0.0,0,1,0,0,0,0,0,1,1.0,0.0,0.0,0.0,0.0,0.0,0.0,0.0,0.0,0.0,0.0,0.0,0.0,0.0,0.0,0.0,0.0,0.0,0.1227745917321012,0.0,0.0,0.0,0.0,1.0,0.1227745917321012,0.0,0,1,0,0,0,0,12.27745917321012,malicious,1,PartOfAHorizontalPortScan,CTU-IoT-Malware-Capture-1-1,1,timing_jitter,medium
40,17,0.0,1,0,0.0,0.0,0.0,40,40,0.0,1,0,0,0,1.0,0.0,1,1,0.0,0.0,0,1,0,0,0,0,0,1,1.0,0.0,0.0,0.0,0.0,0.0,0.0,0.0,0.0,0.0,0.0,0.0,0.0,0.0,0.0,0.0,0.0,0.0,0.0,0.0,0.0,0.0,0.0,1.0,0.0,1.0,0,0,0,0,0,0,0.0,benign,0,-,CTU-IoT-Malware-Capture-1-1,0,none,none
180,6,2.999068,3,0,1.0003107632104373,0.0,0.0,180,180,0.0,3,0,0,0,3.0,0.0,1,1,0.0,0.0,0,1,0,0,0,0,0,1,1.0,0.0,0.0,0.0,0.0,0.0,0.0,0.0,0.0,0.0,0.0,0.0,0.0,0.0,0.0,0.0,2.999068,0.0,1.0,0.0,0.0,0.0,0.0,1.0,1.0,0.0,0,1,0,0,0,0,100.0,malicious,1,PartOfAHorizontalPortScan,CTU-IoT-Malware-Capture-1-1,1,timing_jitter,medium
60,6,0.0,1,0,0.0,0.0,0.0,60,60,0.0,1,0,0,0,1.0,0.0,1,1,0.0,0.0,0,1,0,0,0,0,0,1,1.0,0.0,0.0,0.0,0.0,0.0,0.0,0.0,0.0,0.0,0.0,0.0,0.0,0.0,0.0,0.0,0.0,0.0,0.234948175540675,0.0,0.0,0.0,0.0,1.0,0.234948175540675,0.0,0,1,0,0,0,0,23.494817554067502,malicious,1,PartOfAHorizontalPortScan,CTU-IoT-Malware-Capture-1-1,1,timing_jitter,medium
60,6,0.0,1,0,0.0,0.0,0.0,60,60,0.0,1,0,0,0,1.0,0.0,1,1,0.0,0.0,0,1,0,0,0,0,0,1,1.0,0.0,0.0,0.0,0.0,0.0,0.0,0.0,0.0,0.0,0.0,0.0,0.0,0.0,0.0,0.0,0.0,0.0,0.0,0.0,0.0,0.0,0.0,1.0,0.0,1.0,0,0,0,0,0,0,0.0,benign,0,-,CTU-IoT-Malware-Capture-1-1,0,none,none
40,17,0.0,1,0,0.0,0.0,0.0,40,40,0.0,1,0,0,0,1.0,0.0,1,1,0.0,0.0,0,1,0,0,0,0,0,1,1.0,0.0,0.0,0.0,0.0,0.0,0.0,0.0,0.0,0.0,0.0,0.0,0.0,0.0,0.0,0.0,0.0,0.0,0.0,0.0,0.0,0.0,0.0,1.0,0.0,1.0,0,0,0,0,0,0,0.0,benign,0,-,CTU-IoT-Malware-Capture-1-1,0,none,none
40,17,0.0,1,0,0.0,0.0,0.0,40,40,0.0,1,0,0,0,1.0,0.0,1,1,0.0,0.0,0,1,0,0,0,0,0,1,1.0,0.0,0.0,0.0,0.0,0.0,0.0,0.0,0.0,0.0,0.0,0.0,0.0,0.0,0.0,0.0,0.0,0.0,0.0,0.0,0.0,0.0,0.0,1.0,0.0,1.0,0,0,0,0,0,0,0.0,benign,0,-,CTU-IoT-Malware-Capture-1-1,0,none,none
180,6,2.999065,3,0,1.0003117638330614,0.0,0.0,180,180,0.0,3,0,0,0,3.0,0.0,1,1,0.0,0.0,0,1,0,0,0,0,0,1,1.0,0.0,0.0,0.0,0.0,0.0,0.0,0.0,0.0,0.0,0.0,0.0,0.0,0.0,0.0,0.0,2.999065,0.0,0.32460622017851065,0.0,0.0,0.0,0.0,1.0,0.32460622017851065,0.0,0,1,0,0,0,0,32.460622017851065,malicious,1,PartOfAHorizontalPortScan,CTU-IoT-Malware-Capture-1-1,1,timing_jitter,medium
40,17,0.0,1,0,0.0,0.0,0.0,40,40,0.0,1,0,0,0,1.0,0.0,1,1,0.0,0.0,0,1,0,0,0,0,0,1,1.0,0.0,0.0,0.0,0.0,0.0,0.0,0.0,0.0,0.0,0.0,0.0,0.0,0.0,0.0,0.0,0.0,0.0,0.0,0.0,0.0,0.0,0.0,1.0,0.0,1.0,0,0,0,0,0,0,0.0,benign,0,-,CTU-IoT-Malware-Capture-1-1,0,none,none
60,6,0.0,1,0,0.0,0.0,0.0,60,60,0.0,1,0,0,0,1.0,0.0,1,1,0.0,0.0,0,1,0,0,0,0,0,1,1.0,0.0,0.0,0.0,0.0,0.0,0.0,0.0,0.0,0.0,0.0,0.0,0.0,0.0,0.0,0.0,0.0,0.0,0.2241657995701974,0.0,0.0,0.0,0.0,1.0,0.2241657995701974,0.0,0,1,0,0,0,0,22.41657995701974,malicious,1,PartOfAHorizontalPortScan,CTU-IoT-Malware-Capture-1-1,1,timing_jitter,medium
40,17,0.0,1,0,0.0,0.0,0.0,40,40,0.0,1,0,0,0,1.0,0.0,1,1,0.0,0.0,0,1,0,0,0,0,0,1,1.0,0.0,0.0,0.0,0.0,0.0,0.0,0.0,0.0,0.0,0.0,0.0,0.0,0.0,0.0,0.0,0.0,0.0,0.0,0.0,0.0,0.0,0.0,1.0,0.0,1.0,0,0,0,0,0,0,0.0,benign,0,-,CTU-IoT-Malware-Capture-1-1,0,none,none
40,17,0.0,1,0,0.0,0.0,0.0,40,40,0.0,1,0,0,0,1.0,0.0,1,1,0.0,0.0,0,1,0,0,0,0,0,1,1.0,0.0,0.0,0.0,0.0,0.0,0.0,0.0,0.0,0.0,0.0,0.0,0.0,0.0,0.0,0.0,0.0,0.0,0.0,0.0,0.0,0.0,0.0,1.0,0.0,1.0,0,0,0,0,0,0,0.0,benign,0,-,CTU-IoT-Malware-Capture-1-1,0,none,none
40,17,0.0,1,0,0.0,0.0,0.0,40,40,0.0,1,0,0,0,1.0,0.0,1,1,0.0,0.0,0,1,0,0,0,0,0,1,1.0,0.0,0.0,0.0,0.0,0.0,0.0,0.0,0.0,0.0,0.0,0.0,0.0,0.0,0.0,0.0,0.0,0.0,0.0,0.0,0.0,0.0,0.0,1.0,0.0,1.0,0,0,0,0,0,0,0.0,benign,0,-,CTU-IoT-Malware-Capture-1-1,0,none,none
40,17,0.0,1,0,0.0,0.0,0.0,40,40,0.0,1,0,0,0,1.0,0.0,1,1,0.0,0.0,0,1,0,0,0,0,0,1,1.0,0.0,0.0,0.0,0.0,0.0,0.0,0.0,0.0,0.0,0.0,0.0,0.0,0.0,0.0,0.0,0.0,0.0,0.0,0.0,0.0,0.0,0.0,1.0,0.0,1.0,0,0,0,0,0,0,0.0,benign,0,-,CTU-IoT-Malware-Capture-1-1,0,none,none
180,6,2.998579,3,0,1.0004738911331001,0.0,0.0,180,180,0.0,3,0,0,0,3.0,0.0,1,1,0.0,0.0,0,1,0,0,0,0,0,1,1.0,0.0,0.0,0.0,0.0,0.0,0.0,0.0,0.0,0.0,0.0,0.0,0.0,0.0,0.0,0.0,2.998579,0.0,0.1671971507540129,0.0,0.0,0.0,0.0,1.0,0.1671971507540129,0.0,0,1,0,0,0,0,16.71971507540129,malicious,1,PartOfAHorizontalPortScan,CTU-IoT-Malware-Capture-1-1,1,timing_jitter,medium
40,17,0.0,1,0,0.0,0.0,0.0,40,40,0.0,1,0,0,0,1.0,0.0,1,1,0.0,0.0,0,1,0,0,0,0,0,1,1.0,0.0,0.0,0.0,0.0,0.0,0.0,0.0,0.0,0.0,0.0,0.0,0.0,0.0,0.0,0.0,0.0,0.0,0.0,0.0,0.0,0.0,0.0,1.0,0.0,1.0,0,0,0,0,0,0,0.0,benign,0,-,CTU-IoT-Malware-Capture-1-1,0,none,none
60,6,0.0,1,0,0.0,0.0,0.0,60,60,0.0,1,0,0,0,1.0,0.0,1,1,0.0,0.0,0,1,0,0,0,0,0,1,1.0,0.0,0.0,0.0,0.0,0.0,0.0,0.0,0.0,0.0,0.0,0.0,0.0,0.0,0.0,0.0,0.0,0.0,0.1512261773045465,0.0,0.0,0.0,0.0,1.0,0.1512261773045465,0.0,0,1,0,0,0,0,15.122617730454648,malicious,1,PartOfAHorizontalPortScan,CTU-IoT-Malware-Capture-1-1,1,timing_jitter,medium
152,17,0.014731,2,96,135.76810807141402,6516.869187427874,48.0,152,152,0.0,1,1,48,48,1.0,1.0,1,1,0.0,0.0,0,1,0,1,0,0,0,2,0.5,0.0,0.5,0.0,0.0,0.0,0.0,0.0,0.0,0.0,0.0,0.0,0.0,0.0,0.0,0.0,0.014731,0.0,0.0,0.0,0.0,0.0,0.0,1.0,0.0,1.0,0,0,0,0,0,0,0.0,benign,0,-,CTU-IoT-Malware-Capture-1-1,0,none,none
60,6,0.0,1,0,0.0,0.0,0.0,60,60,0.0,1,0,0,0,1.0,0.0,1,1,0.0,0.0,0,1,0,0,0,0,0,1,1.0,0.0,0.0,0.0,0.0,0.0,0.0,0.0,0.0,0.0,0.0,0.0,0.0,0.0,0.0,0.0,0.0,0.0,1.0,0.0,0.0,0.0,0.0,1.0,1.0,0.0,0,1,0,0,0,0,100.0,malicious,1,PartOfAHorizontalPortScan,CTU-IoT-Malware-Capture-1-1,1,timing_jitter,medium
60,6,0.0,1,0,0.0,0.0,0.0,60,60,0.0,1,0,0,0,1.0,0.0,1,1,0.0,0.0,0,1,0,0,0,0,0,1,1.0,0.0,0.0,0.0,0.0,0.0,0.0,0.0,0.0,0.0,0.0,0.0,0.0,0.0,0.0,0.0,0.0,0.0,1.0,0.0,0.0,0.0,0.0,1.0,1.0,0.0,0,1,0,0,0,0,100.0,malicious,1,PartOfAHorizontalPortScan,CTU-IoT-Malware-Capture-1-1,1,timing_jitter,medium
40,17,0.0,1,0,0.0,0.0,0.0,40,40,0.0,1,0,0,0,1.0,0.0,1,1,0.0,0.0,0,1,0,0,0,0,0,1,1.0,0.0,0.0,0.0,0.0,0.0,0.0,0.0,0.0,0.0,0.0,0.0,0.0,0.0,0.0,0.0,0.0,0.0,0.0,0.0,0.0,0.0,0.0,1.0,0.0,1.0,0,0,0,0,0,0,0.0,benign,0,-,CTU-IoT-Malware-Capture-1-1,0,none,none
180,6,2.99906,3,0,1.0003134315418831,0.0,0.0,180,180,0.0,3,0,0,0,3.0,0.0,1,1,0.0,0.0,0,1,0,0,0,0,0,1,1.0,0.0,0.0,0.0,0.0,0.0,0.0,0.0,0.0,0.0,0.0,0.0,0.0,0.0,0.0,0.0,2.99906,0.0,0.2469241439954564,0.0,0.0,0.0,0.0,1.0,0.2469241439954564,0.0,0,1,0,0,0,0,24.69241439954564,malicious,1,PartOfAHorizontalPortScan,CTU-IoT-Malware-Capture-1-1,1,timing_jitter,medium
40,17,0.0,1,0,0.0,0.0,0.0,40,40,0.0,1,0,0,0,1.0,0.0,1,1,0.0,0.0,0,1,0,0,0,0,0,1,1.0,0.0,0.0,0.0,0.0,0.0,0.0,0.0,0.0,0.0,0.0,0.0,0.0,0.0,0.0,0.0,0.0,0.0,0.0,0.0,0.0,0.0,0.0,1.0,0.0,1.0,0,0,0,0,0,0,0.0,benign,0,-,CTU-IoT-Malware-Capture-1-1,0,none,none
40,17,0.0,1,0,0.0,0.0,0.0,40,40,0.0,1,0,0,0,1.0,0.0,1,1,0.0,0.0,0,1,0,0,0,0,0,1,1.0,0.0,0.0,0.0,0.0,0.0,0.0,0.0,0.0,0.0,0.0,0.0,0.0,0.0,0.0,0.0,0.0,0.0,0.0,0.0,0.0,0.0,0.0,1.0,0.0,1.0,0,0,0,0,0,0,0.0,benign,0,-,CTU-IoT-Malware-Capture-1-1,0,none,none
40,17,0.0,1,0,0.0,0.0,0.0,40,40,0.0,1,0,0,0,1.0,0.0,1,1,0.0,0.0,0,1,0,0,0,0,0,1,1.0,0.0,0.0,0.0,0.0,0.0,0.0,0.0,0.0,0.0,0.0,0.0,0.0,0.0,0.0,0.0,0.0,0.0,0.0,0.0,0.0,0.0,0.0,1.0,0.0,1.0,0,0,0,0,0,0,0.0,benign,0,-,CTU-IoT-Malware-Capture-1-1,0,none,none
60,6,0.0,1,0,0.0,0.0,0.0,60,60,0.0,1,0,0,0,1.0,0.0,1,1,0.0,0.0,0,1,0,0,0,0,0,1,1.0,0.0,0.0,0.0,0.0,0.0,0.0,0.0,0.0,0.0,0.0,0.0,0.0,0.0,0.0,0.0,0.0,0.0,0.06313824716376541,0.0,0.0,0.0,0.0,1.0,0.06313824716376541,0.0,0,1,0,0,0,0,6.3138247163765415,malicious,1,PartOfAHorizontalPortScan,CTU-IoT-Malware-Capture-1-1,1,timing_jitter,medium
56,1,0.0,1,0,0.0,0.0,0.0,56,56,0.0,1,0,0,0,1.0,0.0,1,1,0.0,0.0,0,0,0,0,0,0,0,0,0.0,0.0,0.0,0.0,0.0,0.0,0.0,0.0,0.0,0.0,0.0,0.0,0.0,0.0,0.0,0.0,0.0,0.0,0.0,0.0,0.0,0.0,0.0,1.0,0.0,1.0,0,0,0,0,0,0,0.0,benign,0,-,CTU-IoT-Malware-Capture-1-1,0,none,none
180,6,2.999069,3,0,1.0003104296700076,0.0,0.0,180,180,0.0,3,0,0,0,3.0,0.0,1,1,0.0,0.0,0,1,0,0,0,0,0,1,1.0,0.0,0.0,0.0,0.0,0.0,0.0,0.0,0.0,0.0,0.0,0.0,0.0,0.0,0.0,0.0,2.999069,0.0,1.0,0.0,0.0,0.0,0.0,1.0,1.0,0.0,0,1,0,0,0,0,100.0,malicious,1,PartOfAHorizontalPortScan,CTU-IoT-Malware-Capture-1-1,1,timing_jitter,medium
60,6,0.0,1,0,0.0,0.0,0.0,60,60,0.0,1,0,0,0,1.0,0.0,1,1,0.0,0.0,0,1,0,0,0,0,0,1,1.0,0.0,0.0,0.0,0.0,0.0,0.0,0.0,0.0,0.0,0.0,0.0,0.0,0.0,0.0,0.0,0.0,0.0,1.0,0.0,0.0,0.0,0.0,1.0,1.0,0.0,0,1,0,0,0,0,100.0,malicious,1,PartOfAHorizontalPortScan,CTU-IoT-Malware-Capture-1-1,1,timing_jitter,medium
180,6,2.994058,3,0,1.0019845974927675,0.0,0.0,180,180,0.0,3,0,0,0,3.0,0.0,1,1,0.0,0.0,0,1,0,0,0,0,0,1,1.0,0.0,0.0,0.0,0.0,0.0,0.0,0.0,0.0,0.0,0.0,0.0,0.0,0.0,0.0,0.0,2.994058,0.0,0.0,0.0,0.0,0.0,0.0,1.0,0.0,1.0,0,0,0,0,0,0,0.0,benign,0,-,CTU-IoT-Malware-Capture-1-1,0,none,none
40,17,0.0,1,0,0.0,0.0,0.0,40,40,0.0,1,0,0,0,1.0,0.0,1,1,0.0,0.0,0,1,0,0,0,0,0,1,1.0,0.0,0.0,0.0,0.0,0.0,0.0,0.0,0.0,0.0,0.0,0.0,0.0,0.0,0.0,0.0,0.0,0.0,0.0,0.0,0.0,0.0,0.0,1.0,0.0,1.0,0,0,0,0,0,0,0.0,benign,0,-,CTU-IoT-Malware-Capture-1-1,0,none,none
60,6,0.0,1,0,0.0,0.0,0.0,60,60,0.0,1,0,0,0,1.0,0.0,1,1,0.0,0.0,0,1,0,0,0,0,0,1,1.0,0.0,0.0,0.0,0.0,0.0,0.0,0.0,0.0,0.0,0.0,0.0,0.0,0.0,0.0,0.0,0.0,0.0,0.7069491112087526,0.0,0.0,0.0,0.0,1.0,0.7069491112087526,0.0,0,1,0,0,0,0,70.69491112087526,malicious,1,PartOfAHorizontalPortScan,CTU-IoT-Malware-Capture-1-1,1,timing_jitter,medium
40,17,0.0,1,0,0.0,0.0,0.0,40,40,0.0,1,0,0,0,1.0,0.0,1,1,0.0,0.0,0,1,0,0,0,0,0,1,1.0,0.0,0.0,0.0,0.0,0.0,0.0,0.0,0.0,0.0,0.0,0.0,0.0,0.0,0.0,0.0,0.0,0.0,0.0,0.0,0.0,0.0,0.0,1.0,0.0,1.0,0,0,0,0,0,0,0.0,benign,0,-,CTU-IoT-Malware-Capture-1-1,0,none,none
60,6,0.0,1,0,0.0,0.0,0.0,60,60,0.0,1,0,0,0,1.0,0.0,1,1,0.0,0.0,0,1,0,0,0,0,0,1,1.0,0.0,0.0,0.0,0.0,0.0,0.0,0.0,0.0,0.0,0.0,0.0,0.0,0.0,0.0,0.0,0.0,0.0,0.01,0.0,0.0,0.0,0.0,1.0,0.01,0.0,0,1,0,0,0,0,1.0,malicious,1,PartOfAHorizontalPortScan,CTU-IoT-Malware-Capture-1-1,1,timing_jitter,medium
60,6,0.0,1,0,0.0,0.0,0.0,60,60,0.0,1,0,0,0,1.0,0.0,1,1,0.0,0.0,0,1,0,0,0,0,0,1,1.0,0.0,0.0,0.0,0.0,0.0,0.0,0.0,0.0,0.0,0.0,0.0,0.0,0.0,0.0,0.0,0.0,0.0,0.18346036928422293,0.0,0.0,0.0,0.0,1.0,0.18346036928422293,0.0,0,1,0,0,0,0,18.346036928422293,malicious,1,PartOfAHorizontalPortScan,CTU-IoT-Malware-Capture-1-1,1,timing_jitter,medium
180,6,2.999309,3,0,1.0002303863990007,0.0,0.0,180,180,0.0,3,0,0,0,3.0,0.0,1,1,0.0,0.0,0,1,0,0,0,0,0,1,1.0,0.0,0.0,0.0,0.0,0.0,0.0,0.0,0.0,0.0,0.0,0.0,0.0,0.0,0.0,0.0,2.999309,0.0,0.04834143332698,0.0,0.0,0.0,0.0,1.0,0.04834143332698,0.0,0,1,0,0,0,0,4.834143332698,malicious,1,PartOfAHorizontalPortScan,CTU-IoT-Malware-Capture-1-1,1,timing_jitter,medium
60,6,0.0,1,0,0.0,0.0,0.0,60,60,0.0,1,0,0,0,1.0,0.0,1,1,0.0,0.0,0,1,0,0,0,0,0,1,1.0,0.0,0.0,0.0,0.0,0.0,0.0,0.0,0.0,0.0,0.0,0.0,0.0,0.0,0.0,0.0,0.0,0.0,0.41276700581855397,0.0,0.0,0.0,0.0,1.0,0.41276700581855397,0.0,0,1,0,0,0,0,41.276700581855394,malicious,1,PartOfAHorizontalPortScan,CTU-IoT-Malware-Capture-1-1,1,timing_jitter,medium
56,1,0.0,1,0,0.0,0.0,0.0,56,56,0.0,1,0,0,0,1.0,0.0,1,1,0.0,0.0,0,0,0,0,0,0,0,0,0.0,0.0,0.0,0.0,0.0,0.0,0.0,0.0,0.0,0.0,0.0,0.0,0.0,0.0,0.0,0.0,0.0,0.0,0.0,0.0,0.0,0.0,0.0,1.0,0.0,1.0,0,0,0,0,0,0,0.0,benign,0,-,CTU-IoT-Malware-Capture-1-1,0,none,none
40,17,0.0,1,0,0.0,0.0,0.0,40,40,0.0,1,0,0,0,1.0,0.0,1,1,0.0,0.0,0,1,0,0,0,0,0,1,1.0,0.0,0.0,0.0,0.0,0.0,0.0,0.0,0.0,0.0,0.0,0.0,0.0,0.0,0.0,0.0,0.0,0.0,0.0,0.0,0.0,0.0,0.0,1.0,0.0,1.0,0,0,0,0,0,0,0.0,benign,0,-,CTU-IoT-Malware-Capture-1-1,0,none,none
180,6,2.999057,3,0,1.0003144321698454,0.0,0.0,180,180,0.0,3,0,0,0,3.0,0.0,1,1,0.0,0.0,0,1,0,0,0,0,0,1,1.0,0.0,0.0,0.0,0.0,0.0,0.0,0.0,0.0,0.0,0.0,0.0,0.0,0.0,0.0,0.0,2.999057,0.0,0.5067645662128681,0.0,0.0,0.0,0.0,1.0,0.5067645662128681,0.0,0,1,0,0,0,0,50.67645662128682,malicious,1,PartOfAHorizontalPortScan,CTU-IoT-Malware-Capture-1-1,1,timing_jitter,medium
56,1,0.0,1,0,0.0,0.0,0.0,56,56,0.0,1,0,0,0,1.0,0.0,1,1,0.0,0.0,0,0,0,0,0,0,0,0,0.0,0.0,0.0,0.0,0.0,0.0,0.0,0.0,0.0,0.0,0.0,0.0,0.0,0.0,0.0,0.0,0.0,0.0,0.0,0.0,0.0,0.0,0.0,1.0,0.0,1.0,0,0,0,0,0,0,0.0,benign,0,-,CTU-IoT-Malware-Capture-1-1,0,none,none
40,17,0.0,1,0,0.0,0.0,0.0,40,40,0.0,1,0,0,0,1.0,0.0,1,1,0.0,0.0,0,1,0,0,0,0,0,1,1.0,0.0,0.0,0.0,0.0,0.0,0.0,0.0,0.0,0.0,0.0,0.0,0.0,0.0,0.0,0.0,0.0,0.0,0.0,0.0,0.0,0.0,0.0,1.0,0.0,1.0,0,0,0,0,0,0,0.0,benign,0,-,CTU-IoT-Malware-Capture-1-1,0,none,none
40,17,0.0,1,0,0.0,0.0,0.0,40,40,0.0,1,0,0,0,1.0,0.0,1,1,0.0,0.0,0,1,0,0,0,0,0,1,1.0,0.0,0.0,0.0,0.0,0.0,0.0,0.0,0.0,0.0,0.0,0.0,0.0,0.0,0.0,0.0,0.0,0.0,0.0,0.0,0.0,0.0,0.0,1.0,0.0,1.0,0,0,0,0,0,0,0.0,benign,0,-,CTU-IoT-Malware-Capture-1-1,0,none,none
60,6,0.0,1,0,0.0,0.0,0.0,60,60,0.0,1,0,0,0,1.0,0.0,1,1,0.0,0.0,0,1,0,0,0,0,0,1,1.0,0.0,0.0,0.0,0.0,0.0,0.0,0.0,0.0,0.0,0.0,0.0,0.0,0.0,0.0,0.0,0.0,0.0,0.022280094302343456,0.0,0.0,0.0,0.0,1.0,0.022280094302343456,0.0,0,1,0,0,0,0,2.2280094302343456,malicious,1,PartOfAHorizontalPortScan,CTU-IoT-Malware-Capture-1-1,1,timing_jitter,medium
40,17,0.0,1,0,0.0,0.0,0.0,40,40,0.0,1,0,0,0,1.0,0.0,1,1,0.0,0.0,0,1,0,0,0,0,0,1,1.0,0.0,0.0,0.0,0.0,0.0,0.0,0.0,0.0,0.0,0.0,0.0,0.0,0.0,0.0,0.0,0.0,0.0,0.0,0.0,0.0,0.0,0.0,1.0,0.0,1.0,0,0,0,0,0,0,0.0,benign,0,-,CTU-IoT-Malware-Capture-1-1,0,none,none
40,17,0.0,1,0,0.0,0.0,0.0,40,40,0.0,1,0,0,0,1.0,0.0,1,1,0.0,0.0,0,1,0,0,0,0,0,1,1.0,0.0,0.0,0.0,0.0,0.0,0.0,0.0,0.0,0.0,0.0,0.0,0.0,0.0,0.0,0.0,0.0,0.0,0.0,0.0,0.0,0.0,0.0,1.0,0.0,1.0,0,0,0,0,0,0,0.0,benign,0,-,CTU-IoT-Malware-Capture-1-1,0,none,none
40,17,0.0,1,0,0.0,0.0,0.0,40,40,0.0,1,0,0,0,1.0,0.0,1,1,0.0,0.0,0,1,0,0,0,0,0,1,1.0,0.0,0.0,0.0,0.0,0.0,0.0,0.0,0.0,0.0,0.0,0.0,0.0,0.0,0.0,0.0,0.0,0.0,0.0,0.0,0.0,0.0,0.0,1.0,0.0,1.0,0,0,0,0,0,0,0.0,benign,0,-,CTU-IoT-Malware-Capture-1-1,0,none,none
40,17,0.0,1,0,0.0,0.0,0.0,40,40,0.0,1,0,0,0,1.0,0.0,1,1,0.0,0.0,0,1,0,0,0,0,0,1,1.0,0.0,0.0,0.0,0.0,0.0,0.0,0.0,0.0,0.0,0.0,0.0,0.0,0.0,0.0,0.0,0.0,0.0,0.0,0.0,0.0,0.0,0.0,1.0,0.0,1.0,0,0,0,0,0,0,0.0,benign,0,-,CTU-IoT-Malware-Capture-1-1,0,none,none
180,6,2.998814,3,0,1.0003954896835883,0.0,0.0,180,180,0.0,3,0,0,0,3.0,0.0,1,1,0.0,0.0,0,1,0,0,0,0,0,1,1.0,0.0,0.0,0.0,0.0,0.0,0.0,0.0,0.0,0.0,0.0,0.0,0.0,0.0,0.0,0.0,2.998814,0.0,0.16584819200144296,0.0,0.0,0.0,0.0,1.0,0.16584819200144296,0.0,0,1,0,0,0,0,16.584819200144295,malicious,1,PartOfAHorizontalPortScan,CTU-IoT-Malware-Capture-1-1,1,timing_jitter,medium
180,6,2.999055,3,0,1.0003150992562657,0.0,0.0,180,180,0.0,3,0,0,0,3.0,0.0,1,1,0.0,0.0,0,1,0,0,0,0,0,1,1.0,0.0,0.0,0.0,0.0,0.0,0.0,0.0,0.0,0.0,0.0,0.0,0.0,0.0,0.0,0.0,2.999055,0.0,0.09610480075176492,0.0,0.0,0.0,0.0,1.0,0.09610480075176492,0.0,0,1,0,0,0,0,9.610480075176492,malicious,1,PartOfAHorizontalPortScan,CTU-IoT-Malware-Capture-1-1,1,timing_jitter,medium
60,6,0.0,1,0,0.0,0.0,0.0,60,60,0.0,1,0,0,0,1.0,0.0,1,1,0.0,0.0,0,1,0,0,0,0,0,1,1.0,0.0,0.0,0.0,0.0,0.0,0.0,0.0,0.0,0.0,0.0,0.0,0.0,0.0,0.0,0.0,0.0,0.0,0.6707882572760222,0.0,0.0,0.0,0.0,1.0,0.6707882572760222,0.0,0,1,0,0,0,0,67.07882572760222,malicious,1,PartOfAHorizontalPortScan,CTU-IoT-Malware-Capture-1-1,1,timing_jitter,medium
40,17,0.0,1,0,0.0,0.0,0.0,40,40,0.0,1,0,0,0,1.0,0.0,1,1,0.0,0.0,0,1,0,0,0,0,0,1,1.0,0.0,0.0,0.0,0.0,0.0,0.0,0.0,0.0,0.0,0.0,0.0,0.0,0.0,0.0,0.0,0.0,0.0,0.0,0.0,0.0,0.0,0.0,1.0,0.0,1.0,0,0,0,0,0,0,0.0,benign,0,-,CTU-IoT-Malware-Capture-1-1,0,none,none
40,17,0.0,1,0,0.0,0.0,0.0,40,40,0.0,1,0,0,0,1.0,0.0,1,1,0.0,0.0,0,1,0,0,0,0,0,1,1.0,0.0,0.0,0.0,0.0,0.0,0.0,0.0,0.0,0.0,0.0,0.0,0.0,0.0,0.0,0.0,0.0,0.0,0.0,0.0,0.0,0.0,0.0,1.0,0.0,1.0,0,0,0,0,0,0,0.0,benign,0,-,CTU-IoT-Malware-Capture-1-1,0,none,none
40,17,0.0,1,0,0.0,0.0,0.0,40,40,0.0,1,0,0,0,1.0,0.0,1,1,0.0,0.0,0,1,0,0,0,0,0,1,1.0,0.0,0.0,0.0,0.0,0.0,0.0,0.0,0.0,0.0,0.0,0.0,0.0,0.0,0.0,0.0,0.0,0.0,0.0,0.0,0.0,0.0,0.0,1.0,0.0,1.0,0,0,0,0,0,0,0.0,benign,0,-,CTU-IoT-Malware-Capture-1-1,0,none,none
152,17,0.001239,2,96,1614.2050040355125,77481.8401937046,48.0,152,152,0.0,1,1,48,48,1.0,1.0,1,1,0.0,0.0,0,1,0,1,0,0,0,2,0.5,0.0,0.5,0.0,0.0,0.0,0.0,0.0,0.0,0.0,0.0,0.0,0.0,0.0,0.0,0.0,0.001239,0.0,0.0,0.0,0.0,0.0,0.0,1.0,0.0,1.0,0,0,0,0,0,0,0.0,benign,0,-,CTU-IoT-Malware-Capture-1-1,0,none,none
180,6,2.999074,3,0,1.0003087619711952,0.0,0.0,180,180,0.0,3,0,0,0,3.0,0.0,1,1,0.0,0.0,0,1,0,0,0,0,0,1,1.0,0.0,0.0,0.0,0.0,0.0,0.0,0.0,0.0,0.0,0.0,0.0,0.0,0.0,0.0,0.0,2.999074,0.0,0.011891236606259313,0.0,0.0,0.0,0.0,1.0,0.011891236606259313,0.0,0,1,0,0,0,0,1.1891236606259312,malicious,1,PartOfAHorizontalPortScan,CTU-IoT-Malware-Capture-1-1,1,timing_jitter,medium
180,6,2.999062,3,0,1.0003127644576872,0.0,0.0,180,180,0.0,3,0,0,0,3.0,0.0,1,1,0.0,0.0,0,1,0,0,0,0,0,1,1.0,0.0,0.0,0.0,0.0,0.0,0.0,0.0,0.0,0.0,0.0,0.0,0.0,0.0,0.0,0.0,2.999062,0.0,0.10969352213924545,0.0,0.0,0.0,0.0,1.0,0.10969352213924545,0.0,0,1,0,0,0,0,10.969352213924545,malicious,1,PartOfAHorizontalPortScan,CTU-IoT-Malware-Capture-1-1,1,timing_jitter,medium
60,6,0.0,1,0,0.0,0.0,0.0,60,60,0.0,1,0,0,0,1.0,0.0,1,1,0.0,0.0,0,1,0,0,0,0,0,1,1.0,0.0,0.0,0.0,0.0,0.0,0.0,0.0,0.0,0.0,0.0,0.0,0.0,0.0,0.0,0.0,0.0,0.0,0.026689799127098204,0.0,0.0,0.0,0.0,1.0,0.026689799127098204,0.0,0,1,0,0,0,0,2.6689799127098204,malicious,1,PartOfAHorizontalPortScan,CTU-IoT-Malware-Capture-1-1,1,timing_jitter,medium
40,17,0.0,1,0,0.0,0.0,0.0,40,40,0.0,1,0,0,0,1.0,0.0,1,1,0.0,0.0,0,1,0,0,0,0,0,1,1.0,0.0,0.0,0.0,0.0,0.0,0.0,0.0,0.0,0.0,0.0,0.0,0.0,0.0,0.0,0.0,0.0,0.0,0.0,0.0,0.0,0.0,0.0,1.0,0.0,1.0,0,0,0,0,0,0,0.0,benign,0,-,CTU-IoT-Malware-Capture-1-1,0,none,none
180,6,2.998809,3,0,1.0003971576715955,0.0,0.0,180,180,0.0,3,0,0,0,3.0,0.0,1,1,0.0,0.0,0,1,0,0,0,0,0,1,1.0,0.0,0.0,0.0,0.0,0.0,0.0,0.0,0.0,0.0,0.0,0.0,0.0,0.0,0.0,0.0,2.998809,0.0,0.8319108871083009,0.0,0.0,0.0,0.0,1.0,0.8319108871083009,0.0,0,1,0,0,0,0,83.19108871083009,malicious,1,PartOfAHorizontalPortScan,CTU-IoT-Malware-Capture-1-1,1,timing_jitter,medium
40,17,0.0,1,0,0.0,0.0,0.0,40,40,0.0,1,0,0,0,1.0,0.0,1,1,0.0,0.0,0,1,0,0,0,0,0,1,1.0,0.0,0.0,0.0,0.0,0.0,0.0,0.0,0.0,0.0,0.0,0.0,0.0,0.0,0.0,0.0,0.0,0.0,0.0,0.0,0.0,0.0,0.0,1.0,0.0,1.0,0,0,0,0,0,0,0.0,benign,0,-,CTU-IoT-Malware-Capture-1-1,0,none,none
180,6,2.99857,3,0,1.0004768939861335,0.0,0.0,180,180,0.0,3,0,0,0,3.0,0.0,1,1,0.0,0.0,0,1,0,0,0,0,0,1,1.0,0.0,0.0,0.0,0.0,0.0,0.0,0.0,0.0,0.0,0.0,0.0,0.0,0.0,0.0,0.0,2.99857,0.0,0.5046111905972149,0.0,0.0,0.0,0.0,1.0,0.5046111905972149,0.0,0,1,0,0,0,0,50.4611190597215,malicious,1,PartOfAHorizontalPortScan,CTU-IoT-Malware-Capture-1-1,1,timing_jitter,medium
40,17,0.0,1,0,0.0,0.0,0.0,40,40,0.0,1,0,0,0,1.0,0.0,1,1,0.0,0.0,0,1,0,0,0,0,0,1,1.0,0.0,0.0,0.0,0.0,0.0,0.0,0.0,0.0,0.0,0.0,0.0,0.0,0.0,0.0,0.0,0.0,0.0,0.0,0.0,0.0,0.0,0.0,1.0,0.0,1.0,0,0,0,0,0,0,0.0,benign,0,-,CTU-IoT-Malware-Capture-1-1,0,none,none
180,6,2.999309,3,0,1.0002303863990007,0.0,0.0,180,180,0.0,3,0,0,0,3.0,0.0,1,1,0.0,0.0,0,1,0,0,0,0,0,1,1.0,0.0,0.0,0.0,0.0,0.0,0.0,0.0,0.0,0.0,0.0,0.0,0.0,0.0,0.0,0.0,2.999309,0.0,0.0,0.0,0.0,0.0,0.0,1.0,0.0,1.0,0,0,0,0,0,0,0.0,benign,0,-,CTU-IoT-Malware-Capture-1-1,0,none,none
60,6,0.0,1,0,0.0,0.0,0.0,60,60,0.0,1,0,0,0,1.0,0.0,1,1,0.0,0.0,0,1,0,0,0,0,0,1,1.0,0.0,0.0,0.0,0.0,0.0,0.0,0.0,0.0,0.0,0.0,0.0,0.0,0.0,0.0,0.0,0.0,0.0,0.16930108657244627,0.0,0.0,0.0,0.0,1.0,0.16930108657244627,0.0,0,1,0,0,0,0,16.930108657244627,malicious,1,PartOfAHorizontalPortScan,CTU-IoT-Malware-Capture-1-1,1,timing_jitter,medium
152,17,0.003737,2,96,535.1886540005352,25689.05539202569,48.0,152,152,0.0,1,1,48,48,1.0,1.0,1,1,0.0,0.0,0,1,0,1,0,0,0,2,0.5,0.0,0.5,0.0,0.0,0.0,0.0,0.0,0.0,0.0,0.0,0.0,0.0,0.0,0.0,0.0,0.003737,0.0,0.0,0.0,0.0,0.0,0.0,1.0,0.0,1.0,0,0,0,0,0,0,0.0,benign,0,-,CTU-IoT-Malware-Capture-1-1,0,none,none
40,17,0.0,1,0,0.0,0.0,0.0,40,40,0.0,1,0,0,0,1.0,0.0,1,1,0.0,0.0,0,1,0,0,0,0,0,1,1.0,0.0,0.0,0.0,0.0,0.0,0.0,0.0,0.0,0.0,0.0,0.0,0.0,0.0,0.0,0.0,0.0,0.0,0.0,0.0,0.0,0.0,0.0,1.0,0.0,1.0,0,0,0,0,0,0,0.0,benign,0,-,CTU-IoT-Malware-Capture-1-1,0,none,none
40,17,0.0,1,0,0.0,0.0,0.0,40,40,0.0,1,0,0,0,1.0,0.0,1,1,0.0,0.0,0,1,0,0,0,0,0,1,1.0,0.0,0.0,0.0,0.0,0.0,0.0,0.0,0.0,0.0,0.0,0.0,0.0,0.0,0.0,0.0,0.0,0.0,0.0,0.0,0.0,0.0,0.0,1.0,0.0,1.0,0,0,0,0,0,0,0.0,benign,0,-,CTU-IoT-Malware-Capture-1-1,0,none,none
60,6,0.0,1,0,0.0,0.0,0.0,60,60,0.0,1,0,0,0,1.0,0.0,1,1,0.0,0.0,0,1,0,0,0,0,0,1,1.0,0.0,0.0,0.0,0.0,0.0,0.0,0.0,0.0,0.0,0.0,0.0,0.0,0.0,0.0,0.0,0.0,0.0,0.5109234232184126,0.0,0.0,0.0,0.0,1.0,0.5109234232184126,0.0,0,1,0,0,0,0,51.09234232184125,malicious,1,PartOfAHorizontalPortScan,CTU-IoT-Malware-Capture-1-1,1,timing_jitter,medium
176,1,4e-06,2,120,500000.0,30000000.0,60.0,176,176,0.0,2,0,120,0,2.0,120.0,1,1,0.0,0.0,0,0,0,0,0,0,0,0,0.0,0.0,0.0,0.0,0.0,0.0,0.0,0.0,0.0,0.0,0.0,0.0,0.0,0.0,0.0,0.0,4e-06,0.0,0.0,0.0,0.0,0.0,0.0,1.0,0.0,1.0,0,0,0,0,0,0,0.0,benign,0,-,CTU-IoT-Malware-Capture-1-1,0,none,none
40,17,0.0,1,0,0.0,0.0,0.0,40,40,0.0,1,0,0,0,1.0,0.0,1,1,0.0,0.0,0,1,0,0,0,0,0,1,1.0,0.0,0.0,0.0,0.0,0.0,0.0,0.0,0.0,0.0,0.0,0.0,0.0,0.0,0.0,0.0,0.0,0.0,0.0,0.0,0.0,0.0,0.0,1.0,0.0,1.0,0,0,0,0,0,0,0.0,benign,0,-,CTU-IoT-Malware-Capture-1-1,0,none,none
60,6,0.0,1,0,0.0,0.0,0.0,60,60,0.0,1,0,0,0,1.0,0.0,1,1,0.0,0.0,0,1,0,0,0,0,0,1,1.0,0.0,0.0,0.0,0.0,0.0,0.0,0.0,0.0,0.0,0.0,0.0,0.0,0.0,0.0,0.0,0.0,0.0,0.38274401501588806,0.0,0.0,0.0,0.0,1.0,0.38274401501588806,0.0,0,1,0,0,0,0,38.274401501588805,malicious,1,PartOfAHorizontalPortScan,CTU-IoT-Malware-Capture-1-1,1,timing_jitter,medium
180,6,2.998819,3,0,1.000393821701143,0.0,0.0,180,180,0.0,3,0,0,0,3.0,0.0,1,1,0.0,0.0,0,1,0,0,0,0,0,1,1.0,0.0,0.0,0.0,0.0,0.0,0.0,0.0,0.0,0.0,0.0,0.0,0.0,0.0,0.0,0.0,2.998819,0.0,0.603007584777345,0.0,0.0,0.0,0.0,1.0,0.603007584777345,0.0,0,1,0,0,0,0,60.30075847773449,malicious,1,PartOfAHorizontalPortScan,CTU-IoT-Malware-Capture-1-1,1,timing_jitter,medium
40,17,0.0,1,0,0.0,0.0,0.0,40,40,0.0,1,0,0,0,1.0,0.0,1,1,0.0,0.0,0,1,0,0,0,0,0,1,1.0,0.0,0.0,0.0,0.0,0.0,0.0,0.0,0.0,0.0,0.0,0.0,0.0,0.0,0.0,0.0,0.0,0.0,0.0,0.0,0.0,0.0,0.0,1.0,0.0,1.0,0,0,0,0,0,0,0.0,benign,0,-,CTU-IoT-Malware-Capture-1-1,0,none,none
40,17,0.0,1,0,0.0,0.0,0.0,40,40,0.0,1,0,0,0,1.0,0.0,1,1,0.0,0.0,0,1,0,0,0,0,0,1,1.0,0.0,0.0,0.0,0.0,0.0,0.0,0.0,0.0,0.0,0.0,0.0,0.0,0.0,0.0,0.0,0.0,0.0,0.0,0.0,0.0,0.0,0.0,1.0,0.0,1.0,0,0,0,0,0,0,0.0,benign,0,-,CTU-IoT-Malware-Capture-1-1,0,none,none
60,6,0.0,1,0,0.0,0.0,0.0,60,60,0.0,1,0,0,0,1.0,0.0,1,1,0.0,0.0,0,1,0,0,0,0,0,1,1.0,0.0,0.0,0.0,0.0,0.0,0.0,0.0,0.0,0.0,0.0,0.0,0.0,0.0,0.0,0.0,0.0,0.0,0.5296307762228979,0.0,0.0,0.0,0.0,1.0,0.5296307762228979,0.0,0,1,0,0,0,0,52.96307762228979,malicious,1,PartOfAHorizontalPortScan,CTU-IoT-Malware-Capture-1-1,1,timing_jitter,medium
40,17,0.0,1,0,0.0,0.0,0.0,40,40,0.0,1,0,0,0,1.0,0.0,1,1,0.0,0.0,0,1,0,0,0,0,0,1,1.0,0.0,0.0,0.0,0.0,0.0,0.0,0.0,0.0,0.0,0.0,0.0,0.0,0.0,0.0,0.0,0.0,0.0,0.0,0.0,0.0,0.0,0.0,1.0,0.0,1.0,0,0,0,0,0,0,0.0,benign,0,-,CTU-IoT-Malware-Capture-1-1,0,none,none
180,6,2.998815,3,0,1.0003951560866542,0.0,0.0,180,180,0.0,3,0,0,0,3.0,0.0,1,1,0.0,0.0,0,1,0,0,0,0,0,1,1.0,0.0,0.0,0.0,0.0,0.0,0.0,0.0,0.0,0.0,0.0,0.0,0.0,0.0,0.0,0.0,2.998815,0.0,0.3624034451974916,0.0,0.0,0.0,0.0,1.0,0.3624034451974916,0.0,0,1,0,0,0,0,36.240344519749165,malicious,1,PartOfAHorizontalPortScan,CTU-IoT-Malware-Capture-1-1,1,timing_jitter,medium
60,6,0.0,1,0,0.0,0.0,0.0,60,60,0.0,1,0,0,0,1.0,0.0,1,1,0.0,0.0,0,1,0,0,0,0,0,1,1.0,0.0,0.0,0.0,0.0,0.0,0.0,0.0,0.0,0.0,0.0,0.0,0.0,0.0,0.0,0.0,0.0,0.0,0.8844229415492816,0.0,0.0,0.0,0.0,1.0,0.8844229415492816,0.0,0,1,0,0,0,0,88.44229415492816,malicious,1,PartOfAHorizontalPortScan,CTU-IoT-Malware-Capture-1-1,1,timing_jitter,medium
60,6,0.0,1,0,0.0,0.0,0.0,60,60,0.0,1,0,0,0,1.0,0.0,1,1,0.0,0.0,0,1,0,0,0,0,0,1,1.0,0.0,0.0,0.0,0.0,0.0,0.0,0.0,0.0,0.0,0.0,0.0,0.0,0.0,0.0,0.0,0.0,0.0,0.0,0.0,0.0,0.0,0.0,1.0,0.0,1.0,0,0,0,0,0,0,0.0,benign,0,-,CTU-IoT-Malware-Capture-1-1,0,none,none
40,17,0.0,1,0,0.0,0.0,0.0,40,40,0.0,1,0,0,0,1.0,0.0,1,1,0.0,0.0,0,1,0,0,0,0,0,1,1.0,0.0,0.0,0.0,0.0,0.0,0.0,0.0,0.0,0.0,0.0,0.0,0.0,0.0,0.0,0.0,0.0,0.0,0.0,0.0,0.0,0.0,0.0,1.0,0.0,1.0,0,0,0,0,0,0,0.0,benign,0,-,CTU-IoT-Malware-Capture-1-1,0,none,none
40,17,0.0,1,0,0.0,0.0,0.0,40,40,0.0,1,0,0,0,1.0,0.0,1,1,0.0,0.0,0,1,0,0,0,0,0,1,1.0,0.0,0.0,0.0,0.0,0.0,0.0,0.0,0.0,0.0,0.0,0.0,0.0,0.0,0.0,0.0,0.0,0.0,0.0,0.0,0.0,0.0,0.0,1.0,0.0,1.0,0,0,0,0,0,0,0.0,benign,0,-,CTU-IoT-Malware-Capture-1-1,0,none,none
40,17,0.0,1,0,0.0,0.0,0.0,40,40,0.0,1,0,0,0,1.0,0.0,1,1,0.0,0.0,0,1,0,0,0,0,0,1,1.0,0.0,0.0,0.0,0.0,0.0,0.0,0.0,0.0,0.0,0.0,0.0,0.0,0.0,0.0,0.0,0.0,0.0,0.0,0.0,0.0,0.0,0.0,1.0,0.0,1.0,0,0,0,0,0,0,0.0,benign,0,-,CTU-IoT-Malware-Capture-1-1,0,none,none
40,17,0.0,1,0,0.0,0.0,0.0,40,40,0.0,1,0,0,0,1.0,0.0,1,1,0.0,0.0,0,1,0,0,0,0,0,1,1.0,0.0,0.0,0.0,0.0,0.0,0.0,0.0,0.0,0.0,0.0,0.0,0.0,0.0,0.0,0.0,0.0,0.0,0.0,0.0,0.0,0.0,0.0,1.0,0.0,1.0,0,0,0,0,0,0,0.0,benign,0,-,CTU-IoT-Malware-Capture-1-1,0,none,none
60,6,0.0,1,0,0.0,0.0,0.0,60,60,0.0,1,0,0,0,1.0,0.0,1,1,0.0,0.0,0,1,0,0,0,0,0,1,1.0,0.0,0.0,0.0,0.0,0.0,0.0,0.0,0.0,0.0,0.0,0.0,0.0,0.0,0.0,0.0,0.0,0.0,0.0,0.0,0.0,0.0,0.0,1.0,0.0,1.0,0,0,0,0,0,0,0.0,benign,0,-,CTU-IoT-Malware-Capture-1-1,0,none,none
40,17,0.0,1,0,0.0,0.0,0.0,40,40,0.0,1,0,0,0,1.0,0.0,1,1,0.0,0.0,0,1,0,0,0,0,0,1,1.0,0.0,0.0,0.0,0.0,0.0,0.0,0.0,0.0,0.0,0.0,0.0,0.0,0.0,0.0,0.0,0.0,0.0,0.0,0.0,0.0,0.0,0.0,1.0,0.0,1.0,0,0,0,0,0,0,0.0,benign,0,-,CTU-IoT-Malware-Capture-1-1,0,none,none
40,17,0.0,1,0,0.0,0.0,0.0,40,40,0.0,1,0,0,0,1.0,0.0,1,1,0.0,0.0,0,1,0,0,0,0,0,1,1.0,0.0,0.0,0.0,0.0,0.0,0.0,0.0,0.0,0.0,0.0,0.0,0.0,0.0,0.0,0.0,0.0,0.0,0.0,0.0,0.0,0.0,0.0,1.0,0.0,1.0,0,0,0,0,0,0,0.0,benign,0,-,CTU-IoT-Malware-Capture-1-1,0,none,none
180,6,2.99882,3,0,1.0003934881053216,0.0,0.0,180,180,0.0,3,0,0,0,3.0,0.0,1,1,0.0,0.0,0,1,0,0,0,0,0,1,1.0,0.0,0.0,0.0,0.0,0.0,0.0,0.0,0.0,0.0,0.0,0.0,0.0,0.0,0.0,0.0,2.99882,0.0,0.43602408343776455,0.0,0.0,0.0,0.0,1.0,0.43602408343776455,0.0,0,1,0,0,0,0,43.60240834377645,malicious,1,PartOfAHorizontalPortScan,CTU-IoT-Malware-Capture-1-1,1,timing_jitter,medium
180,6,2.998828,3,0,1.000390819346758,0.0,0.0,180,180,0.0,3,0,0,0,3.0,0.0,1,1,0.0,0.0,0,1,0,0,0,0,0,1,1.0,0.0,0.0,0.0,0.0,0.0,0.0,0.0,0.0,0.0,0.0,0.0,0.0,0.0,0.0,0.0,2.998828,0.0,0.044367038442645564,0.0,0.0,0.0,0.0,1.0,0.044367038442645564,0.0,0,1,0,0,0,0,4.4367038442645566,malicious,1,PartOfAHorizontalPortScan,CTU-IoT-Malware-Capture-1-1,1,timing_jitter,medium
40,17,0.0,1,0,0.0,0.0,0.0,40,40,0.0,1,0,0,0,1.0,0.0,1,1,0.0,0.0,0,1,0,0,0,0,0,1,1.0,0.0,0.0,0.0,0.0,0.0,0.0,0.0,0.0,0.0,0.0,0.0,0.0,0.0,0.0,0.0,0.0,0.0,0.0,0.0,0.0,0.0,0.0,1.0,0.0,1.0,0,0,0,0,0,0,0.0,benign,0,-,CTU-IoT-Malware-Capture-1-1,0,none,none
40,17,0.0,1,0,0.0,0.0,0.0,40,40,0.0,1,0,0,0,1.0,0.0,1,1,0.0,0.0,0,1,0,0,0,0,0,1,1.0,0.0,0.0,0.0,0.0,0.0,0.0,0.0,0.0,0.0,0.0,0.0,0.0,0.0,0.0,0.0,0.0,0.0,0.0,0.0,0.0,0.0,0.0,1.0,0.0,1.0,0,0,0,0,0,0,0.0,benign,0,-,CTU-IoT-Malware-Capture-1-1,0,none,none
60,6,0.0,1,0,0.0,0.0,0.0,60,60,0.0,1,0,0,0,1.0,0.0,1,1,0.0,0.0,0,1,0,0,0,0,0,1,1.0,0.0,0.0,0.0,0.0,0.0,0.0,0.0,0.0,0.0,0.0,0.0,0.0,0.0,0.0,0.0,0.0,0.0,0.24810684957307316,0.0,0.0,0.0,0.0,1.0,0.24810684957307316,0.0,0,1,0,0,0,0,24.810684957307316,malicious,1,PartOfAHorizontalPortScan,CTU-IoT-Malware-Capture-1-1,1,timing_jitter,medium
68,1,0.0,1,0,0.0,0.0,0.0,68,68,0.0,1,0,0,0,1.0,0.0,1,1,0.0,0.0,0,0,0,0,0,0,0,0,0.0,0.0,0.0,0.0,0.0,0.0,0.0,0.0,0.0,0.0,0.0,0.0,0.0,0.0,0.0,0.0,0.0,0.0,0.0,0.0,0.0,0.0,0.0,1.0,0.0,1.0,0,0,0,0,0,0,0.0,benign,0,-,CTU-IoT-Malware-Capture-1-1,0,none,none
40,17,0.0,1,0,0.0,0.0,0.0,40,40,0.0,1,0,0,0,1.0,0.0,1,1,0.0,0.0,0,1,0,0,0,0,0,1,1.0,0.0,0.0,0.0,0.0,0.0,0.0,0.0,0.0,0.0,0.0,0.0,0.0,0.0,0.0,0.0,0.0,0.0,0.0,0.0,0.0,0.0,0.0,1.0,0.0,1.0,0,0,0,0,0,0,0.0,benign,0,-,CTU-IoT-Malware-Capture-1-1,0,none,none
60,6,0.0,1,0,0.0,0.0,0.0,60,60,0.0,1,0,0,0,1.0,0.0,1,1,0.0,0.0,0,1,0,0,0,0,0,1,1.0,0.0,0.0,0.0,0.0,0.0,0.0,0.0,0.0,0.0,0.0,0.0,0.0,0.0,0.0,0.0,0.0,0.0,1.0,0.0,0.0,0.0,0.0,1.0,1.0,0.0,0,1,0,0,0,0,100.0,malicious,1,PartOfAHorizontalPortScan,CTU-IoT-Malware-Capture-1-1,1,timing_jitter,medium
40,17,0.0,1,0,0.0,0.0,0.0,40,40,0.0,1,0,0,0,1.0,0.0,1,1,0.0,0.0,0,1,0,0,0,0,0,1,1.0,0.0,0.0,0.0,0.0,0.0,0.0,0.0,0.0,0.0,0.0,0.0,0.0,0.0,0.0,0.0,0.0,0.0,0.0,0.0,0.0,0.0,0.0,1.0,0.0,1.0,0,0,0,0,0,0,0.0,benign,0,-,CTU-IoT-Malware-Capture-1-1,0,none,none
180,6,2.998816,3,0,1.0003948224899426,0.0,0.0,180,180,0.0,3,0,0,0,3.0,0.0,1,1,0.0,0.0,0,1,0,0,0,0,0,1,1.0,0.0,0.0,0.0,0.0,0.0,0.0,0.0,0.0,0.0,0.0,0.0,0.0,0.0,0.0,0.0,2.998816,0.0,0.34164157272760276,0.0,0.0,0.0,0.0,1.0,0.34164157272760276,0.0,0,1,0,0,0,0,34.16415727276028,malicious,1,PartOfAHorizontalPortScan,CTU-IoT-Malware-Capture-1-1,1,timing_jitter,medium
40,17,0.0,1,0,0.0,0.0,0.0,40,40,0.0,1,0,0,0,1.0,0.0,1,1,0.0,0.0,0,1,0,0,0,0,0,1,1.0,0.0,0.0,0.0,0.0,0.0,0.0,0.0,0.0,0.0,0.0,0.0,0.0,0.0,0.0,0.0,0.0,0.0,0.0,0.0,0.0,0.0,0.0,1.0,0.0,1.0,0,0,0,0,0,0,0.0,benign,0,-,CTU-IoT-Malware-Capture-1-1,0,none,none
40,17,0.0,1,0,0.0,0.0,0.0,40,40,0.0,1,0,0,0,1.0,0.0,1,1,0.0,0.0,0,1,0,0,0,0,0,1,1.0,0.0,0.0,0.0,0.0,0.0,0.0,0.0,0.0,0.0,0.0,0.0,0.0,0.0,0.0,0.0,0.0,0.0,0.0,0.0,0.0,0.0,0.0,1.0,0.0,1.0,0,0,0,0,0,0,0.0,benign,0,-,CTU-IoT-Malware-Capture-1-1,0,none,none
40,17,0.0,1,0,0.0,0.0,0.0,40,40,0.0,1,0,0,0,1.0,0.0,1,1,0.0,0.0,0,1,0,0,0,0,0,1,1.0,0.0,0.0,0.0,0.0,0.0,0.0,0.0,0.0,0.0,0.0,0.0,0.0,0.0,0.0,0.0,0.0,0.0,0.0,0.0,0.0,0.0,0.0,1.0,0.0,1.0,0,0,0,0,0,0,0.0,benign,0,-,CTU-IoT-Malware-Capture-1-1,0,none,none
40,17,0.0,1,0,0.0,0.0,0.0,40,40,0.0,1,0,0,0,1.0,0.0,1,1,0.0,0.0,0,1,0,0,0,0,0,1,1.0,0.0,0.0,0.0,0.0,0.0,0.0,0.0,0.0,0.0,0.0,0.0,0.0,0.0,0.0,0.0,0.0,0.0,0.0,0.0,0.0,0.0,0.0,1.0,0.0,1.0,0,0,0,0,0,0,0.0,benign,0,-,CTU-IoT-Malware-Capture-1-1,0,none,none
60,6,0.0,1,0,0.0,0.0,0.0,60,60,0.0,1,0,0,0,1.0,0.0,1,1,0.0,0.0,0,1,0,0,0,0,0,1,1.0,0.0,0.0,0.0,0.0,0.0,0.0,0.0,0.0,0.0,0.0,0.0,0.0,0.0,0.0,0.0,0.0,0.0,1.0,0.0,0.0,0.0,0.0,1.0,1.0,0.0,0,1,0,0,0,0,100.0,malicious,1,PartOfAHorizontalPortScan,CTU-IoT-Malware-Capture-1-1,1,timing_jitter,medium
60,6,0.0,1,0,0.0,0.0,0.0,60,60,0.0,1,0,0,0,1.0,0.0,1,1,0.0,0.0,0,1,0,0,0,0,0,1,1.0,0.0,0.0,0.0,0.0,0.0,0.0,0.0,0.0,0.0,0.0,0.0,0.0,0.0,0.0,0.0,0.0,0.0,0.51933904428999,0.0,0.0,0.0,0.0,1.0,0.51933904428999,0.0,0,1,0,0,0,0,51.933904428999,malicious,1,PartOfAHorizontalPortScan,CTU-IoT-Malware-Capture-1-1,1,timing_jitter,medium
40,17,0.0,1,0,0.0,0.0,0.0,40,40,0.0,1,0,0,0,1.0,0.0,1,1,0.0,0.0,0,1,0,0,0,0,0,1,1.0,0.0,0.0,0.0,0.0,0.0,0.0,0.0,0.0,0.0,0.0,0.0,0.0,0.0,0.0,0.0,0.0,0.0,0.0,0.0,0.0,0.0,0.0,1.0,0.0,1.0,0,0,0,0,0,0,0.0,benign,0,-,CTU-IoT-Malware-Capture-1-1,0,none,none
60,6,0.0,1,0,0.0,0.0,0.0,60,60,0.0,1,0,0,0,1.0,0.0,1,1,0.0,0.0,0,1,0,0,0,0,0,1,1.0,0.0,0.0,0.0,0.0,0.0,0.0,0.0,0.0,0.0,0.0,0.0,0.0,0.0,0.0,0.0,0.0,0.0,0.06350381051369935,0.0,0.0,0.0,0.0,1.0,0.06350381051369935,0.0,0,1,0,0,0,0,6.3503810513699355,malicious,1,PartOfAHorizontalPortScan,CTU-IoT-Malware-Capture-1-1,1,timing_jitter,medium
40,17,0.0,1,0,0.0,0.0,0.0,40,40,0.0,1,0,0,0,1.0,0.0,1,1,0.0,0.0,0,1,0,0,0,0,0,1,1.0,0.0,0.0,0.0,0.0,0.0,0.0,0.0,0.0,0.0,0.0,0.0,0.0,0.0,0.0,0.0,0.0,0.0,0.0,0.0,0.0,0.0,0.0,1.0,0.0,1.0,0,0,0,0,0,0,0.0,benign,0,-,CTU-IoT-Malware-Capture-1-1,0,none,none
180,6,2.999062,3,0,1.0003127644576872,0.0,0.0,180,180,0.0,3,0,0,0,3.0,0.0,1,1,0.0,0.0,0,1,0,0,0,0,0,1,1.0,0.0,0.0,0.0,0.0,0.0,0.0,0.0,0.0,0.0,0.0,0.0,0.0,0.0,0.0,0.0,2.999062,0.0,0.41093718099041504,0.0,0.0,0.0,0.0,1.0,0.41093718099041504,0.0,0,1,0,0,0,0,41.0937180990415,malicious,1,PartOfAHorizontalPortScan,CTU-IoT-Malware-Capture-1-1,1,timing_jitter,medium
100,6,0.128447,2,0,15.570624459893963,0.0,0.0,100,100,0.0,1,1,0,0,1.0,0.0,1,1,0.0,0.0,0,0,0,0,1,0,0,1,0.0,0.0,0.0,1.0,0.0,0.0,0.0,0.0,0.0,0.0,0.0,0.0,0.0,0.0,0.0,0.0,0.128447,0.0,0.6762037894619892,0.0,0.0,0.0,0.0,1.0,0.6762037894619892,0.0,0,1,0,0,0,0,67.62037894619893,malicious,1,PartOfAHorizontalPortScan,CTU-IoT-Malware-Capture-1-1,1,timing_jitter,medium
180,6,2.998814,3,0,1.0003954896835883,0.0,0.0,180,180,0.0,3,0,0,0,3.0,0.0,1,1,0.0,0.0,0,1,0,0,0,0,0,1,1.0,0.0,0.0,0.0,0.0,0.0,0.0,0.0,0.0,0.0,0.0,0.0,0.0,0.0,0.0,0.0,2.998814,0.0,0.14375395259840207,0.0,0.0,0.0,0.0,1.0,0.14375395259840207,0.0,0,1,0,0,0,0,14.375395259840207,malicious,1,PartOfAHorizontalPortScan,CTU-IoT-Malware-Capture-1-1,1,timing_jitter,medium
68,1,0.0,1,0,0.0,0.0,0.0,68,68,0.0,1,0,0,0,1.0,0.0,1,1,0.0,0.0,0,0,0,0,0,0,0,0,0.0,0.0,0.0,0.0,0.0,0.0,0.0,0.0,0.0,0.0,0.0,0.0,0.0,0.0,0.0,0.0,0.0,0.0,0.0,0.0,0.0,0.0,0.0,1.0,0.0,1.0,0,0,0,0,0,0,0.0,benign,0,-,CTU-IoT-Malware-Capture-1-1,0,none,none
60,6,0.0,1,0,0.0,0.0,0.0,60,60,0.0,1,0,0,0,1.0,0.0,1,1,0.0,0.0,0,1,0,0,0,0,0,1,1.0,0.0,0.0,0.0,0.0,0.0,0.0,0.0,0.0,0.0,0.0,0.0,0.0,0.0,0.0,0.0,0.0,0.0,0.10428021556111274,0.0,0.0,0.0,0.0,1.0,0.10428021556111274,0.0,0,1,0,0,0,0,10.428021556111274,malicious,1,PartOfAHorizontalPortScan,CTU-IoT-Malware-Capture-1-1,1,timing_jitter,medium
180,6,2.999075,3,0,1.0003084284321,0.0,0.0,180,180,0.0,3,0,0,0,3.0,0.0,1,1,0.0,0.0,0,1,0,0,0,0,0,1,1.0,0.0,0.0,0.0,0.0,0.0,0.0,0.0,0.0,0.0,0.0,0.0,0.0,0.0,0.0,0.0,2.999075,0.0,0.11003761177492725,0.0,0.0,0.0,0.0,1.0,0.11003761177492725,0.0,0,1,0,0,0,0,11.003761177492725,malicious,1,PartOfAHorizontalPortScan,CTU-IoT-Malware-Capture-1-1,1,timing_jitter,medium
60,6,0.0,1,0,0.0,0.0,0.0,60,60,0.0,1,0,0,0,1.0,0.0,1,1,0.0,0.0,0,1,0,0,0,0,0,1,1.0,0.0,0.0,0.0,0.0,0.0,0.0,0.0,0.0,0.0,0.0,0.0,0.0,0.0,0.0,0.0,0.0,0.0,0.049841499789617084,0.0,0.0,0.0,0.0,1.0,0.049841499789617084,0.0,0,1,0,0,0,0,4.9841499789617085,malicious,1,PartOfAHorizontalPortScan,CTU-IoT-Malware-Capture-1-1,1,timing_jitter,medium
40,17,0.0,1,0,0.0,0.0,0.0,40,40,0.0,1,0,0,0,1.0,0.0,1,1,0.0,0.0,0,1,0,0,0,0,0,1,1.0,0.0,0.0,0.0,0.0,0.0,0.0,0.0,0.0,0.0,0.0,0.0,0.0,0.0,0.0,0.0,0.0,0.0,0.0,0.0,0.0,0.0,0.0,1.0,0.0,1.0,0,0,0,0,0,0,0.0,benign,0,-,CTU-IoT-Malware-Capture-1-1,0,none,none
40,17,0.0,1,0,0.0,0.0,0.0,40,40,0.0,1,0,0,0,1.0,0.0,1,1,0.0,0.0,0,1,0,0,0,0,0,1,1.0,0.0,0.0,0.0,0.0,0.0,0.0,0.0,0.0,0.0,0.0,0.0,0.0,0.0,0.0,0.0,0.0,0.0,0.0,0.0,0.0,0.0,0.0,1.0,0.0,1.0,0,0,0,0,0,0,0.0,benign,0,-,CTU-IoT-Malware-Capture-1-1,0,none,none
40,17,0.0,1,0,0.0,0.0,0.0,40,40,0.0,1,0,0,0,1.0,0.0,1,1,0.0,0.0,0,1,0,0,0,0,0,1,1.0,0.0,0.0,0.0,0.0,0.0,0.0,0.0,0.0,0.0,0.0,0.0,0.0,0.0,0.0,0.0,0.0,0.0,0.0,0.0,0.0,0.0,0.0,1.0,0.0,1.0,0,0,0,0,0,0,0.0,benign,0,-,CTU-IoT-Malware-Capture-1-1,0,none,none
60,6,0.0,1,0,0.0,0.0,0.0,60,60,0.0,1,0,0,0,1.0,0.0,1,1,0.0,0.0,0,1,0,0,0,0,0,1,1.0,0.0,0.0,0.0,0.0,0.0,0.0,0.0,0.0,0.0,0.0,0.0,0.0,0.0,0.0,0.0,0.0,0.0,0.6817672954186034,0.0,0.0,0.0,0.0,1.0,0.6817672954186034,0.0,0,1,0,0,0,0,68.17672954186034,malicious,1,PartOfAHorizontalPortScan,CTU-IoT-Malware-Capture-1-1,1,timing_jitter,medium
180,6,2.998805,3,0,1.0003984920660063,0.0,0.0,180,180,0.0,3,0,0,0,3.0,0.0,1,1,0.0,0.0,0,1,0,0,0,0,0,1,1.0,0.0,0.0,0.0,0.0,0.0,0.0,0.0,0.0,0.0,0.0,0.0,0.0,0.0,0.0,0.0,2.998805,0.0,0.5821391353648242,0.0,0.0,0.0,0.0,1.0,0.5821391353648242,0.0,0,1,0,0,0,0,58.213913536482416,malicious,1,PartOfAHorizontalPortScan,CTU-IoT-Malware-Capture-1-1,1,timing_jitter,medium
180,6,2.999068,3,0,1.0003107632104373,0.0,0.0,180,180,0.0,3,0,0,0,3.0,0.0,1,1,0.0,0.0,0,1,0,0,0,0,0,1,1.0,0.0,0.0,0.0,0.0,0.0,0.0,0.0,0.0,0.0,0.0,0.0,0.0,0.0,0.0,0.0,2.999068,0.0,0.23041999520152776,0.0,0.0,0.0,0.0,1.0,0.23041999520152776,0.0,0,1,0,0,0,0,23.041999520152775,malicious,1,PartOfAHorizontalPortScan,CTU-IoT-Malware-Capture-1-1,1,timing_jitter,medium
40,17,0.0,1,0,0.0,0.0,0.0,40,40,0.0,1,0,0,0,1.0,0.0,1,1,0.0,0.0,0,1,0,0,0,0,0,1,1.0,0.0,0.0,0.0,0.0,0.0,0.0,0.0,0.0,0.0,0.0,0.0,0.0,0.0,0.0,0.0,0.0,0.0,0.0,0.0,0.0,0.0,0.0,1.0,0.0,1.0,0,0,0,0,0,0,0.0,benign,0,-,CTU-IoT-Malware-Capture-1-1,0,none,none
60,6,0.0,1,0,0.0,0.0,0.0,60,60,0.0,1,0,0,0,1.0,0.0,1,1,0.0,0.0,0,1,0,0,0,0,0,1,1.0,0.0,0.0,0.0,0.0,0.0,0.0,0.0,0.0,0.0,0.0,0.0,0.0,0.0,0.0,0.0,0.0,0.0,0.5063483093388568,0.0,0.0,0.0,0.0,1.0,0.5063483093388568,0.0,0,1,0,0,0,0,50.63483093388568,malicious,1,PartOfAHorizontalPortScan,CTU-IoT-Malware-Capture-1-1,1,timing_jitter,medium
60,6,0.0,1,0,0.0,0.0,0.0,60,60,0.0,1,0,0,0,1.0,0.0,1,1,0.0,0.0,0,1,0,0,0,0,0,1,1.0,0.0,0.0,0.0,0.0,0.0,0.0,0.0,0.0,0.0,0.0,0.0,0.0,0.0,0.0,0.0,0.0,0.0,0.7013219799827395,0.0,0.0,0.0,0.0,1.0,0.7013219799827395,0.0,0,1,0,0,0,0,70.13219799827395,malicious,1,PartOfAHorizontalPortScan,CTU-IoT-Malware-Capture-1-1,1,timing_jitter,medium
60,6,0.0,1,0,0.0,0.0,0.0,60,60,0.0,1,0,0,0,1.0,0.0,1,1,0.0,0.0,0,1,0,0,0,0,0,1,1.0,0.0,0.0,0.0,0.0,0.0,0.0,0.0,0.0,0.0,0.0,0.0,0.0,0.0,0.0,0.0,0.0,0.0,0.3527524145789674,0.0,0.0,0.0,0.0,1.0,0.3527524145789674,0.0,0,1,0,0,0,0,35.27524145789674,malicious,1,PartOfAHorizontalPortScan,CTU-IoT-Malware-Capture-1-1,1,timing_jitter,medium
60,6,0.0,1,0,0.0,0.0,0.0,60,60,0.0,1,0,0,0,1.0,0.0,1,1,0.0,0.0,0,1,0,0,0,0,0,1,1.0,0.0,0.0,0.0,0.0,0.0,0.0,0.0,0.0,0.0,0.0,0.0,0.0,0.0,0.0,0.0,0.0,0.0,0.8336979756447076,0.0,0.0,0.0,0.0,1.0,0.8336979756447076,0.0,0,1,0,0,0,0,83.36979756447076,malicious,1,PartOfAHorizontalPortScan,CTU-IoT-Malware-Capture-1-1,1,timing_jitter,medium
60,6,0.0,1,0,0.0,0.0,0.0,60,60,0.0,1,0,0,0,1.0,0.0,1,1,0.0,0.0,0,1,0,0,0,0,0,1,1.0,0.0,0.0,0.0,0.0,0.0,0.0,0.0,0.0,0.0,0.0,0.0,0.0,0.0,0.0,0.0,0.0,0.0,1.0,0.0,0.0,0.0,0.0,1.0,1.0,0.0,0,1,0,0,0,0,100.0,malicious,1,PartOfAHorizontalPortScan,CTU-IoT-Malware-Capture-1-1,1,timing_jitter,medium
180,6,2.998566,3,0,1.0004782285932676,0.0,0.0,180,180,0.0,3,0,0,0,3.0,0.0,1,1,0.0,0.0,0,1,0,0,0,0,0,1,1.0,0.0,0.0,0.0,0.0,0.0,0.0,0.0,0.0,0.0,0.0,0.0,0.0,0.0,0.0,0.0,2.998566,0.0,0.4023792773982239,0.0,0.0,0.0,0.0,1.0,0.4023792773982239,0.0,0,1,0,0,0,0,40.23792773982239,malicious,1,PartOfAHorizontalPortScan,CTU-IoT-Malware-Capture-1-1,1,timing_jitter,medium
60,6,0.0,1,0,0.0,0.0,0.0,60,60,0.0,1,0,0,0,1.0,0.0,1,1,0.0,0.0,0,1,0,0,0,0,0,1,1.0,0.0,0.0,0.0,0.0,0.0,0.0,0.0,0.0,0.0,0.0,0.0,0.0,0.0,0.0,0.0,0.0,0.0,0.0762148962543434,0.0,0.0,0.0,0.0,1.0,0.0762148962543434,0.0,0,1,0,0,0,0,7.621489625434339,malicious,1,PartOfAHorizontalPortScan,CTU-IoT-Malware-Capture-1-1,1,timing_jitter,medium
40,17,0.0,1,0,0.0,0.0,0.0,40,40,0.0,1,0,0,0,1.0,0.0,1,1,0.0,0.0,0,1,0,0,0,0,0,1,1.0,0.0,0.0,0.0,0.0,0.0,0.0,0.0,0.0,0.0,0.0,0.0,0.0,0.0,0.0,0.0,0.0,0.0,0.0,0.0,0.0,0.0,0.0,1.0,0.0,1.0,0,0,0,0,0,0,0.0,benign,0,-,CTU-IoT-Malware-Capture-1-1,0,none,none
60,6,0.0,1,0,0.0,0.0,0.0,60,60,0.0,1,0,0,0,1.0,0.0,1,1,0.0,0.0,0,1,0,0,0,0,0,1,1.0,0.0,0.0,0.0,0.0,0.0,0.0,0.0,0.0,0.0,0.0,0.0,0.0,0.0,0.0,0.0,0.0,0.0,0.0898156987274902,0.0,0.0,0.0,0.0,1.0,0.0898156987274902,0.0,0,1,0,0,0,0,8.98156987274902,malicious,1,PartOfAHorizontalPortScan,CTU-IoT-Malware-Capture-1-1,1,timing_jitter,medium
40,17,0.0,1,0,0.0,0.0,0.0,40,40,0.0,1,0,0,0,1.0,0.0,1,1,0.0,0.0,0,1,0,0,0,0,0,1,1.0,0.0,0.0,0.0,0.0,0.0,0.0,0.0,0.0,0.0,0.0,0.0,0.0,0.0,0.0,0.0,0.0,0.0,0.0,0.0,0.0,0.0,0.0,1.0,0.0,1.0,0,0,0,0,0,0,0.0,benign,0,-,CTU-IoT-Malware-Capture-1-1,0,none,none
40,17,0.0,1,0,0.0,0.0,0.0,40,40,0.0,1,0,0,0,1.0,0.0,1,1,0.0,0.0,0,1,0,0,0,0,0,1,1.0,0.0,0.0,0.0,0.0,0.0,0.0,0.0,0.0,0.0,0.0,0.0,0.0,0.0,0.0,0.0,0.0,0.0,0.0,0.0,0.0,0.0,0.0,1.0,0.0,1.0,0,0,0,0,0,0,0.0,benign,0,-,CTU-IoT-Malware-Capture-1-1,0,none,none
180,6,2.999057,3,0,1.0003144321698454,0.0,0.0,180,180,0.0,3,0,0,0,3.0,0.0,1,1,0.0,0.0,0,1,0,0,0,0,0,1,1.0,0.0,0.0,0.0,0.0,0.0,0.0,0.0,0.0,0.0,0.0,0.0,0.0,0.0,0.0,0.0,2.999057,0.0,1.0,0.0,0.0,0.0,0.0,1.0,1.0,0.0,0,1,0,0,0,0,100.0,malicious,1,PartOfAHorizontalPortScan,CTU-IoT-Malware-Capture-1-1,1,timing_jitter,medium
60,6,0.0,1,0,0.0,0.0,0.0,60,60,0.0,1,0,0,0,1.0,0.0,1,1,0.0,0.0,0,1,0,0,0,0,0,1,1.0,0.0,0.0,0.0,0.0,0.0,0.0,0.0,0.0,0.0,0.0,0.0,0.0,0.0,0.0,0.0,0.0,0.0,0.5450921265968832,0.0,0.0,0.0,0.0,1.0,0.5450921265968832,0.0,0,1,0,0,0,0,54.50921265968832,malicious,1,PartOfAHorizontalPortScan,CTU-IoT-Malware-Capture-1-1,1,timing_jitter,medium
40,17,0.0,1,0,0.0,0.0,0.0,40,40,0.0,1,0,0,0,1.0,0.0,1,1,0.0,0.0,0,1,0,0,0,0,0,1,1.0,0.0,0.0,0.0,0.0,0.0,0.0,0.0,0.0,0.0,0.0,0.0,0.0,0.0,0.0,0.0,0.0,0.0,0.0,0.0,0.0,0.0,0.0,1.0,0.0,1.0,0,0,0,0,0,0,0.0,benign,0,-,CTU-IoT-Malware-Capture-1-1,0,none,none
180,6,2.998812,3,0,1.0003961568781237,0.0,0.0,180,180,0.0,3,0,0,0,3.0,0.0,1,1,0.0,0.0,0,1,0,0,0,0,0,1,1.0,0.0,0.0,0.0,0.0,0.0,0.0,0.0,0.0,0.0,0.0,0.0,0.0,0.0,0.0,0.0,2.998812,0.0,0.060824363943683186,0.0,0.0,0.0,0.0,1.0,0.060824363943683186,0.0,0,1,0,0,0,0,6.082436394368319,malicious,1,PartOfAHorizontalPortScan,CTU-IoT-Malware-Capture-1-1,1,timing_jitter,medium
68,1,0.0,1,0,0.0,0.0,0.0,68,68,0.0,1,0,0,0,1.0,0.0,1,1,0.0,0.0,0,0,0,0,0,0,0,0,0.0,0.0,0.0,0.0,0.0,0.0,0.0,0.0,0.0,0.0,0.0,0.0,0.0,0.0,0.0,0.0,0.0,0.0,0.0,0.0,0.0,0.0,0.0,1.0,0.0,1.0,0,0,0,0,0,0,0.0,benign,0,-,CTU-IoT-Malware-Capture-1-1,0,none,none
60,6,0.0,1,0,0.0,0.0,0.0,60,60,0.0,1,0,0,0,1.0,0.0,1,1,0.0,0.0,0,1,0,0,0,0,0,1,1.0,0.0,0.0,0.0,0.0,0.0,0.0,0.0,0.0,0.0,0.0,0.0,0.0,0.0,0.0,0.0,0.0,0.0,0.44508042579268176,0.0,0.0,0.0,0.0,1.0,0.44508042579268176,0.0,0,1,0,0,0,0,44.50804257926818,malicious,1,PartOfAHorizontalPortScan,CTU-IoT-Malware-Capture-1-1,1,timing_jitter,medium
68,1,0.0,1,0,0.0,0.0,0.0,68,68,0.0,1,0,0,0,1.0,0.0,1,1,0.0,0.0,0,0,0,0,0,0,0,0,0.0,0.0,0.0,0.0,0.0,0.0,0.0,0.0,0.0,0.0,0.0,0.0,0.0,0.0,0.0,0.0,0.0,0.0,0.0,0.0,0.0,0.0,0.0,1.0,0.0,1.0,0,0,0,0,0,0,0.0,benign,0,-,CTU-IoT-Malware-Capture-1-1,0,none,none
40,17,0.0,1,0,0.0,0.0,0.0,40,40,0.0,1,0,0,0,1.0,0.0,1,1,0.0,0.0,0,1,0,0,0,0,0,1,1.0,0.0,0.0,0.0,0.0,0.0,0.0,0.0,0.0,0.0,0.0,0.0,0.0,0.0,0.0,0.0,0.0,0.0,0.0,0.0,0.0,0.0,0.0,1.0,0.0,1.0,0,0,0,0,0,0,0.0,benign,0,-,CTU-IoT-Malware-Capture-1-1,0,none,none
60,6,0.0,1,0,0.0,0.0,0.0,60,60,0.0,1,0,0,0,1.0,0.0,1,1,0.0,0.0,0,1,0,0,0,0,0,1,1.0,0.0,0.0,0.0,0.0,0.0,0.0,0.0,0.0,0.0,0.0,0.0,0.0,0.0,0.0,0.0,0.0,0.0,1.0,0.0,0.0,0.0,0.0,1.0,1.0,0.0,0,1,0,0,0,0,100.0,malicious,1,PartOfAHorizontalPortScan,CTU-IoT-Malware-Capture-1-1,1,timing_jitter,medium
180,6,2.999078,3,0,1.0003074278161488,0.0,0.0,180,180,0.0,3,0,0,0,3.0,0.0,1,1,0.0,0.0,0,1,0,0,0,0,0,1,1.0,0.0,0.0,0.0,0.0,0.0,0.0,0.0,0.0,0.0,0.0,0.0,0.0,0.0,0.0,0.0,2.999078,0.0,0.7872096710836146,0.0,0.0,0.0,0.0,1.0,0.7872096710836146,0.0,0,1,0,0,0,0,78.72096710836146,malicious,1,PartOfAHorizontalPortScan,CTU-IoT-Malware-Capture-1-1,1,timing_jitter,medium
180,6,2.998819,3,0,1.000393821701143,0.0,0.0,180,180,0.0,3,0,0,0,3.0,0.0,1,1,0.0,0.0,0,1,0,0,0,0,0,1,1.0,0.0,0.0,0.0,0.0,0.0,0.0,0.0,0.0,0.0,0.0,0.0,0.0,0.0,0.0,0.0,2.998819,0.0,0.4343787308340004,0.0,0.0,0.0,0.0,1.0,0.4343787308340004,0.0,0,1,0,0,0,0,43.43787308340004,malicious,1,PartOfAHorizontalPortScan,CTU-IoT-Malware-Capture-1-1,1,timing_jitter,medium
60,6,0.0,1,0,0.0,0.0,0.0,60,60,0.0,1,0,0,0,1.0,0.0,1,1,0.0,0.0,0,1,0,0,0,0,0,1,1.0,0.0,0.0,0.0,0.0,0.0,0.0,0.0,0.0,0.0,0.0,0.0,0.0,0.0,0.0,0.0,0.0,0.0,0.19425008485944464,0.0,0.0,0.0,0.0,1.0,0.19425008485944464,0.0,0,1,0,0,0,0,19.425008485944463,malicious,1,PartOfAHorizontalPortScan,CTU-IoT-Malware-Capture-1-1,1,timing_jitter,medium
60,6,0.0,1,0,0.0,0.0,0.0,60,60,0.0,1,0,0,0,1.0,0.0,1,1,0.0,0.0,0,1,0,0,0,0,0,1,1.0,0.0,0.0,0.0,0.0,0.0,0.0,0.0,0.0,0.0,0.0,0.0,0.0,0.0,0.0,0.0,0.0,0.0,0.282263829911796,0.0,0.0,0.0,0.0,1.0,0.282263829911796,0.0,0,1,0,0,0,0,28.226382991179598,malicious,1,PartOfAHorizontalPortScan,CTU-IoT-Malware-Capture-1-1,1,timing_jitter,medium
180,6,2.99905,3,0,1.0003167669762092,0.0,0.0,180,180,0.0,3,0,0,0,3.0,0.0,1,1,0.0,0.0,0,1,0,0,0,0,0,1,1.0,0.0,0.0,0.0,0.0,0.0,0.0,0.0,0.0,0.0,0.0,0.0,0.0,0.0,0.0,0.0,2.99905,0.0,0.039125313749711045,0.0,0.0,0.0,0.0,1.0,0.039125313749711045,0.0,0,1,0,0,0,0,3.912531374971105,malicious,1,PartOfAHorizontalPortScan,CTU-IoT-Malware-Capture-1-1,1,timing_jitter,medium
40,17,0.0,1,0,0.0,0.0,0.0,40,40,0.0,1,0,0,0,1.0,0.0,1,1,0.0,0.0,0,1,0,0,0,0,0,1,1.0,0.0,0.0,0.0,0.0,0.0,0.0,0.0,0.0,0.0,0.0,0.0,0.0,0.0,0.0,0.0,0.0,0.0,0.0,0.0,0.0,0.0,0.0,1.0,0.0,1.0,0,0,0,0,0,0,0.0,benign,0,-,CTU-IoT-Malware-Capture-1-1,0,none,none
40,17,0.0,1,0,0.0,0.0,0.0,40,40,0.0,1,0,0,0,1.0,0.0,1,1,0.0,0.0,0,1,0,0,0,0,0,1,1.0,0.0,0.0,0.0,0.0,0.0,0.0,0.0,0.0,0.0,0.0,0.0,0.0,0.0,0.0,0.0,0.0,0.0,0.0,0.0,0.0,0.0,0.0,1.0,0.0,1.0,0,0,0,0,0,0,0.0,benign,0,-,CTU-IoT-Malware-Capture-1-1,0,none,none
180,6,2.99906,3,0,1.0003134315418831,0.0,0.0,180,180,0.0,3,0,0,0,3.0,0.0,1,1,0.0,0.0,0,1,0,0,0,0,0,1,1.0,0.0,0.0,0.0,0.0,0.0,0.0,0.0,0.0,0.0,0.0,0.0,0.0,0.0,0.0,0.0,2.99906,0.0,0.8604340119526672,0.0,0.0,0.0,0.0,1.0,0.8604340119526672,0.0,0,1,0,0,0,0,86.04340119526672,malicious,1,PartOfAHorizontalPortScan,CTU-IoT-Malware-Capture-1-1,1,timing_jitter,medium
180,6,2.999067,3,0,1.0003110967510895,0.0,0.0,180,180,0.0,3,0,0,0,3.0,0.0,1,1,0.0,0.0,0,1,0,0,0,0,0,1,1.0,0.0,0.0,0.0,0.0,0.0,0.0,0.0,0.0,0.0,0.0,0.0,0.0,0.0,0.0,0.0,2.999067,0.0,0.053643794418223256,0.0,0.0,0.0,0.0,1.0,0.053643794418223256,0.0,0,1,0,0,0,0,5.364379441822326,malicious,1,PartOfAHorizontalPortScan,CTU-IoT-Malware-Capture-1-1,1,timing_jitter,medium
40,17,0.0,1,0,0.0,0.0,0.0,40,40,0.0,1,0,0,0,1.0,0.0,1,1,0.0,0.0,0,1,0,0,0,0,0,1,1.0,0.0,0.0,0.0,0.0,0.0,0.0,0.0,0.0,0.0,0.0,0.0,0.0,0.0,0.0,0.0,0.0,0.0,0.0,0.0,0.0,0.0,0.0,1.0,0.0,1.0,0,0,0,0,0,0,0.0,benign,0,-,CTU-IoT-Malware-Capture-1-1,0,none,none
180,6,2.998828,3,0,1.000390819346758,0.0,0.0,180,180,0.0,3,0,0,0,3.0,0.0,1,1,0.0,0.0,0,1,0,0,0,0,0,1,1.0,0.0,0.0,0.0,0.0,0.0,0.0,0.0,0.0,0.0,0.0,0.0,0.0,0.0,0.0,0.0,2.998828,0.0,0.5012772866424996,0.0,0.0,0.0,0.0,1.0,0.5012772866424996,0.0,0,1,0,0,0,0,50.127728664249965,malicious,1,PartOfAHorizontalPortScan,CTU-IoT-Malware-Capture-1-1,1,timing_jitter,medium
60,6,0.0,1,0,0.0,0.0,0.0,60,60,0.0,1,0,0,0,1.0,0.0,1,1,0.0,0.0,0,1,0,0,0,0,0,1,1.0,0.0,0.0,0.0,0.0,0.0,0.0,0.0,0.0,0.0,0.0,0.0,0.0,0.0,0.0,0.0,0.0,0.0,0.0,0.0,0.0,0.0,0.0,1.0,0.0,1.0,0,0,0,0,0,0,0.0,benign,0,-,CTU-IoT-Malware-Capture-1-1,0,none,none
40,17,0.0,1,0,0.0,0.0,0.0,40,40,0.0,1,0,0,0,1.0,0.0,1,1,0.0,0.0,0,1,0,0,0,0,0,1,1.0,0.0,0.0,0.0,0.0,0.0,0.0,0.0,0.0,0.0,0.0,0.0,0.0,0.0,0.0,0.0,0.0,0.0,0.0,0.0,0.0,0.0,0.0,1.0,0.0,1.0,0,0,0,0,0,0,0.0,benign,0,-,CTU-IoT-Malware-Capture-1-1,0,none,none
40,17,0.0,1,0,0.0,0.0,0.0,40,40,0.0,1,0,0,0,1.0,0.0,1,1,0.0,0.0,0,1,0,0,0,0,0,1,1.0,0.0,0.0,0.0,0.0,0.0,0.0,0.0,0.0,0.0,0.0,0.0,0.0,0.0,0.0,0.0,0.0,0.0,0.0,0.0,0.0,0.0,0.0,1.0,0.0,1.0,0,0,0,0,0,0,0.0,benign,0,-,CTU-IoT-Malware-Capture-1-1,0,none,none
180,6,2.998817,3,0,1.0003944888934537,0.0,0.0,180,180,0.0,3,0,0,0,3.0,0.0,1,1,0.0,0.0,0,1,0,0,0,0,0,1,1.0,0.0,0.0,0.0,0.0,0.0,0.0,0.0,0.0,0.0,0.0,0.0,0.0,0.0,0.0,0.0,2.998817,0.0,1.0,0.0,0.0,0.0,0.0,1.0,1.0,0.0,0,1,0,0,0,0,100.0,malicious,1,PartOfAHorizontalPortScan,CTU-IoT-Malware-Capture-1-1,1,timing_jitter,medium
60,6,0.0,1,0,0.0,0.0,0.0,60,60,0.0,1,0,0,0,1.0,0.0,1,1,0.0,0.0,0,1,0,0,0,0,0,1,1.0,0.0,0.0,0.0,0.0,0.0,0.0,0.0,0.0,0.0,0.0,0.0,0.0,0.0,0.0,0.0,0.0,0.0,0.5428622558477739,0.0,0.0,0.0,0.0,1.0,0.5428622558477739,0.0,0,1,0,0,0,0,54.28622558477739,malicious,1,PartOfAHorizontalPortScan,CTU-IoT-Malware-Capture-1-1,1,timing_jitter,medium
40,17,0.0,1,0,0.0,0.0,0.0,40,40,0.0,1,0,0,0,1.0,0.0,1,1,0.0,0.0,0,1,0,0,0,0,0,1,1.0,0.0,0.0,0.0,0.0,0.0,0.0,0.0,0.0,0.0,0.0,0.0,0.0,0.0,0.0,0.0,0.0,0.0,0.0,0.0,0.0,0.0,0.0,1.0,0.0,1.0,0,0,0,0,0,0,0.0,benign,0,-,CTU-IoT-Malware-Capture-1-1,0,none,none
60,6,0.0,1,0,0.0,0.0,0.0,60,60,0.0,1,0,0,0,1.0,0.0,1,1,0.0,0.0,0,1,0,0,0,0,0,1,1.0,0.0,0.0,0.0,0.0,0.0,0.0,0.0,0.0,0.0,0.0,0.0,0.0,0.0,0.0,0.0,0.0,0.0,0.01,0.0,0.0,0.0,0.0,1.0,0.01,0.0,0,1,0,0,0,0,1.0,malicious,1,PartOfAHorizontalPortScan,CTU-IoT-Malware-Capture-1-1,1,timing_jitter,medium
60,6,0.0,1,0,0.0,0.0,0.0,60,60,0.0,1,0,0,0,1.0,0.0,1,1,0.0,0.0,0,1,0,0,0,0,0,1,1.0,0.0,0.0,0.0,0.0,0.0,0.0,0.0,0.0,0.0,0.0,0.0,0.0,0.0,0.0,0.0,0.0,0.0,0.3756835545847315,0.0,0.0,0.0,0.0,1.0,0.3756835545847315,0.0,0,1,0,0,0,0,37.56835545847315,malicious,1,PartOfAHorizontalPortScan,CTU-IoT-Malware-Capture-1-1,1,timing_jitter,medium
40,17,0.0,1,0,0.0,0.0,0.0,40,40,0.0,1,0,0,0,1.0,0.0,1,1,0.0,0.0,0,1,0,0,0,0,0,1,1.0,0.0,0.0,0.0,0.0,0.0,0.0,0.0,0.0,0.0,0.0,0.0,0.0,0.0,0.0,0.0,0.0,0.0,0.0,0.0,0.0,0.0,0.0,1.0,0.0,1.0,0,0,0,0,0,0,0.0,benign,0,-,CTU-IoT-Malware-Capture-1-1,0,none,none
60,6,0.0,1,0,0.0,0.0,0.0,60,60,0.0,1,0,0,0,1.0,0.0,1,1,0.0,0.0,0,1,0,0,0,0,0,1,1.0,0.0,0.0,0.0,0.0,0.0,0.0,0.0,0.0,0.0,0.0,0.0,0.0,0.0,0.0,0.0,0.0,0.0,0.08878322104253174,0.0,0.0,0.0,0.0,1.0,0.08878322104253174,0.0,0,1,0,0,0,0,8.878322104253174,malicious,1,PartOfAHorizontalPortScan,CTU-IoT-Malware-Capture-1-1,1,timing_jitter,medium
160,6,1.746782,3,0,1.717443848173384,0.0,0.0,160,160,0.0,2,1,0,0,2.0,0.0,1,1,0.0,0.0,0,0,0,0,1,0,0,1,0.0,0.0,0.0,1.0,0.0,0.0,0.0,0.0,0.0,0.0,0.0,0.0,0.0,0.0,0.0,0.0,1.746782,0.0,0.35270983881632906,0.0,0.0,0.0,0.0,1.0,0.35270983881632906,0.0,0,1,0,0,0,0,35.27098388163291,malicious,1,PartOfAHorizontalPortScan,CTU-IoT-Malware-Capture-1-1,1,timing_jitter,medium
40,17,0.0,1,0,0.0,0.0,0.0,40,40,0.0,1,0,0,0,1.0,0.0,1,1,0.0,0.0,0,1,0,0,0,0,0,1,1.0,0.0,0.0,0.0,0.0,0.0,0.0,0.0,0.0,0.0,0.0,0.0,0.0,0.0,0.0,0.0,0.0,0.0,0.0,0.0,0.0,0.0,0.0,1.0,0.0,1.0,0,0,0,0,0,0,0.0,benign,0,-,CTU-IoT-Malware-Capture-1-1,0,none,none
180,6,2.999069,3,0,1.0003104296700076,0.0,0.0,180,180,0.0,3,0,0,0,3.0,0.0,1,1,0.0,0.0,0,1,0,0,0,0,0,1,1.0,0.0,0.0,0.0,0.0,0.0,0.0,0.0,0.0,0.0,0.0,0.0,0.0,0.0,0.0,0.0,2.999069,0.0,0.015642406361244646,0.0,0.0,0.0,0.0,1.0,0.015642406361244646,0.0,0,1,0,0,0,0,1.5642406361244645,malicious,1,PartOfAHorizontalPortScan,CTU-IoT-Malware-Capture-1-1,1,timing_jitter,medium
40,17,0.0,1,0,0.0,0.0,0.0,40,40,0.0,1,0,0,0,1.0,0.0,1,1,0.0,0.0,0,1,0,0,0,0,0,1,1.0,0.0,0.0,0.0,0.0,0.0,0.0,0.0,0.0,0.0,0.0,0.0,0.0,0.0,0.0,0.0,0.0,0.0,0.0,0.0,0.0,0.0,0.0,1.0,0.0,1.0,0,0,0,0,0,0,0.0,benign,0,-,CTU-IoT-Malware-Capture-1-1,0,none,none
60,6,0.0,1,0,0.0,0.0,0.0,60,60,0.0,1,0,0,0,1.0,0.0,1,1,0.0,0.0,0,1,0,0,0,0,0,1,1.0,0.0,0.0,0.0,0.0,0.0,0.0,0.0,0.0,0.0,0.0,0.0,0.0,0.0,0.0,0.0,0.0,0.0,1.0,0.0,0.0,0.0,0.0,1.0,1.0,0.0,0,1,0,0,0,0,100.0,malicious,1,PartOfAHorizontalPortScan,CTU-IoT-Malware-Capture-1-1,1,timing_jitter,medium
40,17,0.0,1,0,0.0,0.0,0.0,40,40,0.0,1,0,0,0,1.0,0.0,1,1,0.0,0.0,0,1,0,0,0,0,0,1,1.0,0.0,0.0,0.0,0.0,0.0,0.0,0.0,0.0,0.0,0.0,0.0,0.0,0.0,0.0,0.0,0.0,0.0,0.0,0.0,0.0,0.0,0.0,1.0,0.0,1.0,0,0,0,0,0,0,0.0,benign,0,-,CTU-IoT-Malware-Capture-1-1,0,none,none
60,6,0.0,1,0,0.0,0.0,0.0,60,60,0.0,1,0,0,0,1.0,0.0,1,1,0.0,0.0,0,1,0,0,0,0,0,1,1.0,0.0,0.0,0.0,0.0,0.0,0.0,0.0,0.0,0.0,0.0,0.0,0.0,0.0,0.0,0.0,0.0,0.0,0.19695995562351928,0.0,0.0,0.0,0.0,1.0,0.19695995562351928,0.0,0,1,0,0,0,0,19.69599556235193,malicious,1,PartOfAHorizontalPortScan,CTU-IoT-Malware-Capture-1-1,1,timing_jitter,medium
60,6,0.0,1,0,0.0,0.0,0.0,60,60,0.0,1,0,0,0,1.0,0.0,1,1,0.0,0.0,0,1,0,0,0,0,0,1,1.0,0.0,0.0,0.0,0.0,0.0,0.0,0.0,0.0,0.0,0.0,0.0,0.0,0.0,0.0,0.0,0.0,0.0,0.038713994856999744,0.0,0.0,0.0,0.0,1.0,0.038713994856999744,0.0,0,1,0,0,0,0,3.8713994856999743,malicious,1,PartOfAHorizontalPortScan,CTU-IoT-Malware-Capture-1-1,1,timing_jitter,medium
180,6,2.999062,3,0,1.0003127644576872,0.0,0.0,180,180,0.0,3,0,0,0,3.0,0.0,1,1,0.0,0.0,0,1,0,0,0,0,0,1,1.0,0.0,0.0,0.0,0.0,0.0,0.0,0.0,0.0,0.0,0.0,0.0,0.0,0.0,0.0,0.0,2.999062,0.0,0.24852579735608038,0.0,0.0,0.0,0.0,1.0,0.24852579735608038,0.0,0,1,0,0,0,0,24.85257973560804,malicious,1,PartOfAHorizontalPortScan,CTU-IoT-Malware-Capture-1-1,1,timing_jitter,medium
56,1,0.0,1,0,0.0,0.0,0.0,56,56,0.0,1,0,0,0,1.0,0.0,1,1,0.0,0.0,0,0,0,0,0,0,0,0,0.0,0.0,0.0,0.0,0.0,0.0,0.0,0.0,0.0,0.0,0.0,0.0,0.0,0.0,0.0,0.0,0.0,0.0,0.0,0.0,0.0,0.0,0.0,1.0,0.0,1.0,0,0,0,0,0,0,0.0,benign,0,-,CTU-IoT-Malware-Capture-1-1,0,none,none
60,6,0.0,1,0,0.0,0.0,0.0,60,60,0.0,1,0,0,0,1.0,0.0,1,1,0.0,0.0,0,1,0,0,0,0,0,1,1.0,0.0,0.0,0.0,0.0,0.0,0.0,0.0,0.0,0.0,0.0,0.0,0.0,0.0,0.0,0.0,0.0,0.0,0.020998633218232678,0.0,0.0,0.0,0.0,1.0,0.020998633218232678,0.0,0,1,0,0,0,0,2.0998633218232676,malicious,1,PartOfAHorizontalPortScan,CTU-IoT-Malware-Capture-1-1,1,timing_jitter,medium
40,17,0.0,1,0,0.0,0.0,0.0,40,40,0.0,1,0,0,0,1.0,0.0,1,1,0.0,0.0,0,1,0,0,0,0,0,1,1.0,0.0,0.0,0.0,0.0,0.0,0.0,0.0,0.0,0.0,0.0,0.0,0.0,0.0,0.0,0.0,0.0,0.0,0.0,0.0,0.0,0.0,0.0,1.0,0.0,1.0,0,0,0,0,0,0,0.0,benign,0,-,CTU-IoT-Malware-Capture-1-1,0,none,none
40,17,0.0,1,0,0.0,0.0,0.0,40,40,0.0,1,0,0,0,1.0,0.0,1,1,0.0,0.0,0,1,0,0,0,0,0,1,1.0,0.0,0.0,0.0,0.0,0.0,0.0,0.0,0.0,0.0,0.0,0.0,0.0,0.0,0.0,0.0,0.0,0.0,0.0,0.0,0.0,0.0,0.0,1.0,0.0,1.0,0,0,0,0,0,0,0.0,benign,0,-,CTU-IoT-Malware-Capture-1-1,0,none,none
40,17,0.0,1,0,0.0,0.0,0.0,40,40,0.0,1,0,0,0,1.0,0.0,1,1,0.0,0.0,0,1,0,0,0,0,0,1,1.0,0.0,0.0,0.0,0.0,0.0,0.0,0.0,0.0,0.0,0.0,0.0,0.0,0.0,0.0,0.0,0.0,0.0,0.0,0.0,0.0,0.0,0.0,1.0,0.0,1.0,0,0,0,0,0,0,0.0,benign,0,-,CTU-IoT-Malware-Capture-1-1,0,none,none
60,6,0.0,1,0,0.0,0.0,0.0,60,60,0.0,1,0,0,0,1.0,0.0,1,1,0.0,0.0,0,1,0,0,0,0,0,1,1.0,0.0,0.0,0.0,0.0,0.0,0.0,0.0,0.0,0.0,0.0,0.0,0.0,0.0,0.0,0.0,0.0,0.0,0.03316237323141536,0.0,0.0,0.0,0.0,1.0,0.03316237323141536,0.0,0,1,0,0,0,0,3.316237323141536,malicious,1,PartOfAHorizontalPortScan,CTU-IoT-Malware-Capture-1-1,1,timing_jitter,medium
40,17,0.0,1,0,0.0,0.0,0.0,40,40,0.0,1,0,0,0,1.0,0.0,1,1,0.0,0.0,0,1,0,0,0,0,0,1,1.0,0.0,0.0,0.0,0.0,0.0,0.0,0.0,0.0,0.0,0.0,0.0,0.0,0.0,0.0,0.0,0.0,0.0,0.0,0.0,0.0,0.0,0.0,1.0,0.0,1.0,0,0,0,0,0,0,0.0,benign,0,-,CTU-IoT-Malware-Capture-1-1,0,none,none
40,17,0.0,1,0,0.0,0.0,0.0,40,40,0.0,1,0,0,0,1.0,0.0,1,1,0.0,0.0,0,1,0,0,0,0,0,1,1.0,0.0,0.0,0.0,0.0,0.0,0.0,0.0,0.0,0.0,0.0,0.0,0.0,0.0,0.0,0.0,0.0,0.0,0.0,0.0,0.0,0.0,0.0,1.0,0.0,1.0,0,0,0,0,0,0,0.0,benign,0,-,CTU-IoT-Malware-Capture-1-1,0,none,none
40,17,0.0,1,0,0.0,0.0,0.0,40,40,0.0,1,0,0,0,1.0,0.0,1,1,0.0,0.0,0,1,0,0,0,0,0,1,1.0,0.0,0.0,0.0,0.0,0.0,0.0,0.0,0.0,0.0,0.0,0.0,0.0,0.0,0.0,0.0,0.0,0.0,0.0,0.0,0.0,0.0,0.0,1.0,0.0,1.0,0,0,0,0,0,0,0.0,benign,0,-,CTU-IoT-Malware-Capture-1-1,0,none,none
180,6,2.998565,3,0,1.0004785622456074,0.0,0.0,180,180,0.0,3,0,0,0,3.0,0.0,1,1,0.0,0.0,0,1,0,0,0,0,0,1,1.0,0.0,0.0,0.0,0.0,0.0,0.0,0.0,0.0,0.0,0.0,0.0,0.0,0.0,0.0,0.0,2.998565,0.0,0.09844145296353546,0.0,0.0,0.0,0.0,1.0,0.09844145296353546,0.0,0,1,0,0,0,0,9.844145296353545,malicious,1,PartOfAHorizontalPortScan,CTU-IoT-Malware-Capture-1-1,1,timing_jitter,medium
180,6,2.999078,3,0,1.0003074278161488,0.0,0.0,180,180,0.0,3,0,0,0,3.0,0.0,1,1,0.0,0.0,0,1,0,0,0,0,0,1,1.0,0.0,0.0,0.0,0.0,0.0,0.0,0.0,0.0,0.0,0.0,0.0,0.0,0.0,0.0,0.0,2.999078,0.0,1.0,0.0,0.0,0.0,0.0,1.0,1.0,0.0,0,1,0,0,0,0,100.0,malicious,1,PartOfAHorizontalPortScan,CTU-IoT-Malware-Capture-1-1,1,timing_jitter,medium
40,17,0.0,1,0,0.0,0.0,0.0,40,40,0.0,1,0,0,0,1.0,0.0,1,1,0.0,0.0,0,1,0,0,0,0,0,1,1.0,0.0,0.0,0.0,0.0,0.0,0.0,0.0,0.0,0.0,0.0,0.0,0.0,0.0,0.0,0.0,0.0,0.0,0.0,0.0,0.0,0.0,0.0,1.0,0.0,1.0,0,0,0,0,0,0,0.0,benign,0,-,CTU-IoT-Malware-Capture-1-1,0,none,none
100,6,0.120683,2,0,16.572342417739037,0.0,0.0,100,100,0.0,1,1,0,0,1.0,0.0,1,1,0.0,0.0,0,0,0,0,1,0,0,1,0.0,0.0,0.0,1.0,0.0,0.0,0.0,0.0,0.0,0.0,0.0,0.0,0.0,0.0,0.0,0.0,0.120683,0.0,0.5006565840987762,0.0,0.0,0.0,0.0,1.0,0.5006565840987762,0.0,0,1,0,0,0,0,50.06565840987763,malicious,1,PartOfAHorizontalPortScan,CTU-IoT-Malware-Capture-1-1,1,timing_jitter,medium
40,17,0.0,1,0,0.0,0.0,0.0,40,40,0.0,1,0,0,0,1.0,0.0,1,1,0.0,0.0,0,1,0,0,0,0,0,1,1.0,0.0,0.0,0.0,0.0,0.0,0.0,0.0,0.0,0.0,0.0,0.0,0.0,0.0,0.0,0.0,0.0,0.0,0.0,0.0,0.0,0.0,0.0,1.0,0.0,1.0,0,0,0,0,0,0,0.0,benign,0,-,CTU-IoT-Malware-Capture-1-1,0,none,none
60,6,0.0,1,0,0.0,0.0,0.0,60,60,0.0,1,0,0,0,1.0,0.0,1,1,0.0,0.0,0,1,0,0,0,0,0,1,1.0,0.0,0.0,0.0,0.0,0.0,0.0,0.0,0.0,0.0,0.0,0.0,0.0,0.0,0.0,0.0,0.0,0.0,0.6025434812621563,0.0,0.0,0.0,0.0,1.0,0.6025434812621563,0.0,0,1,0,0,0,0,60.254348126215625,malicious,1,PartOfAHorizontalPortScan,CTU-IoT-Malware-Capture-1-1,1,timing_jitter,medium
60,6,0.0,1,0,0.0,0.0,0.0,60,60,0.0,1,0,0,0,1.0,0.0,1,1,0.0,0.0,0,1,0,0,0,0,0,1,1.0,0.0,0.0,0.0,0.0,0.0,0.0,0.0,0.0,0.0,0.0,0.0,0.0,0.0,0.0,0.0,0.0,0.0,0.017671829328956938,0.0,0.0,0.0,0.0,1.0,0.017671829328956938,0.0,0,1,0,0,0,0,1.7671829328956938,malicious,1,PartOfAHorizontalPortScan,CTU-IoT-Malware-Capture-1-1,1,timing_jitter,medium
60,6,0.0,1,0,0.0,0.0,0.0,60,60,0.0,1,0,0,0,1.0,0.0,1,1,0.0,0.0,0,1,0,0,0,0,0,1,1.0,0.0,0.0,0.0,0.0,0.0,0.0,0.0,0.0,0.0,0.0,0.0,0.0,0.0,0.0,0.0,0.0,0.0,0.26555912045489666,0.0,0.0,0.0,0.0,1.0,0.26555912045489666,0.0,0,1,0,0,0,0,26.555912045489666,malicious,1,PartOfAHorizontalPortScan,CTU-IoT-Malware-Capture-1-1,1,timing_jitter,medium
40,17,0.0,1,0,0.0,0.0,0.0,40,40,0.0,1,0,0,0,1.0,0.0,1,1,0.0,0.0,0,1,0,0,0,0,0,1,1.0,0.0,0.0,0.0,0.0,0.0,0.0,0.0,0.0,0.0,0.0,0.0,0.0,0.0,0.0,0.0,0.0,0.0,0.0,0.0,0.0,0.0,0.0,1.0,0.0,1.0,0,0,0,0,0,0,0.0,benign,0,-,CTU-IoT-Malware-Capture-1-1,0,none,none
40,17,0.0,1,0,0.0,0.0,0.0,40,40,0.0,1,0,0,0,1.0,0.0,1,1,0.0,0.0,0,1,0,0,0,0,0,1,1.0,0.0,0.0,0.0,0.0,0.0,0.0,0.0,0.0,0.0,0.0,0.0,0.0,0.0,0.0,0.0,0.0,0.0,0.0,0.0,0.0,0.0,0.0,1.0,0.0,1.0,0,0,0,0,0,0,0.0,benign,0,-,CTU-IoT-Malware-Capture-1-1,0,none,none
60,6,0.0,1,0,0.0,0.0,0.0,60,60,0.0,1,0,0,0,1.0,0.0,1,1,0.0,0.0,0,1,0,0,0,0,0,1,1.0,0.0,0.0,0.0,0.0,0.0,0.0,0.0,0.0,0.0,0.0,0.0,0.0,0.0,0.0,0.0,0.0,0.0,1.0,0.0,0.0,0.0,0.0,1.0,1.0,0.0,0,1,0,0,0,0,100.0,malicious,1,PartOfAHorizontalPortScan,CTU-IoT-Malware-Capture-1-1,1,timing_jitter,medium
60,6,0.0,1,0,0.0,0.0,0.0,60,60,0.0,1,0,0,0,1.0,0.0,1,1,0.0,0.0,0,1,0,0,0,0,0,1,1.0,0.0,0.0,0.0,0.0,0.0,0.0,0.0,0.0,0.0,0.0,0.0,0.0,0.0,0.0,0.0,0.0,0.0,0.252190686005212,0.0,0.0,0.0,0.0,1.0,0.252190686005212,0.0,0,1,0,0,0,0,25.2190686005212,malicious,1,PartOfAHorizontalPortScan,CTU-IoT-Malware-Capture-1-1,1,timing_jitter,medium
40,17,0.0,1,0,0.0,0.0,0.0,40,40,0.0,1,0,0,0,1.0,0.0,1,1,0.0,0.0,0,1,0,0,0,0,0,1,1.0,0.0,0.0,0.0,0.0,0.0,0.0,0.0,0.0,0.0,0.0,0.0,0.0,0.0,0.0,0.0,0.0,0.0,0.0,0.0,0.0,0.0,0.0,1.0,0.0,1.0,0,0,0,0,0,0,0.0,benign,0,-,CTU-IoT-Malware-Capture-1-1,0,none,none
60,6,0.0,1,0,0.0,0.0,0.0,60,60,0.0,1,0,0,0,1.0,0.0,1,1,0.0,0.0,0,1,0,0,0,0,0,1,1.0,0.0,0.0,0.0,0.0,0.0,0.0,0.0,0.0,0.0,0.0,0.0,0.0,0.0,0.0,0.0,0.0,0.0,0.6593597689379395,0.0,0.0,0.0,0.0,1.0,0.6593597689379395,0.0,0,1,0,0,0,0,65.93597689379395,malicious,1,PartOfAHorizontalPortScan,CTU-IoT-Malware-Capture-1-1,1,timing_jitter,medium
60,6,0.0,1,0,0.0,0.0,0.0,60,60,0.0,1,0,0,0,1.0,0.0,1,1,0.0,0.0,0,1,0,0,0,0,0,1,1.0,0.0,0.0,0.0,0.0,0.0,0.0,0.0,0.0,0.0,0.0,0.0,0.0,0.0,0.0,0.0,0.0,0.0,0.0,0.0,0.0,0.0,0.0,1.0,0.0,1.0,0,0,0,0,0,0,0.0,benign,0,-,CTU-IoT-Malware-Capture-1-1,0,none,none
40,17,0.0,1,0,0.0,0.0,0.0,40,40,0.0,1,0,0,0,1.0,0.0,1,1,0.0,0.0,0,1,0,0,0,0,0,1,1.0,0.0,0.0,0.0,0.0,0.0,0.0,0.0,0.0,0.0,0.0,0.0,0.0,0.0,0.0,0.0,0.0,0.0,0.0,0.0,0.0,0.0,0.0,1.0,0.0,1.0,0,0,0,0,0,0,0.0,benign,0,-,CTU-IoT-Malware-Capture-1-1,0,none,none
60,6,0.0,1,0,0.0,0.0,0.0,60,60,0.0,1,0,0,0,1.0,0.0,1,1,0.0,0.0,0,1,0,0,0,0,0,1,1.0,0.0,0.0,0.0,0.0,0.0,0.0,0.0,0.0,0.0,0.0,0.0,0.0,0.0,0.0,0.0,0.0,0.0,1.0,0.0,0.0,0.0,0.0,1.0,1.0,0.0,0,1,0,0,0,0,100.0,malicious,1,PartOfAHorizontalPortScan,CTU-IoT-Malware-Capture-1-1,1,timing_jitter,medium
60,6,0.0,1,0,0.0,0.0,0.0,60,60,0.0,1,0,0,0,1.0,0.0,1,1,0.0,0.0,0,1,0,0,0,0,0,1,1.0,0.0,0.0,0.0,0.0,0.0,0.0,0.0,0.0,0.0,0.0,0.0,0.0,0.0,0.0,0.0,0.0,0.0,0.13702325202958193,0.0,0.0,0.0,0.0,1.0,0.13702325202958193,0.0,0,1,0,0,0,0,13.702325202958193,malicious,1,PartOfAHorizontalPortScan,CTU-IoT-Malware-Capture-1-1,1,timing_jitter,medium
60,6,0.0,1,0,0.0,0.0,0.0,60,60,0.0,1,0,0,0,1.0,0.0,1,1,0.0,0.0,0,1,0,0,0,0,0,1,1.0,0.0,0.0,0.0,0.0,0.0,0.0,0.0,0.0,0.0,0.0,0.0,0.0,0.0,0.0,0.0,0.0,0.0,0.1296961942627536,0.0,0.0,0.0,0.0,1.0,0.1296961942627536,0.0,0,1,0,0,0,0,12.969619426275361,malicious,1,PartOfAHorizontalPortScan,CTU-IoT-Malware-Capture-1-1,1,timing_jitter,medium
60,6,0.0,1,0,0.0,0.0,0.0,60,60,0.0,1,0,0,0,1.0,0.0,1,1,0.0,0.0,0,1,0,0,0,0,0,1,1.0,0.0,0.0,0.0,0.0,0.0,0.0,0.0,0.0,0.0,0.0,0.0,0.0,0.0,0.0,0.0,0.0,0.0,1.0,0.0,0.0,0.0,0.0,1.0,1.0,0.0,0,1,0,0,0,0,100.0,malicious,1,PartOfAHorizontalPortScan,CTU-IoT-Malware-Capture-1-1,1,timing_jitter,medium
40,17,0.0,1,0,0.0,0.0,0.0,40,40,0.0,1,0,0,0,1.0,0.0,1,1,0.0,0.0,0,1,0,0,0,0,0,1,1.0,0.0,0.0,0.0,0.0,0.0,0.0,0.0,0.0,0.0,0.0,0.0,0.0,0.0,0.0,0.0,0.0,0.0,0.0,0.0,0.0,0.0,0.0,1.0,0.0,1.0,0,0,0,0,0,0,0.0,benign,0,-,CTU-IoT-Malware-Capture-1-1,0,none,none
40,17,0.0,1,0,0.0,0.0,0.0,40,40,0.0,1,0,0,0,1.0,0.0,1,1,0.0,0.0,0,1,0,0,0,0,0,1,1.0,0.0,0.0,0.0,0.0,0.0,0.0,0.0,0.0,0.0,0.0,0.0,0.0,0.0,0.0,0.0,0.0,0.0,0.0,0.0,0.0,0.0,0.0,1.0,0.0,1.0,0,0,0,0,0,0,0.0,benign,0,-,CTU-IoT-Malware-Capture-1-1,0,none,none
40,17,0.0,1,0,0.0,0.0,0.0,40,40,0.0,1,0,0,0,1.0,0.0,1,1,0.0,0.0,0,1,0,0,0,0,0,1,1.0,0.0,0.0,0.0,0.0,0.0,0.0,0.0,0.0,0.0,0.0,0.0,0.0,0.0,0.0,0.0,0.0,0.0,0.0,0.0,0.0,0.0,0.0,1.0,0.0,1.0,0,0,0,0,0,0,0.0,benign,0,-,CTU-IoT-Malware-Capture-1-1,0,none,none
40,17,0.0,1,0,0.0,0.0,0.0,40,40,0.0,1,0,0,0,1.0,0.0,1,1,0.0,0.0,0,1,0,0,0,0,0,1,1.0,0.0,0.0,0.0,0.0,0.0,0.0,0.0,0.0,0.0,0.0,0.0,0.0,0.0,0.0,0.0,0.0,0.0,0.0,0.0,0.0,0.0,0.0,1.0,0.0,1.0,0,0,0,0,0,0,0.0,benign,0,-,CTU-IoT-Malware-Capture-1-1,0,none,none
180,6,2.998805,3,0,1.0003984920660063,0.0,0.0,180,180,0.0,3,0,0,0,3.0,0.0,1,1,0.0,0.0,0,1,0,0,0,0,0,1,1.0,0.0,0.0,0.0,0.0,0.0,0.0,0.0,0.0,0.0,0.0,0.0,0.0,0.0,0.0,0.0,2.998805,0.0,0.202918494631907,0.0,0.0,0.0,0.0,1.0,0.202918494631907,0.0,0,1,0,0,0,0,20.2918494631907,malicious,1,PartOfAHorizontalPortScan,CTU-IoT-Malware-Capture-1-1,1,timing_jitter,medium
40,17,0.0,1,0,0.0,0.0,0.0,40,40,0.0,1,0,0,0,1.0,0.0,1,1,0.0,0.0,0,1,0,0,0,0,0,1,1.0,0.0,0.0,0.0,0.0,0.0,0.0,0.0,0.0,0.0,0.0,0.0,0.0,0.0,0.0,0.0,0.0,0.0,0.0,0.0,0.0,0.0,0.0,1.0,0.0,1.0,0,0,0,0,0,0,0.0,benign,0,-,CTU-IoT-Malware-Capture-1-1,0,none,none
180,6,2.998828,3,0,1.000390819346758,0.0,0.0,180,180,0.0,3,0,0,0,3.0,0.0,1,1,0.0,0.0,0,1,0,0,0,0,0,1,1.0,0.0,0.0,0.0,0.0,0.0,0.0,0.0,0.0,0.0,0.0,0.0,0.0,0.0,0.0,0.0,2.998828,0.0,0.44215465748744864,0.0,0.0,0.0,0.0,1.0,0.44215465748744864,0.0,0,1,0,0,0,0,44.21546574874486,malicious,1,PartOfAHorizontalPortScan,CTU-IoT-Malware-Capture-1-1,1,timing_jitter,medium
60,6,0.0,1,0,0.0,0.0,0.0,60,60,0.0,1,0,0,0,1.0,0.0,1,1,0.0,0.0,0,1,0,0,0,0,0,1,1.0,0.0,0.0,0.0,0.0,0.0,0.0,0.0,0.0,0.0,0.0,0.0,0.0,0.0,0.0,0.0,0.0,0.0,1.0,0.0,0.0,0.0,0.0,1.0,1.0,0.0,0,1,0,0,0,0,100.0,malicious,1,PartOfAHorizontalPortScan,CTU-IoT-Malware-Capture-1-1,1,timing_jitter,medium
60,6,0.0,1,0,0.0,0.0,0.0,60,60,0.0,1,0,0,0,1.0,0.0,1,1,0.0,0.0,0,1,0,0,0,0,0,1,1.0,0.0,0.0,0.0,0.0,0.0,0.0,0.0,0.0,0.0,0.0,0.0,0.0,0.0,0.0,0.0,0.0,0.0,0.42627672990000604,0.0,0.0,0.0,0.0,1.0,0.42627672990000604,0.0,0,1,0,0,0,0,42.627672990000605,malicious,1,PartOfAHorizontalPortScan,CTU-IoT-Malware-Capture-1-1,1,timing_jitter,medium
60,6,0.0,1,0,0.0,0.0,0.0,60,60,0.0,1,0,0,0,1.0,0.0,1,1,0.0,0.0,0,1,0,0,0,0,0,1,1.0,0.0,0.0,0.0,0.0,0.0,0.0,0.0,0.0,0.0,0.0,0.0,0.0,0.0,0.0,0.0,0.0,0.0,0.17613191442694096,0.0,0.0,0.0,0.0,1.0,0.17613191442694096,0.0,0,1,0,0,0,0,17.613191442694095,malicious,1,PartOfAHorizontalPortScan,CTU-IoT-Malware-Capture-1-1,1,timing_jitter,medium
60,6,0.0,1,0,0.0,0.0,0.0,60,60,0.0,1,0,0,0,1.0,0.0,1,1,0.0,0.0,0,1,0,0,0,0,0,1,1.0,0.0,0.0,0.0,0.0,0.0,0.0,0.0,0.0,0.0,0.0,0.0,0.0,0.0,0.0,0.0,0.0,0.0,0.28559621872407,0.0,0.0,0.0,0.0,1.0,0.28559621872407,0.0,0,1,0,0,0,0,28.559621872407,malicious,1,PartOfAHorizontalPortScan,CTU-IoT-Malware-Capture-1-1,1,timing_jitter,medium
180,6,2.999056,3,0,1.0003147657129443,0.0,0.0,180,180,0.0,3,0,0,0,3.0,0.0,1,1,0.0,0.0,0,1,0,0,0,0,0,1,1.0,0.0,0.0,0.0,0.0,0.0,0.0,0.0,0.0,0.0,0.0,0.0,0.0,0.0,0.0,0.0,2.999056,0.0,0.0,0.0,0.0,0.0,0.0,1.0,0.0,1.0,0,0,0,0,0,0,0.0,benign,0,-,CTU-IoT-Malware-Capture-1-1,0,none,none
40,17,0.0,1,0,0.0,0.0,0.0,40,40,0.0,1,0,0,0,1.0,0.0,1,1,0.0,0.0,0,1,0,0,0,0,0,1,1.0,0.0,0.0,0.0,0.0,0.0,0.0,0.0,0.0,0.0,0.0,0.0,0.0,0.0,0.0,0.0,0.0,0.0,0.0,0.0,0.0,0.0,0.0,1.0,0.0,1.0,0,0,0,0,0,0,0.0,benign,0,-,CTU-IoT-Malware-Capture-1-1,0,none,none
60,6,0.0,1,0,0.0,0.0,0.0,60,60,0.0,1,0,0,0,1.0,0.0,1,1,0.0,0.0,0,1,0,0,0,0,0,1,1.0,0.0,0.0,0.0,0.0,0.0,0.0,0.0,0.0,0.0,0.0,0.0,0.0,0.0,0.0,0.0,0.0,0.0,1.0,0.0,0.0,0.0,0.0,1.0,1.0,0.0,0,1,0,0,0,0,100.0,malicious,1,PartOfAHorizontalPortScan,CTU-IoT-Malware-Capture-1-1,1,timing_jitter,medium
68,1,0.0,1,0,0.0,0.0,0.0,68,68,0.0,1,0,0,0,1.0,0.0,1,1,0.0,0.0,0,0,0,0,0,0,0,0,0.0,0.0,0.0,0.0,0.0,0.0,0.0,0.0,0.0,0.0,0.0,0.0,0.0,0.0,0.0,0.0,0.0,0.0,0.0,0.0,0.0,0.0,0.0,1.0,0.0,1.0,0,0,0,0,0,0,0.0,benign,0,-,CTU-IoT-Malware-Capture-1-1,0,none,none
180,6,2.999065,3,0,1.0003117638330614,0.0,0.0,180,180,0.0,3,0,0,0,3.0,0.0,1,1,0.0,0.0,0,1,0,0,0,0,0,1,1.0,0.0,0.0,0.0,0.0,0.0,0.0,0.0,0.0,0.0,0.0,0.0,0.0,0.0,0.0,0.0,2.999065,0.0,0.822124315073981,0.0,0.0,0.0,0.0,1.0,0.822124315073981,0.0,0,1,0,0,0,0,82.2124315073981,malicious,1,PartOfAHorizontalPortScan,CTU-IoT-Malware-Capture-1-1,1,timing_jitter,medium
40,17,0.0,1,0,0.0,0.0,0.0,40,40,0.0,1,0,0,0,1.0,0.0,1,1,0.0,0.0,0,1,0,0,0,0,0,1,1.0,0.0,0.0,0.0,0.0,0.0,0.0,0.0,0.0,0.0,0.0,0.0,0.0,0.0,0.0,0.0,0.0,0.0,0.0,0.0,0.0,0.0,0.0,1.0,0.0,1.0,0,0,0,0,0,0,0.0,benign,0,-,CTU-IoT-Malware-Capture-1-1,0,none,none
40,17,0.0,1,0,0.0,0.0,0.0,40,40,0.0,1,0,0,0,1.0,0.0,1,1,0.0,0.0,0,1,0,0,0,0,0,1,1.0,0.0,0.0,0.0,0.0,0.0,0.0,0.0,0.0,0.0,0.0,0.0,0.0,0.0,0.0,0.0,0.0,0.0,0.0,0.0,0.0,0.0,0.0,1.0,0.0,1.0,0,0,0,0,0,0,0.0,benign,0,-,CTU-IoT-Malware-Capture-1-1,0,none,none
40,17,0.0,1,0,0.0,0.0,0.0,40,40,0.0,1,0,0,0,1.0,0.0,1,1,0.0,0.0,0,1,0,0,0,0,0,1,1.0,0.0,0.0,0.0,0.0,0.0,0.0,0.0,0.0,0.0,0.0,0.0,0.0,0.0,0.0,0.0,0.0,0.0,0.0,0.0,0.0,0.0,0.0,1.0,0.0,1.0,0,0,0,0,0,0,0.0,benign,0,-,CTU-IoT-Malware-Capture-1-1,0,none,none
60,6,0.0,1,0,0.0,0.0,0.0,60,60,0.0,1,0,0,0,1.0,0.0,1,1,0.0,0.0,0,1,0,0,0,0,0,1,1.0,0.0,0.0,0.0,0.0,0.0,0.0,0.0,0.0,0.0,0.0,0.0,0.0,0.0,0.0,0.0,0.0,0.0,1.0,0.0,0.0,0.0,0.0,1.0,1.0,0.0,0,1,0,0,0,0,100.0,malicious,1,PartOfAHorizontalPortScan,CTU-IoT-Malware-Capture-1-1,1,timing_jitter,medium
180,6,2.998826,3,0,1.000391486535064,0.0,0.0,180,180,0.0,3,0,0,0,3.0,0.0,1,1,0.0,0.0,0,1,0,0,0,0,0,1,1.0,0.0,0.0,0.0,0.0,0.0,0.0,0.0,0.0,0.0,0.0,0.0,0.0,0.0,0.0,0.0,2.998826,0.0,0.22497363286904928,0.0,0.0,0.0,0.0,1.0,0.22497363286904928,0.0,0,1,0,0,0,0,22.49736328690493,malicious,1,PartOfAHorizontalPortScan,CTU-IoT-Malware-Capture-1-1,1,timing_jitter,medium
60,6,0.0,1,0,0.0,0.0,0.0,60,60,0.0,1,0,0,0,1.0,0.0,1,1,0.0,0.0,0,1,0,0,0,0,0,1,1.0,0.0,0.0,0.0,0.0,0.0,0.0,0.0,0.0,0.0,0.0,0.0,0.0,0.0,0.0,0.0,0.0,0.0,0.9803814738535965,0.0,0.0,0.0,0.0,1.0,0.9803814738535965,0.0,0,1,0,0,0,0,98.03814738535965,malicious,1,PartOfAHorizontalPortScan,CTU-IoT-Malware-Capture-1-1,1,timing_jitter,medium
60,6,0.0,1,0,0.0,0.0,0.0,60,60,0.0,1,0,0,0,1.0,0.0,1,1,0.0,0.0,0,1,0,0,0,0,0,1,1.0,0.0,0.0,0.0,0.0,0.0,0.0,0.0,0.0,0.0,0.0,0.0,0.0,0.0,0.0,0.0,0.0,0.0,0.7161818331171402,0.0,0.0,0.0,0.0,1.0,0.7161818331171402,0.0,0,1,0,0,0,0,71.61818331171402,malicious,1,PartOfAHorizontalPortScan,CTU-IoT-Malware-Capture-1-1,1,timing_jitter,medium
60,6,0.0,1,0,0.0,0.0,0.0,60,60,0.0,1,0,0,0,1.0,0.0,1,1,0.0,0.0,0,1,0,0,0,0,0,1,1.0,0.0,0.0,0.0,0.0,0.0,0.0,0.0,0.0,0.0,0.0,0.0,0.0,0.0,0.0,0.0,0.0,0.0,0.0,0.0,0.0,0.0,0.0,1.0,0.0,1.0,0,0,0,0,0,0,0.0,benign,0,-,CTU-IoT-Malware-Capture-1-1,0,none,none
60,6,0.0,1,0,0.0,0.0,0.0,60,60,0.0,1,0,0,0,1.0,0.0,1,1,0.0,0.0,0,1,0,0,0,0,0,1,1.0,0.0,0.0,0.0,0.0,0.0,0.0,0.0,0.0,0.0,0.0,0.0,0.0,0.0,0.0,0.0,0.0,0.0,1.0,0.0,0.0,0.0,0.0,1.0,1.0,0.0,0,1,0,0,0,0,100.0,malicious,1,PartOfAHorizontalPortScan,CTU-IoT-Malware-Capture-1-1,1,timing_jitter,medium
180,6,2.998567,3,0,1.0004778949411501,0.0,0.0,180,180,0.0,3,0,0,0,3.0,0.0,1,1,0.0,0.0,0,1,0,0,0,0,0,1,1.0,0.0,0.0,0.0,0.0,0.0,0.0,0.0,0.0,0.0,0.0,0.0,0.0,0.0,0.0,0.0,2.998567,0.0,1.0,0.0,0.0,0.0,0.0,1.0,1.0,0.0,0,1,0,0,0,0,100.0,malicious,1,PartOfAHorizontalPortScan,CTU-IoT-Malware-Capture-1-1,1,timing_jitter,medium
60,6,0.0,1,0,0.0,0.0,0.0,60,60,0.0,1,0,0,0,1.0,0.0,1,1,0.0,0.0,0,1,0,0,0,0,0,1,1.0,0.0,0.0,0.0,0.0,0.0,0.0,0.0,0.0,0.0,0.0,0.0,0.0,0.0,0.0,0.0,0.0,0.0,0.013568881697034187,0.0,0.0,0.0,0.0,1.0,0.013568881697034187,0.0,0,1,0,0,0,0,1.3568881697034187,malicious,1,PartOfAHorizontalPortScan,CTU-IoT-Malware-Capture-1-1,1,timing_jitter,medium
40,17,0.0,1,0,0.0,0.0,0.0,40,40,0.0,1,0,0,0,1.0,0.0,1,1,0.0,0.0,0,1,0,0,0,0,0,1,1.0,0.0,0.0,0.0,0.0,0.0,0.0,0.0,0.0,0.0,0.0,0.0,0.0,0.0,0.0,0.0,0.0,0.0,0.0,0.0,0.0,0.0,0.0,1.0,0.0,1.0,0,0,0,0,0,0,0.0,benign,0,-,CTU-IoT-Malware-Capture-1-1,0,none,none
40,17,0.0,1,0,0.0,0.0,0.0,40,40,0.0,1,0,0,0,1.0,0.0,1,1,0.0,0.0,0,1,0,0,0,0,0,1,1.0,0.0,0.0,0.0,0.0,0.0,0.0,0.0,0.0,0.0,0.0,0.0,0.0,0.0,0.0,0.0,0.0,0.0,0.0,0.0,0.0,0.0,0.0,1.0,0.0,1.0,0,0,0,0,0,0,0.0,benign,0,-,CTU-IoT-Malware-Capture-1-1,0,none,none
60,6,0.0,1,0,0.0,0.0,0.0,60,60,0.0,1,0,0,0,1.0,0.0,1,1,0.0,0.0,0,1,0,0,0,0,0,1,1.0,0.0,0.0,0.0,0.0,0.0,0.0,0.0,0.0,0.0,0.0,0.0,0.0,0.0,0.0,0.0,0.0,0.0,0.7421722099250962,0.0,0.0,0.0,0.0,1.0,0.7421722099250962,0.0,0,1,0,0,0,0,74.21722099250962,malicious,1,PartOfAHorizontalPortScan,CTU-IoT-Malware-Capture-1-1,1,timing_jitter,medium
60,6,0.0,1,0,0.0,0.0,0.0,60,60,0.0,1,0,0,0,1.0,0.0,1,1,0.0,0.0,0,1,0,0,0,0,0,1,1.0,0.0,0.0,0.0,0.0,0.0,0.0,0.0,0.0,0.0,0.0,0.0,0.0,0.0,0.0,0.0,0.0,0.0,0.8712188561733336,0.0,0.0,0.0,0.0,1.0,0.8712188561733336,0.0,0,1,0,0,0,0,87.12188561733336,malicious,1,PartOfAHorizontalPortScan,CTU-IoT-Malware-Capture-1-1,1,timing_jitter,medium
40,17,0.0,1,0,0.0,0.0,0.0,40,40,0.0,1,0,0,0,1.0,0.0,1,1,0.0,0.0,0,1,0,0,0,0,0,1,1.0,0.0,0.0,0.0,0.0,0.0,0.0,0.0,0.0,0.0,0.0,0.0,0.0,0.0,0.0,0.0,0.0,0.0,0.0,0.0,0.0,0.0,0.0,1.0,0.0,1.0,0,0,0,0,0,0,0.0,benign,0,-,CTU-IoT-Malware-Capture-1-1,0,none,none
60,6,0.0,1,0,0.0,0.0,0.0,60,60,0.0,1,0,0,0,1.0,0.0,1,1,0.0,0.0,0,1,0,0,0,0,0,1,1.0,0.0,0.0,0.0,0.0,0.0,0.0,0.0,0.0,0.0,0.0,0.0,0.0,0.0,0.0,0.0,0.0,0.0,0.18075488233991863,0.0,0.0,0.0,0.0,1.0,0.18075488233991863,0.0,0,1,0,0,0,0,18.075488233991862,malicious,1,PartOfAHorizontalPortScan,CTU-IoT-Malware-Capture-1-1,1,timing_jitter,medium
60,6,0.0,1,0,0.0,0.0,0.0,60,60,0.0,1,0,0,0,1.0,0.0,1,1,0.0,0.0,0,1,0,0,0,0,0,1,1.0,0.0,0.0,0.0,0.0,0.0,0.0,0.0,0.0,0.0,0.0,0.0,0.0,0.0,0.0,0.0,0.0,0.0,0.0,0.0,0.0,0.0,0.0,1.0,0.0,1.0,0,0,0,0,0,0,0.0,benign,0,-,CTU-IoT-Malware-Capture-1-1,0,none,none
40,17,0.0,1,0,0.0,0.0,0.0,40,40,0.0,1,0,0,0,1.0,0.0,1,1,0.0,0.0,0,1,0,0,0,0,0,1,1.0,0.0,0.0,0.0,0.0,0.0,0.0,0.0,0.0,0.0,0.0,0.0,0.0,0.0,0.0,0.0,0.0,0.0,0.0,0.0,0.0,0.0,0.0,1.0,0.0,1.0,0,0,0,0,0,0,0.0,benign,0,-,CTU-IoT-Malware-Capture-1-1,0,none,none
180,6,2.998825,3,0,1.0003918201295507,0.0,0.0,180,180,0.0,3,0,0,0,3.0,0.0,1,1,0.0,0.0,0,1,0,0,0,0,0,1,1.0,0.0,0.0,0.0,0.0,0.0,0.0,0.0,0.0,0.0,0.0,0.0,0.0,0.0,0.0,0.0,2.998825,0.0,0.0,0.0,0.0,0.0,0.0,1.0,0.0,1.0,0,0,0,0,0,0,0.0,benign,0,-,CTU-IoT-Malware-Capture-1-1,0,none,none
60,6,0.0,1,0,0.0,0.0,0.0,60,60,0.0,1,0,0,0,1.0,0.0,1,1,0.0,0.0,0,1,0,0,0,0,0,1,1.0,0.0,0.0,0.0,0.0,0.0,0.0,0.0,0.0,0.0,0.0,0.0,0.0,0.0,0.0,0.0,0.0,0.0,0.030218578147383744,0.0,0.0,0.0,0.0,1.0,0.030218578147383744,0.0,0,1,0,0,0,0,3.0218578147383743,malicious,1,PartOfAHorizontalPortScan,CTU-IoT-Malware-Capture-1-1,1,timing_jitter,medium
40,17,0.0,1,0,0.0,0.0,0.0,40,40,0.0,1,0,0,0,1.0,0.0,1,1,0.0,0.0,0,1,0,0,0,0,0,1,1.0,0.0,0.0,0.0,0.0,0.0,0.0,0.0,0.0,0.0,0.0,0.0,0.0,0.0,0.0,0.0,0.0,0.0,0.0,0.0,0.0,0.0,0.0,1.0,0.0,1.0,0,0,0,0,0,0,0.0,benign,0,-,CTU-IoT-Malware-Capture-1-1,0,none,none
40,17,0.0,1,0,0.0,0.0,0.0,40,40,0.0,1,0,0,0,1.0,0.0,1,1,0.0,0.0,0,1,0,0,0,0,0,1,1.0,0.0,0.0,0.0,0.0,0.0,0.0,0.0,0.0,0.0,0.0,0.0,0.0,0.0,0.0,0.0,0.0,0.0,0.0,0.0,0.0,0.0,0.0,1.0,0.0,1.0,0,0,0,0,0,0,0.0,benign,0,-,CTU-IoT-Malware-Capture-1-1,0,none,none
60,6,0.0,1,0,0.0,0.0,0.0,60,60,0.0,1,0,0,0,1.0,0.0,1,1,0.0,0.0,0,1,0,0,0,0,0,1,1.0,0.0,0.0,0.0,0.0,0.0,0.0,0.0,0.0,0.0,0.0,0.0,0.0,0.0,0.0,0.0,0.0,0.0,0.15562087466870975,0.0,0.0,0.0,0.0,1.0,0.15562087466870975,0.0,0,1,0,0,0,0,15.562087466870974,malicious,1,PartOfAHorizontalPortScan,CTU-IoT-Malware-Capture-1-1,1,timing_jitter,medium
180,6,2.999063,3,0,1.0003124309159228,0.0,0.0,180,180,0.0,3,0,0,0,3.0,0.0,1,1,0.0,0.0,0,1,0,0,0,0,0,1,1.0,0.0,0.0,0.0,0.0,0.0,0.0,0.0,0.0,0.0,0.0,0.0,0.0,0.0,0.0,0.0,2.999063,0.0,0.4924859074215289,0.0,0.0,0.0,0.0,1.0,0.4924859074215289,0.0,0,1,0,0,0,0,49.24859074215289,malicious,1,PartOfAHorizontalPortScan,CTU-IoT-Malware-Capture-1-1,1,timing_jitter,medium
180,6,2.998578,3,0,1.0004742247825469,0.0,0.0,180,180,0.0,3,0,0,0,3.0,0.0,1,1,0.0,0.0,0,1,0,0,0,0,0,1,1.0,0.0,0.0,0.0,0.0,0.0,0.0,0.0,0.0,0.0,0.0,0.0,0.0,0.0,0.0,0.0,2.998578,0.0,1.0,0.0,0.0,0.0,0.0,1.0,1.0,0.0,0,1,0,0,0,0,100.0,malicious,1,PartOfAHorizontalPortScan,CTU-IoT-Malware-Capture-1-1,1,timing_jitter,medium
60,6,0.0,1,0,0.0,0.0,0.0,60,60,0.0,1,0,0,0,1.0,0.0,1,1,0.0,0.0,0,1,0,0,0,0,0,1,1.0,0.0,0.0,0.0,0.0,0.0,0.0,0.0,0.0,0.0,0.0,0.0,0.0,0.0,0.0,0.0,0.0,0.0,0.4018274123001605,0.0,0.0,0.0,0.0,1.0,0.4018274123001605,0.0,0,1,0,0,0,0,40.18274123001605,malicious,1,PartOfAHorizontalPortScan,CTU-IoT-Malware-Capture-1-1,1,timing_jitter,medium
180,6,2.998315,3,0,1.0005619823133993,0.0,0.0,180,180,0.0,3,0,0,0,3.0,0.0,1,1,0.0,0.0,0,1,0,0,0,0,0,1,1.0,0.0,0.0,0.0,0.0,0.0,0.0,0.0,0.0,0.0,0.0,0.0,0.0,0.0,0.0,0.0,2.998315,0.0,0.19327901179125082,0.0,0.0,0.0,0.0,1.0,0.19327901179125082,0.0,0,1,0,0,0,0,19.32790117912508,malicious,1,PartOfAHorizontalPortScan,CTU-IoT-Malware-Capture-1-1,1,timing_jitter,medium
60,6,0.0,1,0,0.0,0.0,0.0,60,60,0.0,1,0,0,0,1.0,0.0,1,1,0.0,0.0,0,1,0,0,0,0,0,1,1.0,0.0,0.0,0.0,0.0,0.0,0.0,0.0,0.0,0.0,0.0,0.0,0.0,0.0,0.0,0.0,0.0,0.0,0.08564612741687562,0.0,0.0,0.0,0.0,1.0,0.08564612741687562,0.0,0,1,0,0,0,0,8.564612741687561,malicious,1,PartOfAHorizontalPortScan,CTU-IoT-Malware-Capture-1-1,1,timing_jitter,medium
180,6,2.998811,3,0,1.0003964904757252,0.0,0.0,180,180,0.0,3,0,0,0,3.0,0.0,1,1,0.0,0.0,0,1,0,0,0,0,0,1,1.0,0.0,0.0,0.0,0.0,0.0,0.0,0.0,0.0,0.0,0.0,0.0,0.0,0.0,0.0,0.0,2.998811,0.0,1.0,0.0,0.0,0.0,0.0,1.0,1.0,0.0,0,1,0,0,0,0,100.0,malicious,1,PartOfAHorizontalPortScan,CTU-IoT-Malware-Capture-1-1,1,timing_jitter,medium
60,6,0.0,1,0,0.0,0.0,0.0,60,60,0.0,1,0,0,0,1.0,0.0,1,1,0.0,0.0,0,1,0,0,0,0,0,1,1.0,0.0,0.0,0.0,0.0,0.0,0.0,0.0,0.0,0.0,0.0,0.0,0.0,0.0,0.0,0.0,0.0,0.0,0.09604832996411362,0.0,0.0,0.0,0.0,1.0,0.09604832996411362,0.0,0,1,0,0,0,0,9.604832996411362,malicious,1,PartOfAHorizontalPortScan,CTU-IoT-Malware-Capture-1-1,1,timing_jitter,medium
40,17,0.0,1,0,0.0,0.0,0.0,40,40,0.0,1,0,0,0,1.0,0.0,1,1,0.0,0.0,0,1,0,0,0,0,0,1,1.0,0.0,0.0,0.0,0.0,0.0,0.0,0.0,0.0,0.0,0.0,0.0,0.0,0.0,0.0,0.0,0.0,0.0,0.0,0.0,0.0,0.0,0.0,1.0,0.0,1.0,0,0,0,0,0,0,0.0,benign,0,-,CTU-IoT-Malware-Capture-1-1,0,none,none
40,17,0.0,1,0,0.0,0.0,0.0,40,40,0.0,1,0,0,0,1.0,0.0,1,1,0.0,0.0,0,1,0,0,0,0,0,1,1.0,0.0,0.0,0.0,0.0,0.0,0.0,0.0,0.0,0.0,0.0,0.0,0.0,0.0,0.0,0.0,0.0,0.0,0.0,0.0,0.0,0.0,0.0,1.0,0.0,1.0,0,0,0,0,0,0,0.0,benign,0,-,CTU-IoT-Malware-Capture-1-1,0,none,none
180,6,2.999057,3,0,1.0003144321698454,0.0,0.0,180,180,0.0,3,0,0,0,3.0,0.0,1,1,0.0,0.0,0,1,0,0,0,0,0,1,1.0,0.0,0.0,0.0,0.0,0.0,0.0,0.0,0.0,0.0,0.0,0.0,0.0,0.0,0.0,0.0,2.999057,0.0,0.7114183195069846,0.0,0.0,0.0,0.0,1.0,0.7114183195069846,0.0,0,1,0,0,0,0,71.14183195069846,malicious,1,PartOfAHorizontalPortScan,CTU-IoT-Malware-Capture-1-1,1,timing_jitter,medium
40,17,0.0,1,0,0.0,0.0,0.0,40,40,0.0,1,0,0,0,1.0,0.0,1,1,0.0,0.0,0,1,0,0,0,0,0,1,1.0,0.0,0.0,0.0,0.0,0.0,0.0,0.0,0.0,0.0,0.0,0.0,0.0,0.0,0.0,0.0,0.0,0.0,0.0,0.0,0.0,0.0,0.0,1.0,0.0,1.0,0,0,0,0,0,0,0.0,benign,0,-,CTU-IoT-Malware-Capture-1-1,0,none,none
40,17,0.0,1,0,0.0,0.0,0.0,40,40,0.0,1,0,0,0,1.0,0.0,1,1,0.0,0.0,0,1,0,0,0,0,0,1,1.0,0.0,0.0,0.0,0.0,0.0,0.0,0.0,0.0,0.0,0.0,0.0,0.0,0.0,0.0,0.0,0.0,0.0,0.0,0.0,0.0,0.0,0.0,1.0,0.0,1.0,0,0,0,0,0,0,0.0,benign,0,-,CTU-IoT-Malware-Capture-1-1,0,none,none
40,17,0.0,1,0,0.0,0.0,0.0,40,40,0.0,1,0,0,0,1.0,0.0,1,1,0.0,0.0,0,1,0,0,0,0,0,1,1.0,0.0,0.0,0.0,0.0,0.0,0.0,0.0,0.0,0.0,0.0,0.0,0.0,0.0,0.0,0.0,0.0,0.0,0.0,0.0,0.0,0.0,0.0,1.0,0.0,1.0,0,0,0,0,0,0,0.0,benign,0,-,CTU-IoT-Malware-Capture-1-1,0,none,none
180,6,2.998831,3,0,1.0003898185659679,0.0,0.0,180,180,0.0,3,0,0,0,3.0,0.0,1,1,0.0,0.0,0,1,0,0,0,0,0,1,1.0,0.0,0.0,0.0,0.0,0.0,0.0,0.0,0.0,0.0,0.0,0.0,0.0,0.0,0.0,0.0,2.998831,0.0,0.06287551866398769,0.0,0.0,0.0,0.0,1.0,0.06287551866398769,0.0,0,1,0,0,0,0,6.287551866398768,malicious,1,PartOfAHorizontalPortScan,CTU-IoT-Malware-Capture-1-1,1,timing_jitter,medium
60,6,0.0,1,0,0.0,0.0,0.0,60,60,0.0,1,0,0,0,1.0,0.0,1,1,0.0,0.0,0,1,0,0,0,0,0,1,1.0,0.0,0.0,0.0,0.0,0.0,0.0,0.0,0.0,0.0,0.0,0.0,0.0,0.0,0.0,0.0,0.0,0.0,0.0,0.0,0.0,0.0,0.0,1.0,0.0,1.0,0,0,0,0,0,0,0.0,benign,0,-,CTU-IoT-Malware-Capture-1-1,0,none,none
40,17,0.0,1,0,0.0,0.0,0.0,40,40,0.0,1,0,0,0,1.0,0.0,1,1,0.0,0.0,0,1,0,0,0,0,0,1,1.0,0.0,0.0,0.0,0.0,0.0,0.0,0.0,0.0,0.0,0.0,0.0,0.0,0.0,0.0,0.0,0.0,0.0,0.0,0.0,0.0,0.0,0.0,1.0,0.0,1.0,0,0,0,0,0,0,0.0,benign,0,-,CTU-IoT-Malware-Capture-1-1,0,none,none
60,6,0.0,1,0,0.0,0.0,0.0,60,60,0.0,1,0,0,0,1.0,0.0,1,1,0.0,0.0,0,1,0,0,0,0,0,1,1.0,0.0,0.0,0.0,0.0,0.0,0.0,0.0,0.0,0.0,0.0,0.0,0.0,0.0,0.0,0.0,0.0,0.0,0.1023187685302898,0.0,0.0,0.0,0.0,1.0,0.1023187685302898,0.0,0,1,0,0,0,0,10.23187685302898,malicious,1,PartOfAHorizontalPortScan,CTU-IoT-Malware-Capture-1-1,1,timing_jitter,medium
60,6,0.0,1,0,0.0,0.0,0.0,60,60,0.0,1,0,0,0,1.0,0.0,1,1,0.0,0.0,0,1,0,0,0,0,0,1,1.0,0.0,0.0,0.0,0.0,0.0,0.0,0.0,0.0,0.0,0.0,0.0,0.0,0.0,0.0,0.0,0.0,0.0,0.2816961679237558,0.0,0.0,0.0,0.0,1.0,0.2816961679237558,0.0,0,1,0,0,0,0,28.16961679237558,malicious,1,PartOfAHorizontalPortScan,CTU-IoT-Malware-Capture-1-1,1,timing_jitter,medium
40,17,0.0,1,0,0.0,0.0,0.0,40,40,0.0,1,0,0,0,1.0,0.0,1,1,0.0,0.0,0,1,0,0,0,0,0,1,1.0,0.0,0.0,0.0,0.0,0.0,0.0,0.0,0.0,0.0,0.0,0.0,0.0,0.0,0.0,0.0,0.0,0.0,0.0,0.0,0.0,0.0,0.0,1.0,0.0,1.0,0,0,0,0,0,0,0.0,benign,0,-,CTU-IoT-Malware-Capture-1-1,0,none,none
60,6,0.0,1,0,0.0,0.0,0.0,60,60,0.0,1,0,0,0,1.0,0.0,1,1,0.0,0.0,0,1,0,0,0,0,0,1,1.0,0.0,0.0,0.0,0.0,0.0,0.0,0.0,0.0,0.0,0.0,0.0,0.0,0.0,0.0,0.0,0.0,0.0,0.3950587657719986,0.0,0.0,0.0,0.0,1.0,0.3950587657719986,0.0,0,1,0,0,0,0,39.505876577199864,malicious,1,PartOfAHorizontalPortScan,CTU-IoT-Malware-Capture-1-1,1,timing_jitter,medium
180,6,2.999066,3,0,1.0003114302919642,0.0,0.0,180,180,0.0,3,0,0,0,3.0,0.0,1,1,0.0,0.0,0,1,0,0,0,0,0,1,1.0,0.0,0.0,0.0,0.0,0.0,0.0,0.0,0.0,0.0,0.0,0.0,0.0,0.0,0.0,0.0,2.999066,0.0,0.39511557701991173,0.0,0.0,0.0,0.0,1.0,0.39511557701991173,0.0,0,1,0,0,0,0,39.51155770199117,malicious,1,PartOfAHorizontalPortScan,CTU-IoT-Malware-Capture-1-1,1,timing_jitter,medium
40,17,0.0,1,0,0.0,0.0,0.0,40,40,0.0,1,0,0,0,1.0,0.0,1,1,0.0,0.0,0,1,0,0,0,0,0,1,1.0,0.0,0.0,0.0,0.0,0.0,0.0,0.0,0.0,0.0,0.0,0.0,0.0,0.0,0.0,0.0,0.0,0.0,0.0,0.0,0.0,0.0,0.0,1.0,0.0,1.0,0,0,0,0,0,0,0.0,benign,0,-,CTU-IoT-Malware-Capture-1-1,0,none,none
180,6,2.999058,3,0,1.000314098626969,0.0,0.0,180,180,0.0,3,0,0,0,3.0,0.0,1,1,0.0,0.0,0,1,0,0,0,0,0,1,1.0,0.0,0.0,0.0,0.0,0.0,0.0,0.0,0.0,0.0,0.0,0.0,0.0,0.0,0.0,0.0,2.999058,0.0,0.4749484958462095,0.0,0.0,0.0,0.0,1.0,0.4749484958462095,0.0,0,1,0,0,0,0,47.49484958462095,malicious,1,PartOfAHorizontalPortScan,CTU-IoT-Malware-Capture-1-1,1,timing_jitter,medium
40,17,0.0,1,0,0.0,0.0,0.0,40,40,0.0,1,0,0,0,1.0,0.0,1,1,0.0,0.0,0,1,0,0,0,0,0,1,1.0,0.0,0.0,0.0,0.0,0.0,0.0,0.0,0.0,0.0,0.0,0.0,0.0,0.0,0.0,0.0,0.0,0.0,0.0,0.0,0.0,0.0,0.0,1.0,0.0,1.0,0,0,0,0,0,0,0.0,benign,0,-,CTU-IoT-Malware-Capture-1-1,0,none,none
60,6,0.0,1,0,0.0,0.0,0.0,60,60,0.0,1,0,0,0,1.0,0.0,1,1,0.0,0.0,0,1,0,0,0,0,0,1,1.0,0.0,0.0,0.0,0.0,0.0,0.0,0.0,0.0,0.0,0.0,0.0,0.0,0.0,0.0,0.0,0.0,0.0,0.0,0.0,0.0,0.0,0.0,1.0,0.0,1.0,0,0,0,0,0,0,0.0,benign,0,-,CTU-IoT-Malware-Capture-1-1,0,none,none
60,6,0.0,1,0,0.0,0.0,0.0,60,60,0.0,1,0,0,0,1.0,0.0,1,1,0.0,0.0,0,1,0,0,0,0,0,1,1.0,0.0,0.0,0.0,0.0,0.0,0.0,0.0,0.0,0.0,0.0,0.0,0.0,0.0,0.0,0.0,0.0,0.0,0.5236692370791133,0.0,0.0,0.0,0.0,1.0,0.5236692370791133,0.0,0,1,0,0,0,0,52.36692370791133,malicious,1,PartOfAHorizontalPortScan,CTU-IoT-Malware-Capture-1-1,1,timing_jitter,medium
60,6,0.0,1,0,0.0,0.0,0.0,60,60,0.0,1,0,0,0,1.0,0.0,1,1,0.0,0.0,0,1,0,0,0,0,0,1,1.0,0.0,0.0,0.0,0.0,0.0,0.0,0.0,0.0,0.0,0.0,0.0,0.0,0.0,0.0,0.0,0.0,0.0,0.18864102373709993,0.0,0.0,0.0,0.0,1.0,0.18864102373709993,0.0,0,1,0,0,0,0,18.864102373709994,malicious,1,PartOfAHorizontalPortScan,CTU-IoT-Malware-Capture-1-1,1,timing_jitter,medium
60,6,0.0,1,0,0.0,0.0,0.0,60,60,0.0,1,0,0,0,1.0,0.0,1,1,0.0,0.0,0,1,0,0,0,0,0,1,1.0,0.0,0.0,0.0,0.0,0.0,0.0,0.0,0.0,0.0,0.0,0.0,0.0,0.0,0.0,0.0,0.0,0.0,0.31643650883196534,0.0,0.0,0.0,0.0,1.0,0.31643650883196534,0.0,0,1,0,0,0,0,31.643650883196536,malicious,1,PartOfAHorizontalPortScan,CTU-IoT-Malware-Capture-1-1,1,timing_jitter,medium
60,6,0.0,1,0,0.0,0.0,0.0,60,60,0.0,1,0,0,0,1.0,0.0,1,1,0.0,0.0,0,1,0,0,0,0,0,1,1.0,0.0,0.0,0.0,0.0,0.0,0.0,0.0,0.0,0.0,0.0,0.0,0.0,0.0,0.0,0.0,0.0,0.0,0.8533978726304936,0.0,0.0,0.0,0.0,1.0,0.8533978726304936,0.0,0,1,0,0,0,0,85.33978726304936,malicious,1,PartOfAHorizontalPortScan,CTU-IoT-Malware-Capture-1-1,1,timing_jitter,medium
40,17,0.0,1,0,0.0,0.0,0.0,40,40,0.0,1,0,0,0,1.0,0.0,1,1,0.0,0.0,0,1,0,0,0,0,0,1,1.0,0.0,0.0,0.0,0.0,0.0,0.0,0.0,0.0,0.0,0.0,0.0,0.0,0.0,0.0,0.0,0.0,0.0,0.0,0.0,0.0,0.0,0.0,1.0,0.0,1.0,0,0,0,0,0,0,0.0,benign,0,-,CTU-IoT-Malware-Capture-1-1,0,none,none
40,17,0.0,1,0,0.0,0.0,0.0,40,40,0.0,1,0,0,0,1.0,0.0,1,1,0.0,0.0,0,1,0,0,0,0,0,1,1.0,0.0,0.0,0.0,0.0,0.0,0.0,0.0,0.0,0.0,0.0,0.0,0.0,0.0,0.0,0.0,0.0,0.0,0.0,0.0,0.0,0.0,0.0,1.0,0.0,1.0,0,0,0,0,0,0,0.0,benign,0,-,CTU-IoT-Malware-Capture-1-1,0,none,none
40,17,0.0,1,0,0.0,0.0,0.0,40,40,0.0,1,0,0,0,1.0,0.0,1,1,0.0,0.0,0,1,0,0,0,0,0,1,1.0,0.0,0.0,0.0,0.0,0.0,0.0,0.0,0.0,0.0,0.0,0.0,0.0,0.0,0.0,0.0,0.0,0.0,0.0,0.0,0.0,0.0,0.0,1.0,0.0,1.0,0,0,0,0,0,0,0.0,benign,0,-,CTU-IoT-Malware-Capture-1-1,0,none,none
60,6,0.0,1,0,0.0,0.0,0.0,60,60,0.0,1,0,0,0,1.0,0.0,1,1,0.0,0.0,0,1,0,0,0,0,0,1,1.0,0.0,0.0,0.0,0.0,0.0,0.0,0.0,0.0,0.0,0.0,0.0,0.0,0.0,0.0,0.0,0.0,0.0,0.0,0.0,0.0,0.0,0.0,1.0,0.0,1.0,0,0,0,0,0,0,0.0,benign,0,-,CTU-IoT-Malware-Capture-1-1,0,none,none
40,17,0.0,1,0,0.0,0.0,0.0,40,40,0.0,1,0,0,0,1.0,0.0,1,1,0.0,0.0,0,1,0,0,0,0,0,1,1.0,0.0,0.0,0.0,0.0,0.0,0.0,0.0,0.0,0.0,0.0,0.0,0.0,0.0,0.0,0.0,0.0,0.0,0.0,0.0,0.0,0.0,0.0,1.0,0.0,1.0,0,0,0,0,0,0,0.0,benign,0,-,CTU-IoT-Malware-Capture-1-1,0,none,none
40,17,0.0,1,0,0.0,0.0,0.0,40,40,0.0,1,0,0,0,1.0,0.0,1,1,0.0,0.0,0,1,0,0,0,0,0,1,1.0,0.0,0.0,0.0,0.0,0.0,0.0,0.0,0.0,0.0,0.0,0.0,0.0,0.0,0.0,0.0,0.0,0.0,0.0,0.0,0.0,0.0,0.0,1.0,0.0,1.0,0,0,0,0,0,0,0.0,benign,0,-,CTU-IoT-Malware-Capture-1-1,0,none,none
40,17,0.0,1,0,0.0,0.0,0.0,40,40,0.0,1,0,0,0,1.0,0.0,1,1,0.0,0.0,0,1,0,0,0,0,0,1,1.0,0.0,0.0,0.0,0.0,0.0,0.0,0.0,0.0,0.0,0.0,0.0,0.0,0.0,0.0,0.0,0.0,0.0,0.0,0.0,0.0,0.0,0.0,1.0,0.0,1.0,0,0,0,0,0,0,0.0,benign,0,-,CTU-IoT-Malware-Capture-1-1,0,none,none
60,6,0.0,1,0,0.0,0.0,0.0,60,60,0.0,1,0,0,0,1.0,0.0,1,1,0.0,0.0,0,1,0,0,0,0,0,1,1.0,0.0,0.0,0.0,0.0,0.0,0.0,0.0,0.0,0.0,0.0,0.0,0.0,0.0,0.0,0.0,0.0,0.0,0.04829665800286132,0.0,0.0,0.0,0.0,1.0,0.04829665800286132,0.0,0,1,0,0,0,0,4.829665800286132,malicious,1,PartOfAHorizontalPortScan,CTU-IoT-Malware-Capture-1-1,1,timing_jitter,medium
40,17,0.0,1,0,0.0,0.0,0.0,40,40,0.0,1,0,0,0,1.0,0.0,1,1,0.0,0.0,0,1,0,0,0,0,0,1,1.0,0.0,0.0,0.0,0.0,0.0,0.0,0.0,0.0,0.0,0.0,0.0,0.0,0.0,0.0,0.0,0.0,0.0,0.0,0.0,0.0,0.0,0.0,1.0,0.0,1.0,0,0,0,0,0,0,0.0,benign,0,-,CTU-IoT-Malware-Capture-1-1,0,none,none
180,6,2.999302,3,0,1.0002327208130424,0.0,0.0,180,180,0.0,3,0,0,0,3.0,0.0,1,1,0.0,0.0,0,1,0,0,0,0,0,1,1.0,0.0,0.0,0.0,0.0,0.0,0.0,0.0,0.0,0.0,0.0,0.0,0.0,0.0,0.0,0.0,2.999302,0.0,0.17383261123974045,0.0,0.0,0.0,0.0,1.0,0.17383261123974045,0.0,0,1,0,0,0,0,17.383261123974044,malicious,1,PartOfAHorizontalPortScan,CTU-IoT-Malware-Capture-1-1,1,timing_jitter,medium
60,6,0.0,1,0,0.0,0.0,0.0,60,60,0.0,1,0,0,0,1.0,0.0,1,1,0.0,0.0,0,1,0,0,0,0,0,1,1.0,0.0,0.0,0.0,0.0,0.0,0.0,0.0,0.0,0.0,0.0,0.0,0.0,0.0,0.0,0.0,0.0,0.0,0.21045050382003033,0.0,0.0,0.0,0.0,1.0,0.21045050382003033,0.0,0,1,0,0,0,0,21.045050382003033,malicious,1,PartOfAHorizontalPortScan,CTU-IoT-Malware-Capture-1-1,1,timing_jitter,medium
60,6,0.0,1,0,0.0,0.0,0.0,60,60,0.0,1,0,0,0,1.0,0.0,1,1,0.0,0.0,0,1,0,0,0,0,0,1,1.0,0.0,0.0,0.0,0.0,0.0,0.0,0.0,0.0,0.0,0.0,0.0,0.0,0.0,0.0,0.0,0.0,0.0,0.8461655786577519,0.0,0.0,0.0,0.0,1.0,0.8461655786577519,0.0,0,1,0,0,0,0,84.61655786577519,malicious,1,PartOfAHorizontalPortScan,CTU-IoT-Malware-Capture-1-1,1,timing_jitter,medium
40,17,0.0,1,0,0.0,0.0,0.0,40,40,0.0,1,0,0,0,1.0,0.0,1,1,0.0,0.0,0,1,0,0,0,0,0,1,1.0,0.0,0.0,0.0,0.0,0.0,0.0,0.0,0.0,0.0,0.0,0.0,0.0,0.0,0.0,0.0,0.0,0.0,0.0,0.0,0.0,0.0,0.0,1.0,0.0,1.0,0,0,0,0,0,0,0.0,benign,0,-,CTU-IoT-Malware-Capture-1-1,0,none,none
40,17,0.0,1,0,0.0,0.0,0.0,40,40,0.0,1,0,0,0,1.0,0.0,1,1,0.0,0.0,0,1,0,0,0,0,0,1,1.0,0.0,0.0,0.0,0.0,0.0,0.0,0.0,0.0,0.0,0.0,0.0,0.0,0.0,0.0,0.0,0.0,0.0,0.0,0.0,0.0,0.0,0.0,1.0,0.0,1.0,0,0,0,0,0,0,0.0,benign,0,-,CTU-IoT-Malware-Capture-1-1,0,none,none
60,6,0.0,1,0,0.0,0.0,0.0,60,60,0.0,1,0,0,0,1.0,0.0,1,1,0.0,0.0,0,1,0,0,0,0,0,1,1.0,0.0,0.0,0.0,0.0,0.0,0.0,0.0,0.0,0.0,0.0,0.0,0.0,0.0,0.0,0.0,0.0,0.0,0.0,0.0,0.0,0.0,0.0,1.0,0.0,1.0,0,0,0,0,0,0,0.0,benign,0,-,CTU-IoT-Malware-Capture-1-1,0,none,none
40,17,0.0,1,0,0.0,0.0,0.0,40,40,0.0,1,0,0,0,1.0,0.0,1,1,0.0,0.0,0,1,0,0,0,0,0,1,1.0,0.0,0.0,0.0,0.0,0.0,0.0,0.0,0.0,0.0,0.0,0.0,0.0,0.0,0.0,0.0,0.0,0.0,0.0,0.0,0.0,0.0,0.0,1.0,0.0,1.0,0,0,0,0,0,0,0.0,benign,0,-,CTU-IoT-Malware-Capture-1-1,0,none,none
60,6,0.0,1,0,0.0,0.0,0.0,60,60,0.0,1,0,0,0,1.0,0.0,1,1,0.0,0.0,0,1,0,0,0,0,0,1,1.0,0.0,0.0,0.0,0.0,0.0,0.0,0.0,0.0,0.0,0.0,0.0,0.0,0.0,0.0,0.0,0.0,0.0,0.10424821383681605,0.0,0.0,0.0,0.0,1.0,0.10424821383681605,0.0,0,1,0,0,0,0,10.424821383681605,malicious,1,PartOfAHorizontalPortScan,CTU-IoT-Malware-Capture-1-1,1,timing_jitter,medium
40,17,0.0,1,0,0.0,0.0,0.0,40,40,0.0,1,0,0,0,1.0,0.0,1,1,0.0,0.0,0,1,0,0,0,0,0,1,1.0,0.0,0.0,0.0,0.0,0.0,0.0,0.0,0.0,0.0,0.0,0.0,0.0,0.0,0.0,0.0,0.0,0.0,0.0,0.0,0.0,0.0,0.0,1.0,0.0,1.0,0,0,0,0,0,0,0.0,benign,0,-,CTU-IoT-Malware-Capture-1-1,0,none,none
68,1,0.0,1,0,0.0,0.0,0.0,68,68,0.0,1,0,0,0,1.0,0.0,1,1,0.0,0.0,0,0,0,0,0,0,0,0,0.0,0.0,0.0,0.0,0.0,0.0,0.0,0.0,0.0,0.0,0.0,0.0,0.0,0.0,0.0,0.0,0.0,0.0,0.0,0.0,0.0,0.0,0.0,1.0,0.0,1.0,0,0,0,0,0,0,0.0,benign,0,-,CTU-IoT-Malware-Capture-1-1,0,none,none
60,6,0.0,1,0,0.0,0.0,0.0,60,60,0.0,1,0,0,0,1.0,0.0,1,1,0.0,0.0,0,1,0,0,0,0,0,1,1.0,0.0,0.0,0.0,0.0,0.0,0.0,0.0,0.0,0.0,0.0,0.0,0.0,0.0,0.0,0.0,0.0,0.0,1.0,0.0,0.0,0.0,0.0,1.0,1.0,0.0,0,1,0,0,0,0,100.0,malicious,1,PartOfAHorizontalPortScan,CTU-IoT-Malware-Capture-1-1,1,timing_jitter,medium
180,6,2.998804,3,0,1.0003988256651652,0.0,0.0,180,180,0.0,3,0,0,0,3.0,0.0,1,1,0.0,0.0,0,1,0,0,0,0,0,1,1.0,0.0,0.0,0.0,0.0,0.0,0.0,0.0,0.0,0.0,0.0,0.0,0.0,0.0,0.0,0.0,2.998804,0.0,0.0,0.0,0.0,0.0,0.0,1.0,0.0,1.0,0,0,0,0,0,0,0.0,benign,0,-,CTU-IoT-Malware-Capture-1-1,0,none,none
60,6,0.0,1,0,0.0,0.0,0.0,60,60,0.0,1,0,0,0,1.0,0.0,1,1,0.0,0.0,0,1,0,0,0,0,0,1,1.0,0.0,0.0,0.0,0.0,0.0,0.0,0.0,0.0,0.0,0.0,0.0,0.0,0.0,0.0,0.0,0.0,0.0,0.0,0.0,0.0,0.0,0.0,1.0,0.0,1.0,0,0,0,0,0,0,0.0,benign,0,-,CTU-IoT-Malware-Capture-1-1,0,none,none
40,17,0.0,1,0,0.0,0.0,0.0,40,40,0.0,1,0,0,0,1.0,0.0,1,1,0.0,0.0,0,1,0,0,0,0,0,1,1.0,0.0,0.0,0.0,0.0,0.0,0.0,0.0,0.0,0.0,0.0,0.0,0.0,0.0,0.0,0.0,0.0,0.0,0.0,0.0,0.0,0.0,0.0,1.0,0.0,1.0,0,0,0,0,0,0,0.0,benign,0,-,CTU-IoT-Malware-Capture-1-1,0,none,none
40,17,0.0,1,0,0.0,0.0,0.0,40,40,0.0,1,0,0,0,1.0,0.0,1,1,0.0,0.0,0,1,0,0,0,0,0,1,1.0,0.0,0.0,0.0,0.0,0.0,0.0,0.0,0.0,0.0,0.0,0.0,0.0,0.0,0.0,0.0,0.0,0.0,0.0,0.0,0.0,0.0,0.0,1.0,0.0,1.0,0,0,0,0,0,0,0.0,benign,0,-,CTU-IoT-Malware-Capture-1-1,0,none,none
40,17,0.0,1,0,0.0,0.0,0.0,40,40,0.0,1,0,0,0,1.0,0.0,1,1,0.0,0.0,0,1,0,0,0,0,0,1,1.0,0.0,0.0,0.0,0.0,0.0,0.0,0.0,0.0,0.0,0.0,0.0,0.0,0.0,0.0,0.0,0.0,0.0,0.0,0.0,0.0,0.0,0.0,1.0,0.0,1.0,0,0,0,0,0,0,0.0,benign,0,-,CTU-IoT-Malware-Capture-1-1,0,none,none
60,6,0.0,1,0,0.0,0.0,0.0,60,60,0.0,1,0,0,0,1.0,0.0,1,1,0.0,0.0,0,1,0,0,0,0,0,1,1.0,0.0,0.0,0.0,0.0,0.0,0.0,0.0,0.0,0.0,0.0,0.0,0.0,0.0,0.0,0.0,0.0,0.0,0.13063680680038758,0.0,0.0,0.0,0.0,1.0,0.13063680680038758,0.0,0,1,0,0,0,0,13.06368068003876,malicious,1,PartOfAHorizontalPortScan,CTU-IoT-Malware-Capture-1-1,1,timing_jitter,medium
180,6,2.998806,3,0,1.0003981584670698,0.0,0.0,180,180,0.0,3,0,0,0,3.0,0.0,1,1,0.0,0.0,0,1,0,0,0,0,0,1,1.0,0.0,0.0,0.0,0.0,0.0,0.0,0.0,0.0,0.0,0.0,0.0,0.0,0.0,0.0,0.0,2.998806,0.0,0.024019744126986313,0.0,0.0,0.0,0.0,1.0,0.024019744126986313,0.0,0,1,0,0,0,0,2.4019744126986313,malicious,1,PartOfAHorizontalPortScan,CTU-IoT-Malware-Capture-1-1,1,timing_jitter,medium
40,17,0.0,1,0,0.0,0.0,0.0,40,40,0.0,1,0,0,0,1.0,0.0,1,1,0.0,0.0,0,1,0,0,0,0,0,1,1.0,0.0,0.0,0.0,0.0,0.0,0.0,0.0,0.0,0.0,0.0,0.0,0.0,0.0,0.0,0.0,0.0,0.0,0.0,0.0,0.0,0.0,0.0,1.0,0.0,1.0,0,0,0,0,0,0,0.0,benign,0,-,CTU-IoT-Malware-Capture-1-1,0,none,none
60,6,0.0,1,0,0.0,0.0,0.0,60,60,0.0,1,0,0,0,1.0,0.0,1,1,0.0,0.0,0,1,0,0,0,0,0,1,1.0,0.0,0.0,0.0,0.0,0.0,0.0,0.0,0.0,0.0,0.0,0.0,0.0,0.0,0.0,0.0,0.0,0.0,0.27877672827901173,0.0,0.0,0.0,0.0,1.0,0.27877672827901173,0.0,0,1,0,0,0,0,27.877672827901172,malicious,1,PartOfAHorizontalPortScan,CTU-IoT-Malware-Capture-1-1,1,timing_jitter,medium
180,6,2.998808,3,0,1.0003974912698645,0.0,0.0,180,180,0.0,3,0,0,0,3.0,0.0,1,1,0.0,0.0,0,1,0,0,0,0,0,1,1.0,0.0,0.0,0.0,0.0,0.0,0.0,0.0,0.0,0.0,0.0,0.0,0.0,0.0,0.0,0.0,2.998808,0.0,0.06447859773055165,0.0,0.0,0.0,0.0,1.0,0.06447859773055165,0.0,0,1,0,0,0,0,6.447859773055164,malicious,1,PartOfAHorizontalPortScan,CTU-IoT-Malware-Capture-1-1,1,timing_jitter,medium
40,17,0.0,1,0,0.0,0.0,0.0,40,40,0.0,1,0,0,0,1.0,0.0,1,1,0.0,0.0,0,1,0,0,0,0,0,1,1.0,0.0,0.0,0.0,0.0,0.0,0.0,0.0,0.0,0.0,0.0,0.0,0.0,0.0,0.0,0.0,0.0,0.0,0.0,0.0,0.0,0.0,0.0,1.0,0.0,1.0,0,0,0,0,0,0,0.0,benign,0,-,CTU-IoT-Malware-Capture-1-1,0,none,none
60,6,0.0,1,0,0.0,0.0,0.0,60,60,0.0,1,0,0,0,1.0,0.0,1,1,0.0,0.0,0,1,0,0,0,0,0,1,1.0,0.0,0.0,0.0,0.0,0.0,0.0,0.0,0.0,0.0,0.0,0.0,0.0,0.0,0.0,0.0,0.0,0.0,1.0,0.0,0.0,0.0,0.0,1.0,1.0,0.0,0,1,0,0,0,0,100.0,malicious,1,PartOfAHorizontalPortScan,CTU-IoT-Malware-Capture-1-1,1,timing_jitter,medium
60,6,0.0,1,0,0.0,0.0,0.0,60,60,0.0,1,0,0,0,1.0,0.0,1,1,0.0,0.0,0,1,0,0,0,0,0,1,1.0,0.0,0.0,0.0,0.0,0.0,0.0,0.0,0.0,0.0,0.0,0.0,0.0,0.0,0.0,0.0,0.0,0.0,0.17448533356121312,0.0,0.0,0.0,0.0,1.0,0.17448533356121312,0.0,0,1,0,0,0,0,17.448533356121313,malicious,1,PartOfAHorizontalPortScan,CTU-IoT-Malware-Capture-1-1,1,timing_jitter,medium
180,6,2.998821,3,0,1.0003931545097224,0.0,0.0,180,180,0.0,3,0,0,0,3.0,0.0,1,1,0.0,0.0,0,1,0,0,0,0,0,1,1.0,0.0,0.0,0.0,0.0,0.0,0.0,0.0,0.0,0.0,0.0,0.0,0.0,0.0,0.0,0.0,2.998821,0.0,0.23150023513954512,0.0,0.0,0.0,0.0,1.0,0.23150023513954512,0.0,0,1,0,0,0,0,23.150023513954512,malicious,1,PartOfAHorizontalPortScan,CTU-IoT-Malware-Capture-1-1,1,timing_jitter,medium
68,1,0.0,1,0,0.0,0.0,0.0,68,68,0.0,1,0,0,0,1.0,0.0,1,1,0.0,0.0,0,0,0,0,0,0,0,0,0.0,0.0,0.0,0.0,0.0,0.0,0.0,0.0,0.0,0.0,0.0,0.0,0.0,0.0,0.0,0.0,0.0,0.0,0.0,0.0,0.0,0.0,0.0,1.0,0.0,1.0,0,0,0,0,0,0,0.0,benign,0,-,CTU-IoT-Malware-Capture-1-1,0,none,none
40,17,0.0,1,0,0.0,0.0,0.0,40,40,0.0,1,0,0,0,1.0,0.0,1,1,0.0,0.0,0,1,0,0,0,0,0,1,1.0,0.0,0.0,0.0,0.0,0.0,0.0,0.0,0.0,0.0,0.0,0.0,0.0,0.0,0.0,0.0,0.0,0.0,0.0,0.0,0.0,0.0,0.0,1.0,0.0,1.0,0,0,0,0,0,0,0.0,benign,0,-,CTU-IoT-Malware-Capture-1-1,0,none,none
40,17,0.0,1,0,0.0,0.0,0.0,40,40,0.0,1,0,0,0,1.0,0.0,1,1,0.0,0.0,0,1,0,0,0,0,0,1,1.0,0.0,0.0,0.0,0.0,0.0,0.0,0.0,0.0,0.0,0.0,0.0,0.0,0.0,0.0,0.0,0.0,0.0,0.0,0.0,0.0,0.0,0.0,1.0,0.0,1.0,0,0,0,0,0,0,0.0,benign,0,-,CTU-IoT-Malware-Capture-1-1,0,none,none
180,6,2.998024,3,0,1.00065910079439,0.0,0.0,180,180,0.0,3,0,0,0,3.0,0.0,1,1,0.0,0.0,0,1,0,0,0,0,0,1,1.0,0.0,0.0,0.0,0.0,0.0,0.0,0.0,0.0,0.0,0.0,0.0,0.0,0.0,0.0,0.0,2.998024,0.0,0.3515731106633556,0.0,0.0,0.0,0.0,1.0,0.3515731106633556,0.0,0,1,0,0,0,0,35.15731106633556,malicious,1,PartOfAHorizontalPortScan,CTU-IoT-Malware-Capture-1-1,1,timing_jitter,medium
180,6,2.998559,3,0,1.0004805641643202,0.0,0.0,180,180,0.0,3,0,0,0,3.0,0.0,1,1,0.0,0.0,0,1,0,0,0,0,0,1,1.0,0.0,0.0,0.0,0.0,0.0,0.0,0.0,0.0,0.0,0.0,0.0,0.0,0.0,0.0,0.0,2.998559,0.0,0.32272839735503644,0.0,0.0,0.0,0.0,1.0,0.32272839735503644,0.0,0,1,0,0,0,0,32.272839735503645,malicious,1,PartOfAHorizontalPortScan,CTU-IoT-Malware-Capture-1-1,1,timing_jitter,medium
60,6,0.0,1,0,0.0,0.0,0.0,60,60,0.0,1,0,0,0,1.0,0.0,1,1,0.0,0.0,0,1,0,0,0,0,0,1,1.0,0.0,0.0,0.0,0.0,0.0,0.0,0.0,0.0,0.0,0.0,0.0,0.0,0.0,0.0,0.0,0.0,0.0,0.11015802078879006,0.0,0.0,0.0,0.0,1.0,0.11015802078879006,0.0,0,1,0,0,0,0,11.015802078879005,malicious,1,PartOfAHorizontalPortScan,CTU-IoT-Malware-Capture-1-1,1,timing_jitter,medium
160,6,1.738289,3,0,1.7258350021199007,0.0,0.0,160,160,0.0,2,1,0,0,2.0,0.0,1,1,0.0,0.0,0,0,0,0,1,0,0,1,0.0,0.0,0.0,1.0,0.0,0.0,0.0,0.0,0.0,0.0,0.0,0.0,0.0,0.0,0.0,0.0,1.738289,0.0,0.4027179644261734,0.0,0.0,0.0,0.0,1.0,0.4027179644261734,0.0,0,1,0,0,0,0,40.271796442617344,malicious,1,PartOfAHorizontalPortScan,CTU-IoT-Malware-Capture-1-1,1,timing_jitter,medium
180,6,2.999076,3,0,1.000308094893227,0.0,0.0,180,180,0.0,3,0,0,0,3.0,0.0,1,1,0.0,0.0,0,1,0,0,0,0,0,1,1.0,0.0,0.0,0.0,0.0,0.0,0.0,0.0,0.0,0.0,0.0,0.0,0.0,0.0,0.0,0.0,2.999076,0.0,0.5290220351355207,0.0,0.0,0.0,0.0,1.0,0.5290220351355207,0.0,0,1,0,0,0,0,52.90220351355207,malicious,1,PartOfAHorizontalPortScan,CTU-IoT-Malware-Capture-1-1,1,timing_jitter,medium
40,17,0.0,1,0,0.0,0.0,0.0,40,40,0.0,1,0,0,0,1.0,0.0,1,1,0.0,0.0,0,1,0,0,0,0,0,1,1.0,0.0,0.0,0.0,0.0,0.0,0.0,0.0,0.0,0.0,0.0,0.0,0.0,0.0,0.0,0.0,0.0,0.0,0.0,0.0,0.0,0.0,0.0,1.0,0.0,1.0,0,0,0,0,0,0,0.0,benign,0,-,CTU-IoT-Malware-Capture-1-1,0,none,none
40,17,0.0,1,0,0.0,0.0,0.0,40,40,0.0,1,0,0,0,1.0,0.0,1,1,0.0,0.0,0,1,0,0,0,0,0,1,1.0,0.0,0.0,0.0,0.0,0.0,0.0,0.0,0.0,0.0,0.0,0.0,0.0,0.0,0.0,0.0,0.0,0.0,0.0,0.0,0.0,0.0,0.0,1.0,0.0,1.0,0,0,0,0,0,0,0.0,benign,0,-,CTU-IoT-Malware-Capture-1-1,0,none,none
60,6,0.0,1,0,0.0,0.0,0.0,60,60,0.0,1,0,0,0,1.0,0.0,1,1,0.0,0.0,0,1,0,0,0,0,0,1,1.0,0.0,0.0,0.0,0.0,0.0,0.0,0.0,0.0,0.0,0.0,0.0,0.0,0.0,0.0,0.0,0.0,0.0,0.06230709808118791,0.0,0.0,0.0,0.0,1.0,0.06230709808118791,0.0,0,1,0,0,0,0,6.230709808118791,malicious,1,PartOfAHorizontalPortScan,CTU-IoT-Malware-Capture-1-1,1,timing_jitter,medium
180,6,2.998557,3,0,1.0004812314723381,0.0,0.0,180,180,0.0,3,0,0,0,3.0,0.0,1,1,0.0,0.0,0,1,0,0,0,0,0,1,1.0,0.0,0.0,0.0,0.0,0.0,0.0,0.0,0.0,0.0,0.0,0.0,0.0,0.0,0.0,0.0,2.998557,0.0,0.18810661695722863,0.0,0.0,0.0,0.0,1.0,0.18810661695722863,0.0,0,1,0,0,0,0,18.810661695722864,malicious,1,PartOfAHorizontalPortScan,CTU-IoT-Malware-Capture-1-1,1,timing_jitter,medium
60,6,0.0,1,0,0.0,0.0,0.0,60,60,0.0,1,0,0,0,1.0,0.0,1,1,0.0,0.0,0,1,0,0,0,0,0,1,1.0,0.0,0.0,0.0,0.0,0.0,0.0,0.0,0.0,0.0,0.0,0.0,0.0,0.0,0.0,0.0,0.0,0.0,0.744314433194289,0.0,0.0,0.0,0.0,1.0,0.744314433194289,0.0,0,1,0,0,0,0,74.43144331942891,malicious,1,PartOfAHorizontalPortScan,CTU-IoT-Malware-Capture-1-1,1,timing_jitter,medium
40,17,0.0,1,0,0.0,0.0,0.0,40,40,0.0,1,0,0,0,1.0,0.0,1,1,0.0,0.0,0,1,0,0,0,0,0,1,1.0,0.0,0.0,0.0,0.0,0.0,0.0,0.0,0.0,0.0,0.0,0.0,0.0,0.0,0.0,0.0,0.0,0.0,0.0,0.0,0.0,0.0,0.0,1.0,0.0,1.0,0,0,0,0,0,0,0.0,benign,0,-,CTU-IoT-Malware-Capture-1-1,0,none,none
40,17,0.0,1,0,0.0,0.0,0.0,40,40,0.0,1,0,0,0,1.0,0.0,1,1,0.0,0.0,0,1,0,0,0,0,0,1,1.0,0.0,0.0,0.0,0.0,0.0,0.0,0.0,0.0,0.0,0.0,0.0,0.0,0.0,0.0,0.0,0.0,0.0,0.0,0.0,0.0,0.0,0.0,1.0,0.0,1.0,0,0,0,0,0,0,0.0,benign,0,-,CTU-IoT-Malware-Capture-1-1,0,none,none
40,17,0.0,1,0,0.0,0.0,0.0,40,40,0.0,1,0,0,0,1.0,0.0,1,1,0.0,0.0,0,1,0,0,0,0,0,1,1.0,0.0,0.0,0.0,0.0,0.0,0.0,0.0,0.0,0.0,0.0,0.0,0.0,0.0,0.0,0.0,0.0,0.0,0.0,0.0,0.0,0.0,0.0,1.0,0.0,1.0,0,0,0,0,0,0,0.0,benign,0,-,CTU-IoT-Malware-Capture-1-1,0,none,none
40,17,0.0,1,0,0.0,0.0,0.0,40,40,0.0,1,0,0,0,1.0,0.0,1,1,0.0,0.0,0,1,0,0,0,0,0,1,1.0,0.0,0.0,0.0,0.0,0.0,0.0,0.0,0.0,0.0,0.0,0.0,0.0,0.0,0.0,0.0,0.0,0.0,0.0,0.0,0.0,0.0,0.0,1.0,0.0,1.0,0,0,0,0,0,0,0.0,benign,0,-,CTU-IoT-Malware-Capture-1-1,0,none,none
40,17,0.0,1,0,0.0,0.0,0.0,40,40,0.0,1,0,0,0,1.0,0.0,1,1,0.0,0.0,0,1,0,0,0,0,0,1,1.0,0.0,0.0,0.0,0.0,0.0,0.0,0.0,0.0,0.0,0.0,0.0,0.0,0.0,0.0,0.0,0.0,0.0,0.0,0.0,0.0,0.0,0.0,1.0,0.0,1.0,0,0,0,0,0,0,0.0,benign,0,-,CTU-IoT-Malware-Capture-1-1,0,none,none
60,6,0.0,1,0,0.0,0.0,0.0,60,60,0.0,1,0,0,0,1.0,0.0,1,1,0.0,0.0,0,1,0,0,0,0,0,1,1.0,0.0,0.0,0.0,0.0,0.0,0.0,0.0,0.0,0.0,0.0,0.0,0.0,0.0,0.0,0.0,0.0,0.0,0.35537228232716095,0.0,0.0,0.0,0.0,1.0,0.35537228232716095,0.0,0,1,0,0,0,0,35.537228232716096,malicious,1,PartOfAHorizontalPortScan,CTU-IoT-Malware-Capture-1-1,1,timing_jitter,medium
60,6,0.0,1,0,0.0,0.0,0.0,60,60,0.0,1,0,0,0,1.0,0.0,1,1,0.0,0.0,0,1,0,0,0,0,0,1,1.0,0.0,0.0,0.0,0.0,0.0,0.0,0.0,0.0,0.0,0.0,0.0,0.0,0.0,0.0,0.0,0.0,0.0,0.01898016127158888,0.0,0.0,0.0,0.0,1.0,0.01898016127158888,0.0,0,1,0,0,0,0,1.8980161271588878,malicious,1,PartOfAHorizontalPortScan,CTU-IoT-Malware-Capture-1-1,1,timing_jitter,medium
40,17,0.0,1,0,0.0,0.0,0.0,40,40,0.0,1,0,0,0,1.0,0.0,1,1,0.0,0.0,0,1,0,0,0,0,0,1,1.0,0.0,0.0,0.0,0.0,0.0,0.0,0.0,0.0,0.0,0.0,0.0,0.0,0.0,0.0,0.0,0.0,0.0,0.0,0.0,0.0,0.0,0.0,1.0,0.0,1.0,0,0,0,0,0,0,0.0,benign,0,-,CTU-IoT-Malware-Capture-1-1,0,none,none
56,1,0.0,1,0,0.0,0.0,0.0,56,56,0.0,1,0,0,0,1.0,0.0,1,0,0.0,0.0,0,0,0,0,0,0,0,0,0.0,0.0,0.0,0.0,0.0,0.0,0.0,0.0,0.0,0.0,0.0,0.0,0.0,0.0,0.0,0.0,0.0,0.0,0.0,0.0,0.0,0.0,0.0,1.0,0.0,1.0,0,0,0,0,0,0,0.0,benign,0,-,CTU-IoT-Malware-Capture-1-1,0,none,none
180,6,2.998821,3,0,1.0003931545097224,0.0,0.0,180,180,0.0,3,0,0,0,3.0,0.0,1,1,0.0,0.0,0,1,0,0,0,0,0,1,1.0,0.0,0.0,0.0,0.0,0.0,0.0,0.0,0.0,0.0,0.0,0.0,0.0,0.0,0.0,0.0,2.998821,0.0,0.01,0.0,0.0,0.0,0.0,1.0,0.01,0.0,0,1,0,0,0,0,1.0,malicious,1,PartOfAHorizontalPortScan,CTU-IoT-Malware-Capture-1-1,1,timing_jitter,medium
40,17,0.0,1,0,0.0,0.0,0.0,40,40,0.0,1,0,0,0,1.0,0.0,1,1,0.0,0.0,0,1,0,0,0,0,0,1,1.0,0.0,0.0,0.0,0.0,0.0,0.0,0.0,0.0,0.0,0.0,0.0,0.0,0.0,0.0,0.0,0.0,0.0,0.0,0.0,0.0,0.0,0.0,1.0,0.0,1.0,0,0,0,0,0,0,0.0,benign,0,-,CTU-IoT-Malware-Capture-1-1,0,none,none
40,17,0.0,1,0,0.0,0.0,0.0,40,40,0.0,1,0,0,0,1.0,0.0,1,1,0.0,0.0,0,1,0,0,0,0,0,1,1.0,0.0,0.0,0.0,0.0,0.0,0.0,0.0,0.0,0.0,0.0,0.0,0.0,0.0,0.0,0.0,0.0,0.0,0.0,0.0,0.0,0.0,0.0,1.0,0.0,1.0,0,0,0,0,0,0,0.0,benign,0,-,CTU-IoT-Malware-Capture-1-1,0,none,none
60,6,0.0,1,0,0.0,0.0,0.0,60,60,0.0,1,0,0,0,1.0,0.0,1,1,0.0,0.0,0,1,0,0,0,0,0,1,1.0,0.0,0.0,0.0,0.0,0.0,0.0,0.0,0.0,0.0,0.0,0.0,0.0,0.0,0.0,0.0,0.0,0.0,0.17278085346296382,0.0,0.0,0.0,0.0,1.0,0.17278085346296382,0.0,0,1,0,0,0,0,17.278085346296383,malicious,1,PartOfAHorizontalPortScan,CTU-IoT-Malware-Capture-1-1,1,timing_jitter,medium
60,6,0.0,1,0,0.0,0.0,0.0,60,60,0.0,1,0,0,0,1.0,0.0,1,1,0.0,0.0,0,1,0,0,0,0,0,1,1.0,0.0,0.0,0.0,0.0,0.0,0.0,0.0,0.0,0.0,0.0,0.0,0.0,0.0,0.0,0.0,0.0,0.0,0.9767725319759076,0.0,0.0,0.0,0.0,1.0,0.9767725319759076,0.0,0,1,0,0,0,0,97.67725319759076,malicious,1,PartOfAHorizontalPortScan,CTU-IoT-Malware-Capture-1-1,1,timing_jitter,medium
40,17,0.0,1,0,0.0,0.0,0.0,40,40,0.0,1,0,0,0,1.0,0.0,1,1,0.0,0.0,0,1,0,0,0,0,0,1,1.0,0.0,0.0,0.0,0.0,0.0,0.0,0.0,0.0,0.0,0.0,0.0,0.0,0.0,0.0,0.0,0.0,0.0,0.0,0.0,0.0,0.0,0.0,1.0,0.0,1.0,0,0,0,0,0,0,0.0,benign,0,-,CTU-IoT-Malware-Capture-1-1,0,none,none
60,6,0.0,1,0,0.0,0.0,0.0,60,60,0.0,1,0,0,0,1.0,0.0,1,1,0.0,0.0,0,1,0,0,0,0,0,1,1.0,0.0,0.0,0.0,0.0,0.0,0.0,0.0,0.0,0.0,0.0,0.0,0.0,0.0,0.0,0.0,0.0,0.0,1.0,0.0,0.0,0.0,0.0,1.0,1.0,0.0,0,1,0,0,0,0,100.0,malicious,1,PartOfAHorizontalPortScan,CTU-IoT-Malware-Capture-1-1,1,timing_jitter,medium
60,6,0.0,1,0,0.0,0.0,0.0,60,60,0.0,1,0,0,0,1.0,0.0,1,1,0.0,0.0,0,1,0,0,0,0,0,1,1.0,0.0,0.0,0.0,0.0,0.0,0.0,0.0,0.0,0.0,0.0,0.0,0.0,0.0,0.0,0.0,0.0,0.0,0.7471393070019633,0.0,0.0,0.0,0.0,1.0,0.7471393070019633,0.0,0,1,0,0,0,0,74.71393070019633,malicious,1,PartOfAHorizontalPortScan,CTU-IoT-Malware-Capture-1-1,1,timing_jitter,medium
100,6,0.304093,2,0,6.576935345437087,0.0,0.0,100,100,0.0,1,1,0,0,1.0,0.0,1,1,0.0,0.0,0,0,0,0,1,0,0,1,0.0,0.0,0.0,1.0,0.0,0.0,0.0,0.0,0.0,0.0,0.0,0.0,0.0,0.0,0.0,0.0,0.304093,0.0,0.9108406210943799,0.0,0.0,0.0,0.0,1.0,0.9108406210943799,0.0,0,1,0,0,0,0,91.084062109438,malicious,1,PartOfAHorizontalPortScan,CTU-IoT-Malware-Capture-1-1,1,timing_jitter,medium
40,17,0.0,1,0,0.0,0.0,0.0,40,40,0.0,1,0,0,0,1.0,0.0,1,1,0.0,0.0,0,1,0,0,0,0,0,1,1.0,0.0,0.0,0.0,0.0,0.0,0.0,0.0,0.0,0.0,0.0,0.0,0.0,0.0,0.0,0.0,0.0,0.0,0.0,0.0,0.0,0.0,0.0,1.0,0.0,1.0,0,0,0,0,0,0,0.0,benign,0,-,CTU-IoT-Malware-Capture-1-1,0,none,none
60,6,0.0,1,0,0.0,0.0,0.0,60,60,0.0,1,0,0,0,1.0,0.0,1,1,0.0,0.0,0,1,0,0,0,0,0,1,1.0,0.0,0.0,0.0,0.0,0.0,0.0,0.0,0.0,0.0,0.0,0.0,0.0,0.0,0.0,0.0,0.0,0.0,1.0,0.0,0.0,0.0,0.0,1.0,1.0,0.0,0,1,0,0,0,0,100.0,malicious,1,PartOfAHorizontalPortScan,CTU-IoT-Malware-Capture-1-1,1,timing_jitter,medium
60,6,0.0,1,0,0.0,0.0,0.0,60,60,0.0,1,0,0,0,1.0,0.0,1,1,0.0,0.0,0,1,0,0,0,0,0,1,1.0,0.0,0.0,0.0,0.0,0.0,0.0,0.0,0.0,0.0,0.0,0.0,0.0,0.0,0.0,0.0,0.0,0.0,1.0,0.0,0.0,0.0,0.0,1.0,1.0,0.0,0,1,0,0,0,0,100.0,malicious,1,PartOfAHorizontalPortScan,CTU-IoT-Malware-Capture-1-1,1,timing_jitter,medium
176,1,3.16396,2,120,0.6321192429739947,37.927154578439676,60.0,176,176,0.0,2,0,120,0,2.0,120.0,1,1,0.0,0.0,0,0,0,0,0,0,0,0,0.0,0.0,0.0,0.0,0.0,0.0,0.0,0.0,0.0,0.0,0.0,0.0,0.0,0.0,0.0,0.0,3.16396,0.0,0.0,0.0,0.0,0.0,0.0,1.0,0.0,1.0,0,0,0,0,0,0,0.0,benign,0,-,CTU-IoT-Malware-Capture-1-1,0,none,none
60,6,0.0,1,0,0.0,0.0,0.0,60,60,0.0,1,0,0,0,1.0,0.0,1,1,0.0,0.0,0,1,0,0,0,0,0,1,1.0,0.0,0.0,0.0,0.0,0.0,0.0,0.0,0.0,0.0,0.0,0.0,0.0,0.0,0.0,0.0,0.0,0.0,0.01243132294574775,0.0,0.0,0.0,0.0,1.0,0.01243132294574775,0.0,0,1,0,0,0,0,1.2431322945747751,malicious,1,PartOfAHorizontalPortScan,CTU-IoT-Malware-Capture-1-1,1,timing_jitter,medium
40,17,0.0,1,0,0.0,0.0,0.0,40,40,0.0,1,0,0,0,1.0,0.0,1,1,0.0,0.0,0,1,0,0,0,0,0,1,1.0,0.0,0.0,0.0,0.0,0.0,0.0,0.0,0.0,0.0,0.0,0.0,0.0,0.0,0.0,0.0,0.0,0.0,0.0,0.0,0.0,0.0,0.0,1.0,0.0,1.0,0,0,0,0,0,0,0.0,benign,0,-,CTU-IoT-Malware-Capture-1-1,0,none,none
40,17,0.0,1,0,0.0,0.0,0.0,40,40,0.0,1,0,0,0,1.0,0.0,1,1,0.0,0.0,0,1,0,0,0,0,0,1,1.0,0.0,0.0,0.0,0.0,0.0,0.0,0.0,0.0,0.0,0.0,0.0,0.0,0.0,0.0,0.0,0.0,0.0,0.0,0.0,0.0,0.0,0.0,1.0,0.0,1.0,0,0,0,0,0,0,0.0,benign,0,-,CTU-IoT-Malware-Capture-1-1,0,none,none
40,17,0.0,1,0,0.0,0.0,0.0,40,40,0.0,1,0,0,0,1.0,0.0,1,1,0.0,0.0,0,1,0,0,0,0,0,1,1.0,0.0,0.0,0.0,0.0,0.0,0.0,0.0,0.0,0.0,0.0,0.0,0.0,0.0,0.0,0.0,0.0,0.0,0.0,0.0,0.0,0.0,0.0,1.0,0.0,1.0,0,0,0,0,0,0,0.0,benign,0,-,CTU-IoT-Malware-Capture-1-1,0,none,none
180,6,2.999062,3,0,1.0003127644576872,0.0,0.0,180,180,0.0,3,0,0,0,3.0,0.0,1,1,0.0,0.0,0,1,0,0,0,0,0,1,1.0,0.0,0.0,0.0,0.0,0.0,0.0,0.0,0.0,0.0,0.0,0.0,0.0,0.0,0.0,0.0,2.999062,0.0,0.9871937743689558,0.0,0.0,0.0,0.0,1.0,0.9871937743689558,0.0,0,1,0,0,0,0,98.71937743689558,malicious,1,PartOfAHorizontalPortScan,CTU-IoT-Malware-Capture-1-1,1,timing_jitter,medium
180,6,2.998827,3,0,1.0003911529407998,0.0,0.0,180,180,0.0,3,0,0,0,3.0,0.0,1,1,0.0,0.0,0,1,0,0,0,0,0,1,1.0,0.0,0.0,0.0,0.0,0.0,0.0,0.0,0.0,0.0,0.0,0.0,0.0,0.0,0.0,0.0,2.998827,0.0,0.03729406160794565,0.0,0.0,0.0,0.0,1.0,0.03729406160794565,0.0,0,1,0,0,0,0,3.7294061607945648,malicious,1,PartOfAHorizontalPortScan,CTU-IoT-Malware-Capture-1-1,1,timing_jitter,medium
40,17,0.0,1,0,0.0,0.0,0.0,40,40,0.0,1,0,0,0,1.0,0.0,1,1,0.0,0.0,0,1,0,0,0,0,0,1,1.0,0.0,0.0,0.0,0.0,0.0,0.0,0.0,0.0,0.0,0.0,0.0,0.0,0.0,0.0,0.0,0.0,0.0,0.0,0.0,0.0,0.0,0.0,1.0,0.0,1.0,0,0,0,0,0,0,0.0,benign,0,-,CTU-IoT-Malware-Capture-1-1,0,none,none
60,6,0.0,1,0,0.0,0.0,0.0,60,60,0.0,1,0,0,0,1.0,0.0,1,1,0.0,0.0,0,1,0,0,0,0,0,1,1.0,0.0,0.0,0.0,0.0,0.0,0.0,0.0,0.0,0.0,0.0,0.0,0.0,0.0,0.0,0.0,0.0,0.0,1.0,0.0,0.0,0.0,0.0,1.0,1.0,0.0,0,1,0,0,0,0,100.0,malicious,1,PartOfAHorizontalPortScan,CTU-IoT-Malware-Capture-1-1,1,timing_jitter,medium
60,6,0.0,1,0,0.0,0.0,0.0,60,60,0.0,1,0,0,0,1.0,0.0,1,1,0.0,0.0,0,1,0,0,0,0,0,1,1.0,0.0,0.0,0.0,0.0,0.0,0.0,0.0,0.0,0.0,0.0,0.0,0.0,0.0,0.0,0.0,0.0,0.0,0.2813141348380503,0.0,0.0,0.0,0.0,1.0,0.2813141348380503,0.0,0,1,0,0,0,0,28.131413483805026,malicious,1,PartOfAHorizontalPortScan,CTU-IoT-Malware-Capture-1-1,1,timing_jitter,medium
40,17,0.0,1,0,0.0,0.0,0.0,40,40,0.0,1,0,0,0,1.0,0.0,1,1,0.0,0.0,0,1,0,0,0,0,0,1,1.0,0.0,0.0,0.0,0.0,0.0,0.0,0.0,0.0,0.0,0.0,0.0,0.0,0.0,0.0,0.0,0.0,0.0,0.0,0.0,0.0,0.0,0.0,1.0,0.0,1.0,0,0,0,0,0,0,0.0,benign,0,-,CTU-IoT-Malware-Capture-1-1,0,none,none
60,6,0.0,1,0,0.0,0.0,0.0,60,60,0.0,1,0,0,0,1.0,0.0,1,1,0.0,0.0,0,1,0,0,0,0,0,1,1.0,0.0,0.0,0.0,0.0,0.0,0.0,0.0,0.0,0.0,0.0,0.0,0.0,0.0,0.0,0.0,0.0,0.0,0.6537050420121946,0.0,0.0,0.0,0.0,1.0,0.6537050420121946,0.0,0,1,0,0,0,0,65.37050420121946,malicious,1,PartOfAHorizontalPortScan,CTU-IoT-Malware-Capture-1-1,1,timing_jitter,medium
152,17,0.003983,2,96,502.13406979663563,24102.43535023851,48.0,152,152,0.0,1,1,48,48,1.0,1.0,1,1,0.0,0.0,0,1,0,1,0,0,0,2,0.5,0.0,0.5,0.0,0.0,0.0,0.0,0.0,0.0,0.0,0.0,0.0,0.0,0.0,0.0,0.0,0.003983,0.0,0.0,0.0,0.0,0.0,0.0,1.0,0.0,1.0,0,0,0,0,0,0,0.0,benign,0,-,CTU-IoT-Malware-Capture-1-1,0,none,none
40,17,0.0,1,0,0.0,0.0,0.0,40,40,0.0,1,0,0,0,1.0,0.0,1,1,0.0,0.0,0,1,0,0,0,0,0,1,1.0,0.0,0.0,0.0,0.0,0.0,0.0,0.0,0.0,0.0,0.0,0.0,0.0,0.0,0.0,0.0,0.0,0.0,0.0,0.0,0.0,0.0,0.0,1.0,0.0,1.0,0,0,0,0,0,0,0.0,benign,0,-,CTU-IoT-Malware-Capture-1-1,0,none,none
60,6,0.0,1,0,0.0,0.0,0.0,60,60,0.0,1,0,0,0,1.0,0.0,1,1,0.0,0.0,0,1,0,0,0,0,0,1,1.0,0.0,0.0,0.0,0.0,0.0,0.0,0.0,0.0,0.0,0.0,0.0,0.0,0.0,0.0,0.0,0.0,0.0,0.7018412818302079,0.0,0.0,0.0,0.0,1.0,0.7018412818302079,0.0,0,1,0,0,0,0,70.18412818302079,malicious,1,PartOfAHorizontalPortScan,CTU-IoT-Malware-Capture-1-1,1,timing_jitter,medium
180,6,2.999056,3,0,1.0003147657129443,0.0,0.0,180,180,0.0,3,0,0,0,3.0,0.0,1,1,0.0,0.0,0,1,0,0,0,0,0,1,1.0,0.0,0.0,0.0,0.0,0.0,0.0,0.0,0.0,0.0,0.0,0.0,0.0,0.0,0.0,0.0,2.999056,0.0,1.0,0.0,0.0,0.0,0.0,1.0,1.0,0.0,0,1,0,0,0,0,100.0,malicious,1,PartOfAHorizontalPortScan,CTU-IoT-Malware-Capture-1-1,1,timing_jitter,medium
40,17,0.0,1,0,0.0,0.0,0.0,40,40,0.0,1,0,0,0,1.0,0.0,1,1,0.0,0.0,0,1,0,0,0,0,0,1,1.0,0.0,0.0,0.0,0.0,0.0,0.0,0.0,0.0,0.0,0.0,0.0,0.0,0.0,0.0,0.0,0.0,0.0,0.0,0.0,0.0,0.0,0.0,1.0,0.0,1.0,0,0,0,0,0,0,0.0,benign,0,-,CTU-IoT-Malware-Capture-1-1,0,none,none
40,17,0.0,1,0,0.0,0.0,0.0,40,40,0.0,1,0,0,0,1.0,0.0,1,1,0.0,0.0,0,1,0,0,0,0,0,1,1.0,0.0,0.0,0.0,0.0,0.0,0.0,0.0,0.0,0.0,0.0,0.0,0.0,0.0,0.0,0.0,0.0,0.0,0.0,0.0,0.0,0.0,0.0,1.0,0.0,1.0,0,0,0,0,0,0,0.0,benign,0,-,CTU-IoT-Malware-Capture-1-1,0,none,none
60,6,0.0,1,0,0.0,0.0,0.0,60,60,0.0,1,0,0,0,1.0,0.0,1,1,0.0,0.0,0,1,0,0,0,0,0,1,1.0,0.0,0.0,0.0,0.0,0.0,0.0,0.0,0.0,0.0,0.0,0.0,0.0,0.0,0.0,0.0,0.0,0.0,0.0,0.0,0.0,0.0,0.0,1.0,0.0,1.0,0,0,0,0,0,0,0.0,benign,0,-,CTU-IoT-Malware-Capture-1-1,0,none,none
60,6,0.0,1,0,0.0,0.0,0.0,60,60,0.0,1,0,0,0,1.0,0.0,1,1,0.0,0.0,0,1,0,0,0,0,0,1,1.0,0.0,0.0,0.0,0.0,0.0,0.0,0.0,0.0,0.0,0.0,0.0,0.0,0.0,0.0,0.0,0.0,0.0,0.7241132512509287,0.0,0.0,0.0,0.0,1.0,0.7241132512509287,0.0,0,1,0,0,0,0,72.41132512509287,malicious,1,PartOfAHorizontalPortScan,CTU-IoT-Malware-Capture-1-1,1,timing_jitter,medium
40,17,0.0,1,0,0.0,0.0,0.0,40,40,0.0,1,0,0,0,1.0,0.0,1,1,0.0,0.0,0,1,0,0,0,0,0,1,1.0,0.0,0.0,0.0,0.0,0.0,0.0,0.0,0.0,0.0,0.0,0.0,0.0,0.0,0.0,0.0,0.0,0.0,0.0,0.0,0.0,0.0,0.0,1.0,0.0,1.0,0,0,0,0,0,0,0.0,benign,0,-,CTU-IoT-Malware-Capture-1-1,0,none,none
60,6,0.0,1,0,0.0,0.0,0.0,60,60,0.0,1,0,0,0,1.0,0.0,1,1,0.0,0.0,0,1,0,0,0,0,0,1,1.0,0.0,0.0,0.0,0.0,0.0,0.0,0.0,0.0,0.0,0.0,0.0,0.0,0.0,0.0,0.0,0.0,0.0,0.0,0.0,0.0,0.0,0.0,1.0,0.0,1.0,0,0,0,0,0,0,0.0,benign,0,-,CTU-IoT-Malware-Capture-1-1,0,none,none
40,17,0.0,1,0,0.0,0.0,0.0,40,40,0.0,1,0,0,0,1.0,0.0,1,1,0.0,0.0,0,1,0,0,0,0,0,1,1.0,0.0,0.0,0.0,0.0,0.0,0.0,0.0,0.0,0.0,0.0,0.0,0.0,0.0,0.0,0.0,0.0,0.0,0.0,0.0,0.0,0.0,0.0,1.0,0.0,1.0,0,0,0,0,0,0,0.0,benign,0,-,CTU-IoT-Malware-Capture-1-1,0,none,none
60,6,0.0,1,0,0.0,0.0,0.0,60,60,0.0,1,0,0,0,1.0,0.0,1,1,0.0,0.0,0,1,0,0,0,0,0,1,1.0,0.0,0.0,0.0,0.0,0.0,0.0,0.0,0.0,0.0,0.0,0.0,0.0,0.0,0.0,0.0,0.0,0.0,0.7093396583617836,0.0,0.0,0.0,0.0,1.0,0.7093396583617836,0.0,0,1,0,0,0,0,70.93396583617836,malicious,1,PartOfAHorizontalPortScan,CTU-IoT-Malware-Capture-1-1,1,timing_jitter,medium
40,17,0.0,1,0,0.0,0.0,0.0,40,40,0.0,1,0,0,0,1.0,0.0,1,1,0.0,0.0,0,1,0,0,0,0,0,1,1.0,0.0,0.0,0.0,0.0,0.0,0.0,0.0,0.0,0.0,0.0,0.0,0.0,0.0,0.0,0.0,0.0,0.0,0.0,0.0,0.0,0.0,0.0,1.0,0.0,1.0,0,0,0,0,0,0,0.0,benign,0,-,CTU-IoT-Malware-Capture-1-1,0,none,none
40,17,0.0,1,0,0.0,0.0,0.0,40,40,0.0,1,0,0,0,1.0,0.0,1,1,0.0,0.0,0,1,0,0,0,0,0,1,1.0,0.0,0.0,0.0,0.0,0.0,0.0,0.0,0.0,0.0,0.0,0.0,0.0,0.0,0.0,0.0,0.0,0.0,0.0,0.0,0.0,0.0,0.0,1.0,0.0,1.0,0,0,0,0,0,0,0.0,benign,0,-,CTU-IoT-Malware-Capture-1-1,0,none,none
40,17,0.0,1,0,0.0,0.0,0.0,40,40,0.0,1,0,0,0,1.0,0.0,1,1,0.0,0.0,0,1,0,0,0,0,0,1,1.0,0.0,0.0,0.0,0.0,0.0,0.0,0.0,0.0,0.0,0.0,0.0,0.0,0.0,0.0,0.0,0.0,0.0,0.0,0.0,0.0,0.0,0.0,1.0,0.0,1.0,0,0,0,0,0,0,0.0,benign,0,-,CTU-IoT-Malware-Capture-1-1,0,none,none
40,17,0.0,1,0,0.0,0.0,0.0,40,40,0.0,1,0,0,0,1.0,0.0,1,1,0.0,0.0,0,1,0,0,0,0,0,1,1.0,0.0,0.0,0.0,0.0,0.0,0.0,0.0,0.0,0.0,0.0,0.0,0.0,0.0,0.0,0.0,0.0,0.0,0.0,0.0,0.0,0.0,0.0,1.0,0.0,1.0,0,0,0,0,0,0,0.0,benign,0,-,CTU-IoT-Malware-Capture-1-1,0,none,none
180,6,2.998824,3,0,1.00039215372426,0.0,0.0,180,180,0.0,3,0,0,0,3.0,0.0,1,1,0.0,0.0,0,1,0,0,0,0,0,1,1.0,0.0,0.0,0.0,0.0,0.0,0.0,0.0,0.0,0.0,0.0,0.0,0.0,0.0,0.0,0.0,2.998824,0.0,1.0,0.0,0.0,0.0,0.0,1.0,1.0,0.0,0,1,0,0,0,0,100.0,malicious,1,PartOfAHorizontalPortScan,CTU-IoT-Malware-Capture-1-1,1,timing_jitter,medium
40,17,0.0,1,0,0.0,0.0,0.0,40,40,0.0,1,0,0,0,1.0,0.0,1,1,0.0,0.0,0,1,0,0,0,0,0,1,1.0,0.0,0.0,0.0,0.0,0.0,0.0,0.0,0.0,0.0,0.0,0.0,0.0,0.0,0.0,0.0,0.0,0.0,0.0,0.0,0.0,0.0,0.0,1.0,0.0,1.0,0,0,0,0,0,0,0.0,benign,0,-,CTU-IoT-Malware-Capture-1-1,0,none,none
40,17,0.0,1,0,0.0,0.0,0.0,40,40,0.0,1,0,0,0,1.0,0.0,1,1,0.0,0.0,0,1,0,0,0,0,0,1,1.0,0.0,0.0,0.0,0.0,0.0,0.0,0.0,0.0,0.0,0.0,0.0,0.0,0.0,0.0,0.0,0.0,0.0,0.0,0.0,0.0,0.0,0.0,1.0,0.0,1.0,0,0,0,0,0,0,0.0,benign,0,-,CTU-IoT-Malware-Capture-1-1,0,none,none
180,6,2.998807,3,0,1.000397824868356,0.0,0.0,180,180,0.0,3,0,0,0,3.0,0.0,1,1,0.0,0.0,0,1,0,0,0,0,0,1,1.0,0.0,0.0,0.0,0.0,0.0,0.0,0.0,0.0,0.0,0.0,0.0,0.0,0.0,0.0,0.0,2.998807,0.0,1.0,0.0,0.0,0.0,0.0,1.0,1.0,0.0,0,1,0,0,0,0,100.0,malicious,1,PartOfAHorizontalPortScan,CTU-IoT-Malware-Capture-1-1,1,timing_jitter,medium
40,17,0.0,1,0,0.0,0.0,0.0,40,40,0.0,1,0,0,0,1.0,0.0,1,1,0.0,0.0,0,1,0,0,0,0,0,1,1.0,0.0,0.0,0.0,0.0,0.0,0.0,0.0,0.0,0.0,0.0,0.0,0.0,0.0,0.0,0.0,0.0,0.0,0.0,0.0,0.0,0.0,0.0,1.0,0.0,1.0,0,0,0,0,0,0,0.0,benign,0,-,CTU-IoT-Malware-Capture-1-1,0,none,none
180,6,2.993808,3,0,1.0020682689070242,0.0,0.0,180,180,0.0,3,0,0,0,3.0,0.0,1,1,0.0,0.0,0,1,0,0,0,0,0,1,1.0,0.0,0.0,0.0,0.0,0.0,0.0,0.0,0.0,0.0,0.0,0.0,0.0,0.0,0.0,0.0,2.993808,0.0,0.4964781223652779,0.0,0.0,0.0,0.0,1.0,0.4964781223652779,0.0,0,1,0,0,0,0,49.64781223652779,malicious,1,PartOfAHorizontalPortScan,CTU-IoT-Malware-Capture-1-1,1,timing_jitter,medium
180,6,2.998825,3,0,1.0003918201295507,0.0,0.0,180,180,0.0,3,0,0,0,3.0,0.0,1,1,0.0,0.0,0,1,0,0,0,0,0,1,1.0,0.0,0.0,0.0,0.0,0.0,0.0,0.0,0.0,0.0,0.0,0.0,0.0,0.0,0.0,0.0,2.998825,0.0,0.30954276689580107,0.0,0.0,0.0,0.0,1.0,0.30954276689580107,0.0,0,1,0,0,0,0,30.95427668958011,malicious,1,PartOfAHorizontalPortScan,CTU-IoT-Malware-Capture-1-1,1,timing_jitter,medium
180,6,2.998556,3,0,1.000481565126681,0.0,0.0,180,180,0.0,3,0,0,0,3.0,0.0,1,1,0.0,0.0,0,1,0,0,0,0,0,1,1.0,0.0,0.0,0.0,0.0,0.0,0.0,0.0,0.0,0.0,0.0,0.0,0.0,0.0,0.0,0.0,2.998556,0.0,0.4723431754280531,0.0,0.0,0.0,0.0,1.0,0.4723431754280531,0.0,0,1,0,0,0,0,47.23431754280531,malicious,1,PartOfAHorizontalPortScan,CTU-IoT-Malware-Capture-1-1,1,timing_jitter,medium
60,6,0.0,1,0,0.0,0.0,0.0,60,60,0.0,1,0,0,0,1.0,0.0,1,1,0.0,0.0,0,1,0,0,0,0,0,1,1.0,0.0,0.0,0.0,0.0,0.0,0.0,0.0,0.0,0.0,0.0,0.0,0.0,0.0,0.0,0.0,0.0,0.0,0.059529505025799526,0.0,0.0,0.0,0.0,1.0,0.059529505025799526,0.0,0,1,0,0,0,0,5.952950502579952,malicious,1,PartOfAHorizontalPortScan,CTU-IoT-Malware-Capture-1-1,1,timing_jitter,medium
60,6,0.0,1,0,0.0,0.0,0.0,60,60,0.0,1,0,0,0,1.0,0.0,1,1,0.0,0.0,0,1,0,0,0,0,0,1,1.0,0.0,0.0,0.0,0.0,0.0,0.0,0.0,0.0,0.0,0.0,0.0,0.0,0.0,0.0,0.0,0.0,0.0,0.01,0.0,0.0,0.0,0.0,1.0,0.01,0.0,0,1,0,0,0,0,1.0,malicious,1,PartOfAHorizontalPortScan,CTU-IoT-Malware-Capture-1-1,1,timing_jitter,medium
